desc: --pages-as-heap=yes --massif-out-file=valgrind_massif.out
cmd: ./build/hai819i_moteur_jeux_debug
time_unit: i
#-----------
snapshot=0
#-----------
time=0
mem_heap_B=471040
mem_heap_extra_B=0
mem_stacks_B=0
heap_tree=empty
#-----------
snapshot=1
#-----------
time=21632600
mem_heap_B=72581120
mem_heap_extra_B=0
mem_stacks_B=0
heap_tree=empty
#-----------
snapshot=2
#-----------
time=42690427
mem_heap_B=74309632
mem_heap_extra_B=0
mem_stacks_B=0
heap_tree=empty
#-----------
snapshot=3
#-----------
time=80456605
mem_heap_B=74268672
mem_heap_extra_B=0
mem_stacks_B=0
heap_tree=empty
#-----------
snapshot=4
#-----------
time=102850469
mem_heap_B=74702848
mem_heap_extra_B=0
mem_stacks_B=0
heap_tree=detailed
n4: 74702848 (page allocation syscalls) mmap/mremap/brk, --alloc-fns, etc.
 n0: 53116928 0x0: ???
 n1: 19599360 0x402485C: __mmap64 (mmap64.c:58)
  n3: 19599360 0x402485C: mmap (mmap64.c:46)
   n1: 13398016 0x4007822: _dl_map_segment (dl-map-segments.h:30)
    n1: 13398016 0x4007822: _dl_map_segments (dl-map-segments.h:102)
     n1: 13398016 0x4007822: _dl_map_object_from_fd (dl-load.c:1259)
      n2: 13398016 0x4009008: _dl_map_new_object (dl-load.c:2187)
       n1: 13135872 0x4002ABC: openaux (dl-deps.c:64)
        n1: 13135872 0x4001728: _dl_catch_exception (dl-catch.c:241)
         n2: 13135872 0x4002EEE: _dl_map_object_deps (dl-deps.c:232)
          n1: 13049856 0x4021388: dl_main (rtld.c:1947)
           n1: 13049856 0x401E055: _dl_sysdep_start (dl-sysdep.c:140)
            n1: 13049856 0x401F780: _dl_start_final (rtld.c:496)
             n1: 13049856 0x401F780: _dl_start (rtld.c:581)
              n0: 13049856 0x401E5C7: ??? (in /usr/lib64/ld-linux-x86-64.so.2)
          n0: 86016 in 1 place, below massif's threshold (1.00%)
       n0: 262144 in 2 places, all below massif's threshold (1.00%)
   n1: 5767168 0x4007974: _dl_map_segments (dl-map-segments.h:140)
    n1: 5767168 0x4007974: _dl_map_object_from_fd (dl-load.c:1259)
     n2: 5767168 0x4009008: _dl_map_new_object (dl-load.c:2187)
      n1: 5652480 0x4002ABC: openaux (dl-deps.c:64)
       n1: 5652480 0x4001728: _dl_catch_exception (dl-catch.c:241)
        n2: 5652480 0x4002EEE: _dl_map_object_deps (dl-deps.c:232)
         n1: 5615616 0x4021388: dl_main (rtld.c:1947)
          n1: 5615616 0x401E055: _dl_sysdep_start (dl-sysdep.c:140)
           n1: 5615616 0x401F780: _dl_start_final (rtld.c:496)
            n1: 5615616 0x401F780: _dl_start (rtld.c:581)
             n0: 5615616 0x401E5C7: ??? (in /usr/lib64/ld-linux-x86-64.so.2)
         n0: 36864 in 1 place, below massif's threshold (1.00%)
      n0: 114688 in 2 places, all below massif's threshold (1.00%)
   n0: 434176 in 3 places, all below massif's threshold (1.00%)
 n1: 1613824 0x531554B: brk (brk.c:37)
  n1: 1613824 0x531E007: __sbrk (sbrk.c:74)
   n1: 1613824 0x531E007: sbrk (sbrk.c:36)
    n1: 1613824 0x52A9F65: __glibc_morecore (morecore.c:29)
     n1: 1613824 0x52AAD57: sysmalloc (malloc.c:2477)
      n2: 1613824 0x52ABC17: _int_malloc (malloc.c:4334)
       n1: 897024 0x52ABF8E: __libc_malloc2 (malloc.c:3253)
        n0: 897024 in 4 places, all below massif's threshold (1.00%)
       n0: 716800 in 1 place, below massif's threshold (1.00%)
 n0: 372736 in 3 places, all below massif's threshold (1.00%)
#-----------
snapshot=5
#-----------
time=122380075
mem_heap_B=74825728
mem_heap_extra_B=0
mem_stacks_B=0
heap_tree=empty
#-----------
snapshot=6
#-----------
time=147635250
mem_heap_B=306675712
mem_heap_extra_B=0
mem_stacks_B=0
heap_tree=empty
#-----------
snapshot=7
#-----------
time=176843607
mem_heap_B=310697984
mem_heap_extra_B=0
mem_stacks_B=0
heap_tree=empty
#-----------
snapshot=8
#-----------
time=260647941
mem_heap_B=310644736
mem_heap_extra_B=0
mem_stacks_B=0
heap_tree=empty
#-----------
snapshot=9
#-----------
time=294799698
mem_heap_B=314044416
mem_heap_extra_B=0
mem_stacks_B=0
heap_tree=empty
#-----------
snapshot=10
#-----------
time=328696998
mem_heap_B=457994240
mem_heap_extra_B=0
mem_stacks_B=0
heap_tree=empty
#-----------
snapshot=11
#-----------
time=370311696
mem_heap_B=423976960
mem_heap_extra_B=0
mem_stacks_B=0
heap_tree=empty
#-----------
snapshot=12
#-----------
time=370418767
mem_heap_B=457666560
mem_heap_extra_B=0
mem_stacks_B=0
heap_tree=empty
#-----------
snapshot=13
#-----------
time=863658683
mem_heap_B=466059264
mem_heap_extra_B=0
mem_stacks_B=0
heap_tree=empty
#-----------
snapshot=14
#-----------
time=871568391
mem_heap_B=581537792
mem_heap_extra_B=0
mem_stacks_B=0
heap_tree=empty
#-----------
snapshot=15
#-----------
time=1117199817
mem_heap_B=566726656
mem_heap_extra_B=0
mem_stacks_B=0
heap_tree=empty
#-----------
snapshot=16
#-----------
time=2357199044
mem_heap_B=567250944
mem_heap_extra_B=0
mem_stacks_B=0
heap_tree=empty
#-----------
snapshot=17
#-----------
time=2768399809
mem_heap_B=598712320
mem_heap_extra_B=0
mem_stacks_B=0
heap_tree=empty
#-----------
snapshot=18
#-----------
time=3546291127
mem_heap_B=600809472
mem_heap_extra_B=0
mem_stacks_B=0
heap_tree=empty
#-----------
snapshot=19
#-----------
time=3546311095
mem_heap_B=600674304
mem_heap_extra_B=0
mem_stacks_B=0
heap_tree=empty
#-----------
snapshot=20
#-----------
time=4342836688
mem_heap_B=603824128
mem_heap_extra_B=0
mem_stacks_B=0
heap_tree=empty
#-----------
snapshot=21
#-----------
time=4342964952
mem_heap_B=605921280
mem_heap_extra_B=0
mem_stacks_B=0
heap_tree=detailed
n5: 605921280 (page allocation syscalls) mmap/mremap/brk, --alloc-fns, etc.
 n1: 289841152 0x531CB7C: __mmap64 (mmap64.c:58)
  n6: 289841152 0x531CB7C: mmap (mmap64.c:46)
   n1: 134217728 0x52A95C6: alloc_new_heap (arena.c:405)
    n1: 134217728 0x52A9A89: _int_new_arena (arena.c:637)
     n1: 134217728 0x52A9A89: arena_get2 (arena.c:856)
      n1: 134217728 0x52A9A89: arena_get2 (arena.c:817)
       n1: 134217728 0x52ABF36: __libc_malloc2 (malloc.c:3259)
        n2: 134217728 0x4E532FB: operator new(unsigned long) (new_op.cc:50)
         n1: 67108864 0x42EAD8: std::__new_allocator<glm::vec<3, float, (glm::qualifier)0> >::allocate(unsigned long, void const*) (new_allocator.h:162)
          n1: 67108864 0x41CD4E: allocate (allocator.h:206)
           n1: 67108864 0x41CD4E: allocate (alloc_traits.h:638)
            n1: 67108864 0x41CD4E: std::_Vector_base<glm::vec<3, float, (glm::qualifier)0>, std::allocator<glm::vec<3, float, (glm::qualifier)0> > >::_M_allocate(unsigned long) (stl_vector.h:389)
             n1: 67108864 0x41F8D9: glm::vec<3, float, (glm::qualifier)0>* std::vector<glm::vec<3, float, (glm::qualifier)0>, std::allocator<glm::vec<3, float, (glm::qualifier)0> > >::_M_allocate_and_copy<__gnu_cxx::__normal_iterator<glm::vec<3, float, (glm::qualifier)0> const*, std::vector<glm::vec<3, float, (glm::qualifier)0>, std::allocator<glm::vec<3, float, (glm::qualifier)0> > > > >(unsigned long, __gnu_cxx::__normal_iterator<glm::vec<3, float, (glm::qualifier)0> const*, std::vector<glm::vec<3, float, (glm::qualifier)0>, std::allocator<glm::vec<3, float, (glm::qualifier)0> > > >, __gnu_cxx::__normal_iterator<glm::vec<3, float, (glm::qualifier)0> const*, std::vector<glm::vec<3, float, (glm::qualifier)0>, std::allocator<glm::vec<3, float, (glm::qualifier)0> > > >) (stl_vector.h:1900)
              n1: 67108864 0x416AE9: std::vector<glm::vec<3, float, (glm::qualifier)0>, std::allocator<glm::vec<3, float, (glm::qualifier)0> > >::operator=(std::vector<glm::vec<3, float, (glm::qualifier)0>, std::allocator<glm::vec<3, float, (glm::qualifier)0> > > const&) (vector.tcc:242)
               n1: 67108864 0x401453: worldThread() (main.cpp:118)
                n1: 67108864 0x45B827: void std::__invoke_impl<void, void (*)()>(std::__invoke_other, void (*&&)()) (invoke.h:63)
                 n1: 67108864 0x45B773: std::__invoke_result<void (*)()>::type std::__invoke<void (*)()>(void (*&&)()) (invoke.h:98)
                  n1: 67108864 0x45B62B: void std::thread::_Invoker<std::tuple<void (*)()> >::_M_invoke<0ul>(std::_Index_tuple<0ul>) (std_thread.h:303)
                   n1: 67108864 0x45B565: std::thread::_Invoker<std::tuple<void (*)()> >::operator()() (std_thread.h:310)
                    n1: 67108864 0x45B4DD: std::thread::_State_impl<std::thread::_Invoker<std::tuple<void (*)()> > >::_M_run() (std_thread.h:255)
                     n1: 67108864 0x4E843B5: execute_native_thread_routine (thread.cc:105)
                      n1: 67108864 0x529C758: start_thread (pthread_create.c:454)
                       n0: 67108864 0x5320733: clone (clone.S:100)
         n1: 67108864 0x432F3E: std::__new_allocator<char>::allocate(unsigned long, void const*) (new_allocator.h:162)
          n1: 67108864 0x43A0FA: allocate (allocator.h:206)
           n1: 67108864 0x43A0FA: allocate (alloc_traits.h:638)
            n1: 67108864 0x43A0FA: std::_Vector_base<char, std::allocator<char> >::_M_allocate(unsigned long) (stl_vector.h:389)
             n1: 67108864 0x43790A: std::_Vector_base<char, std::allocator<char> >::_M_create_storage(unsigned long) (stl_vector.h:407)
              n1: 67108864 0x4344BA: std::_Vector_base<char, std::allocator<char> >::_Vector_base(unsigned long, std::allocator<char> const&) (stl_vector.h:341)
               n1: 67108864 0x430B2C: std::vector<char, std::allocator<char> >::vector(unsigned long, std::allocator<char> const&) (stl_vector.h:577)
                n1: 67108864 0x42C986: filewatch::FileWatch<std::__cxx11::basic_string<char, std::char_traits<char>, std::allocator<char> > >::monitor_directory() (FileWatch.hpp:617)
                 n1: 67108864 0x42744B: filewatch::FileWatch<std::__cxx11::basic_string<char, std::char_traits<char>, std::allocator<char> > >::init()::{lambda()#2}::operator()() const (FileWatch.hpp:349)
                  n1: 67108864 0x45B7B0: void std::__invoke_impl<void, filewatch::FileWatch<std::__cxx11::basic_string<char, std::char_traits<char>, std::allocator<char> > >::init()::{lambda()#2}>(std::__invoke_other, filewatch::FileWatch<std::__cxx11::basic_string<char, std::char_traits<char>, std::allocator<char> > >::init()::{lambda()#2}&&) (invoke.h:63)
                   n1: 67108864 0x45B6C7: std::__invoke_result<filewatch::FileWatch<std::__cxx11::basic_string<char, std::char_traits<char>, std::allocator<char> > >::init()::{lambda()#2}>::type std::__invoke<filewatch::FileWatch<std::__cxx11::basic_string<char, std::char_traits<char>, std::allocator<char> > >::init()::{lambda()#2}>(filewatch::FileWatch<std::__cxx11::basic_string<char, std::char_traits<char>, std::allocator<char> > >::init()::{lambda()#2}&&) (invoke.h:98)
                    n1: 67108864 0x45B5B9: void std::thread::_Invoker<std::tuple<filewatch::FileWatch<std::__cxx11::basic_string<char, std::char_traits<char>, std::allocator<char> > >::init()::{lambda()#2}> >::_M_invoke<0ul>(std::_Index_tuple<0ul>) (std_thread.h:303)
                     n1: 67108864 0x45B513: std::thread::_Invoker<std::tuple<filewatch::FileWatch<std::__cxx11::basic_string<char, std::char_traits<char>, std::allocator<char> > >::init()::{lambda()#2}> >::operator()() (std_thread.h:310)
                      n1: 67108864 0x45B34D: std::thread::_State_impl<std::thread::_Invoker<std::tuple<filewatch::FileWatch<std::__cxx11::basic_string<char, std::char_traits<char>, std::allocator<char> > >::init()::{lambda()#2}> > >::_M_run() (std_thread.h:255)
                       n1: 67108864 0x4E843B5: execute_native_thread_routine (thread.cc:105)
                        n1: 67108864 0x529C758: start_thread (pthread_create.c:454)
                         n0: 67108864 0x5320733: clone (clone.S:100)
   n1: 96481280 0x52A9E47: sysmalloc_mmap (malloc.c:2248)
    n1: 96481280 0x52AA8C2: sysmalloc (malloc.c:2348)
     n2: 96481280 0x52ABC17: _int_malloc (malloc.c:4334)
      n2: 96481280 0x52ABEED: __libc_malloc2 (malloc.c:3261)
       n2: 96481280 0x4E532FB: operator new(unsigned long) (new_op.cc:50)
        n1: 62922752 0x46A500: std::__detail::_MakeUniq<std::array<Chunk, 15ul> >::__single_object std::make_unique<std::array<Chunk, 15ul>>() (unique_ptr.h:1105)
         n1: 62922752 0x46966C: Chunk& ContiguousStorage<Chunk, 33554432ul, glm::vec<3, int, (glm::qualifier)0>, MathHelpers::glmVecLexicoGraphic<int, 3ul> >::emplace<World*, glm::vec<3, int, (glm::qualifier)0> const&, GenType&>(glm::vec<3, int, (glm::qualifier)0>, World*&&, glm::vec<3, int, (glm::qualifier)0> const&, GenType&) (Helpers.hpp:316)
          n2: 62922752 0x467C91: World::addChunk(glm::vec<3, int, (glm::qualifier)0> const&) (World.cpp:29)
           n1: 31461376 0x468250: World::generate(std::vector<glm::vec<3, float, (glm::qualifier)0>, std::allocator<glm::vec<3, float, (glm::qualifier)0> > > const&) (World.cpp:95)
            n1: 31461376 0x468706: World::update(std::vector<glm::vec<3, float, (glm::qualifier)0>, std::allocator<glm::vec<3, float, (glm::qualifier)0> > > const&) (World.cpp:140)
             n0: 31461376 0x4023B2: main (main.cpp:256)
           n1: 31461376 0x4685E9: World::generate(std::vector<glm::vec<3, float, (glm::qualifier)0>, std::allocator<glm::vec<3, float, (glm::qualifier)0> > > const&) (World.cpp:126)
            n1: 31461376 0x468706: World::update(std::vector<glm::vec<3, float, (glm::qualifier)0>, std::allocator<glm::vec<3, float, (glm::qualifier)0> > > const&) (World.cpp:140)
             n1: 31461376 0x40148C: worldThread() (main.cpp:123)
              n1: 31461376 0x45B827: void std::__invoke_impl<void, void (*)()>(std::__invoke_other, void (*&&)()) (invoke.h:63)
               n1: 31461376 0x45B773: std::__invoke_result<void (*)()>::type std::__invoke<void (*)()>(void (*&&)()) (invoke.h:98)
                n1: 31461376 0x45B62B: void std::thread::_Invoker<std::tuple<void (*)()> >::_M_invoke<0ul>(std::_Index_tuple<0ul>) (std_thread.h:303)
                 n1: 31461376 0x45B565: std::thread::_Invoker<std::tuple<void (*)()> >::operator()() (std_thread.h:310)
                  n1: 31461376 0x45B4DD: std::thread::_State_impl<std::thread::_Invoker<std::tuple<void (*)()> > >::_M_run() (std_thread.h:255)
                   n1: 31461376 0x4E843B5: execute_native_thread_routine (thread.cc:105)
                    n1: 31461376 0x529C758: start_thread (pthread_create.c:454)
                     n0: 31461376 0x5320733: clone (clone.S:100)
        n1: 33558528 0x46175B: std::__detail::_MakeUniq<std::array<ChunkRenderer, 299593ul> >::__single_object std::make_unique<std::array<ChunkRenderer, 299593ul>>() (unique_ptr.h:1105)
         n1: 33558528 0x4609EE: ChunkRenderer& ContiguousStorage<ChunkRenderer, 33554432ul, glm::vec<3, int, (glm::qualifier)0>, MathHelpers::glmVecLexicoGraphic<int, 3ul> >::emplace<Chunk*&, glm::vec<3, float, (glm::qualifier)0> const&>(glm::vec<3, int, (glm::qualifier)0>, Chunk*&, glm::vec<3, float, (glm::qualifier)0> const&) (Helpers.hpp:316)
          n1: 33558528 0x45C1FC: WorldRenderer::renderChunks(ShaderProgram&, Camera const&) (WorldRenderer.cpp:54)
           n0: 33558528 0x402F77: main (main.cpp:378)
       n0: 0 in 1 place, below massif's threshold (1.00%)
      n0: 0 in 2 places, all below massif's threshold (1.00%)
   n1: 25178112 0x529D410: allocate_thread_stack (allocatestack.c:169)
    n1: 25178112 0x529D410: allocate_stack (allocatestack.c:508)
     n1: 25178112 0x529D410: pthread_create@@GLIBC_2.34 (pthread_create.c:680)
      n1: 25178112 0x4E84488: __gthread_create (gthr-default.h:709)
       n3: 25178112 0x4E84488: std::thread::_M_start_thread(std::unique_ptr<std::thread::_State, std::default_delete<std::thread::_State> >, void (*)()) (thread.cc:173)
        n1: 8392704 0x4179D9: std::thread::thread<void (&)(), , void>(void (&)()) (std_thread.h:175)
         n0: 8392704 0x4023E4: main (main.cpp:261)
        n1: 8392704 0x42C8E9: std::thread::thread<filewatch::FileWatch<std::__cxx11::basic_string<char, std::char_traits<char>, std::allocator<char> > >::init()::{lambda()#1}, , void>(filewatch::FileWatch<std::__cxx11::basic_string<char, std::char_traits<char>, std::allocator<char> > >::init()::{lambda()#1}&&) (std_thread.h:175)
         n1: 8392704 0x4274F3: filewatch::FileWatch<std::__cxx11::basic_string<char, std::char_traits<char>, std::allocator<char> > >::init() (FileWatch.hpp:336)
          n1: 8392704 0x420225: filewatch::FileWatch<std::__cxx11::basic_string<char, std::char_traits<char>, std::allocator<char> > >::FileWatch(std::__cxx11::basic_string<char, std::char_traits<char>, std::allocator<char> >, std::__cxx11::basic_regex<char, std::__cxx11::regex_traits<char> >, std::function<void (std::__cxx11::basic_string<char, std::char_traits<char>, std::allocator<char> > const&, filewatch::Event)>) (FileWatch.hpp:187)
           n1: 8392704 0x41707F: filewatch::FileWatch<std::__cxx11::basic_string<char, std::char_traits<char>, std::allocator<char> > >::FileWatch(std::__cxx11::basic_string<char, std::char_traits<char>, std::allocator<char> >, std::function<void (std::__cxx11::basic_string<char, std::char_traits<char>, std::allocator<char> > const&, filewatch::Event)>) (FileWatch.hpp:191)
            n0: 8392704 0x402128: main (main.cpp:232)
        n1: 8392704 0x42CDF3: std::thread::thread<filewatch::FileWatch<std::__cxx11::basic_string<char, std::char_traits<char>, std::allocator<char> > >::init()::{lambda()#2}, , void>(filewatch::FileWatch<std::__cxx11::basic_string<char, std::char_traits<char>, std::allocator<char> > >::init()::{lambda()#2}&&) (std_thread.h:175)
         n1: 8392704 0x427534: filewatch::FileWatch<std::__cxx11::basic_string<char, std::char_traits<char>, std::allocator<char> > >::init() (FileWatch.hpp:347)
          n1: 8392704 0x420225: filewatch::FileWatch<std::__cxx11::basic_string<char, std::char_traits<char>, std::allocator<char> > >::FileWatch(std::__cxx11::basic_string<char, std::char_traits<char>, std::allocator<char> >, std::__cxx11::basic_regex<char, std::__cxx11::regex_traits<char> >, std::function<void (std::__cxx11::basic_string<char, std::char_traits<char>, std::allocator<char> > const&, filewatch::Event)>) (FileWatch.hpp:187)
           n1: 8392704 0x41707F: filewatch::FileWatch<std::__cxx11::basic_string<char, std::char_traits<char>, std::allocator<char> > >::FileWatch(std::__cxx11::basic_string<char, std::char_traits<char>, std::allocator<char> >, std::function<void (std::__cxx11::basic_string<char, std::char_traits<char>, std::allocator<char> > const&, filewatch::Event)>) (FileWatch.hpp:191)
            n0: 8392704 0x402128: main (main.cpp:232)
   n1: 19009536 0x52AACBD: sysmalloc_mmap_fallback (malloc.c:2289)
    n1: 19009536 0x52AACBD: sysmalloc (malloc.c:2501)
     n2: 19009536 0x52ABC17: _int_malloc (malloc.c:4334)
      n1: 16912384 0x52ABEED: __libc_malloc2 (malloc.c:3261)
       n1: 16912384 0x613FD81: ??? (in /usr/lib64/libnvidia-glcore.so.595.71.05)
        n1: 16912384 0x5EA51EA: ??? (in /usr/lib64/libnvidia-glcore.so.595.71.05)
         n1: 16912384 0x61F4504: ??? (in /usr/lib64/libnvidia-glcore.so.595.71.05)
          n1: 16912384 0x61FD952: ??? (in /usr/lib64/libnvidia-glcore.so.595.71.05)
           n1: 16912384 0x6758FDC: ??? (in /usr/lib64/libnvidia-glcore.so.595.71.05)
            n1: 16912384 0x67593C4: ??? (in /usr/lib64/libnvidia-glcore.so.595.71.05)
             n1: 16912384 0x5ED032D: ??? (in /usr/lib64/libnvidia-glcore.so.595.71.05)
              n1: 16912384 0x5F2223C: ??? (in /usr/lib64/libnvidia-glcore.so.595.71.05)
               n1: 16912384 0x5EA4516: ??? (in /usr/lib64/libnvidia-glcore.so.595.71.05)
                n1: 16912384 0x5EB5C73: ??? (in /usr/lib64/libnvidia-glcore.so.595.71.05)
                 n1: 16912384 0x5EB5D0F: ??? (in /usr/lib64/libnvidia-glcore.so.595.71.05)
                  n1: 16912384 0x4100F7: ShadowMap::initShaderData() (Texture.hpp:214)
                   n0: 16912384 0x4022D4: main (main.cpp:246)
      n0: 2097152 in 2 places, all below massif's threshold (1.00%)
   n2: 13848576 0x67B6CDA: ??? (in /usr/lib64/libnvidia-glcore.so.595.71.05)
    n2: 13848576 0x66C030A: ??? (in /usr/lib64/libnvidia-glcore.so.595.71.05)
     n2: 13778944 0x61F0DF6: ??? (in /usr/lib64/libnvidia-glcore.so.595.71.05)
      n2: 13701120 0x61721CA: ??? (in /usr/lib64/libnvidia-glcore.so.595.71.05)
       n0: 7409664 in 2 places, all below massif's threshold (1.00%)
       n1: 6291456 0x61C677E: ??? (in /usr/lib64/libnvidia-glcore.so.595.71.05)
        n1: 6291456 0x621F96C: ??? (in /usr/lib64/libnvidia-glcore.so.595.71.05)
         n1: 6291456 0x621FAF1: ??? (in /usr/lib64/libnvidia-glcore.so.595.71.05)
          n1: 6291456 0x62296D5: ??? (in /usr/lib64/libnvidia-glcore.so.595.71.05)
           n1: 6291456 0x6237896: ??? (in /usr/lib64/libnvidia-glcore.so.595.71.05)
            n1: 6291456 0x6237E6D: ??? (in /usr/lib64/libnvidia-glcore.so.595.71.05)
             n1: 6291456 0x61BBBBA: ??? (in /usr/lib64/libnvidia-glcore.so.595.71.05)
              n1: 6291456 0x61794D9: ??? (in /usr/lib64/libnvidia-glcore.so.595.71.05)
               n1: 6291456 0x675797A: ??? (in /usr/lib64/libnvidia-glcore.so.595.71.05)
                n1: 6291456 0x5E8817A: ??? (in /usr/lib64/libnvidia-glcore.so.595.71.05)
                 n1: 6291456 0x5E88AC1: ??? (in /usr/lib64/libnvidia-glcore.so.595.71.05)
                  n0: 6291456 in 2 places, all below massif's threshold (1.00%)
      n0: 77824 in 1 place, below massif's threshold (1.00%)
     n0: 69632 in 2 places, all below massif's threshold (1.00%)
    n0: 0 in 1 place, below massif's threshold (1.00%)
   n0: 1105920 in 5 places, all below massif's threshold (1.00%)
 n1: 254623744 0x402485C: __mmap64 (mmap64.c:58)
  n3: 254623744 0x402485C: mmap (mmap64.c:46)
   n1: 152305664 0x4007822: _dl_map_segment (dl-map-segments.h:30)
    n1: 152305664 0x4007822: _dl_map_segments (dl-map-segments.h:102)
     n1: 152305664 0x4007822: _dl_map_object_from_fd (dl-load.c:1259)
      n2: 152305664 0x4009008: _dl_map_new_object (dl-load.c:2187)
       n1: 149884928 0x4002ABC: openaux (dl-deps.c:64)
        n1: 149884928 0x4001728: _dl_catch_exception (dl-catch.c:241)
         n2: 149884928 0x4002EEE: _dl_map_object_deps (dl-deps.c:232)
          n1: 136835072 0x400CFCF: dl_open_worker_begin (dl-open.c:609)
           n1: 136835072 0x4001728: _dl_catch_exception (dl-catch.c:241)
            n1: 136835072 0x400C542: dl_open_worker (dl-open.c:762)
             n1: 136835072 0x4001728: _dl_catch_exception (dl-catch.c:241)
              n1: 136835072 0x400CAA9: _dl_open (dl-open.c:900)
               n1: 136835072 0x5298C03: dlopen_doit (dlopen.c:56)
                n1: 136835072 0x4001728: _dl_catch_exception (dl-catch.c:241)
                 n1: 136835072 0x4001878: _dl_catch_error (dl-catch.c:260)
                  n1: 136835072 0x52986F2: _dlerror_run (dlerror.c:138)
                   n1: 136835072 0x5298CBA: dlopen_implementation (dlopen.c:71)
                    n2: 136835072 0x5298CBA: dlopen@@GLIBC_2.34 (dlopen.c:81)
                     n1: 135471104 0x4BCBF63: __glXLookupVendorByName.part.0 (libglxmapping.c:428)
                      n1: 135471104 0x4BCCD19: __glXLookupVendorByName (libglxmapping.c:391)
                       n1: 135471104 0x4BCCD19: __glXLookupVendorByScreen.part.0 (libglxmapping.c:572)
                        n1: 135471104 0x4BCDCB1: __glXLookupVendorByScreen (libglxmapping.c:524)
                         n1: 135471104 0x4BCDCB1: __glXGetDynDispatch (libglxmapping.c:610)
                          n1: 135471104 0x4BCDCB1: glXQueryExtensionsString (libglx.c:1473)
                           n1: 135471104 0x4DC07AC: extensionSupportedGLX (in /home/leo/Cours/S8/HAI819I_moteur_jeux/build/external/glfw/src/libglfw.so.3.4)
                            n1: 135471104 0x4DC0EEA: _glfwInitGLX (in /home/leo/Cours/S8/HAI819I_moteur_jeux/build/external/glfw/src/libglfw.so.3.4)
                             n1: 135471104 0x4DBC9BE: _glfwCreateWindowX11 (in /home/leo/Cours/S8/HAI819I_moteur_jeux/build/external/glfw/src/libglfw.so.3.4)
                              n1: 135471104 0x4DA874D: glfwCreateWindow (in /home/leo/Cours/S8/HAI819I_moteur_jeux/build/external/glfw/src/libglfw.so.3.4)
                               n1: 135471104 0x409ADF: Window::init() (Window.hpp:258)
                                n1: 135471104 0x4012DC: globalInit(Window&) (main.cpp:52)
                                 n0: 135471104 0x401A49: main (main.cpp:140)
                     n0: 1363968 in 2 places, all below massif's threshold (1.00%)
          n1: 13049856 0x4021388: dl_main (rtld.c:1947)
           n1: 13049856 0x401E055: _dl_sysdep_start (dl-sysdep.c:140)
            n1: 13049856 0x401F780: _dl_start_final (rtld.c:496)
             n1: 13049856 0x401F780: _dl_start (rtld.c:581)
              n0: 13049856 0x401E5C7: ??? (in /usr/lib64/ld-linux-x86-64.so.2)
       n0: 2420736 in 2 places, all below massif's threshold (1.00%)
   n1: 100982784 0x4007974: _dl_map_segments (dl-map-segments.h:140)
    n1: 100982784 0x4007974: _dl_map_object_from_fd (dl-load.c:1259)
     n2: 100982784 0x4009008: _dl_map_new_object (dl-load.c:2187)
      n1: 99446784 0x4002ABC: openaux (dl-deps.c:64)
       n1: 99446784 0x4001728: _dl_catch_exception (dl-catch.c:241)
        n2: 99446784 0x4002EEE: _dl_map_object_deps (dl-deps.c:232)
         n1: 93831168 0x400CFCF: dl_open_worker_begin (dl-open.c:609)
          n1: 93831168 0x4001728: _dl_catch_exception (dl-catch.c:241)
           n1: 93831168 0x400C542: dl_open_worker (dl-open.c:762)
            n1: 93831168 0x4001728: _dl_catch_exception (dl-catch.c:241)
             n1: 93831168 0x400CAA9: _dl_open (dl-open.c:900)
              n1: 93831168 0x5298C03: dlopen_doit (dlopen.c:56)
               n1: 93831168 0x4001728: _dl_catch_exception (dl-catch.c:241)
                n1: 93831168 0x4001878: _dl_catch_error (dl-catch.c:260)
                 n1: 93831168 0x52986F2: _dlerror_run (dlerror.c:138)
                  n1: 93831168 0x5298CBA: dlopen_implementation (dlopen.c:71)
                   n2: 93831168 0x5298CBA: dlopen@@GLIBC_2.34 (dlopen.c:81)
                    n1: 93372416 0x4BCBF63: __glXLookupVendorByName.part.0 (libglxmapping.c:428)
                     n1: 93372416 0x4BCCD19: __glXLookupVendorByName (libglxmapping.c:391)
                      n1: 93372416 0x4BCCD19: __glXLookupVendorByScreen.part.0 (libglxmapping.c:572)
                       n1: 93372416 0x4BCDCB1: __glXLookupVendorByScreen (libglxmapping.c:524)
                        n1: 93372416 0x4BCDCB1: __glXGetDynDispatch (libglxmapping.c:610)
                         n1: 93372416 0x4BCDCB1: glXQueryExtensionsString (libglx.c:1473)
                          n1: 93372416 0x4DC07AC: extensionSupportedGLX (in /home/leo/Cours/S8/HAI819I_moteur_jeux/build/external/glfw/src/libglfw.so.3.4)
                           n1: 93372416 0x4DC0EEA: _glfwInitGLX (in /home/leo/Cours/S8/HAI819I_moteur_jeux/build/external/glfw/src/libglfw.so.3.4)
                            n1: 93372416 0x4DBC9BE: _glfwCreateWindowX11 (in /home/leo/Cours/S8/HAI819I_moteur_jeux/build/external/glfw/src/libglfw.so.3.4)
                             n1: 93372416 0x4DA874D: glfwCreateWindow (in /home/leo/Cours/S8/HAI819I_moteur_jeux/build/external/glfw/src/libglfw.so.3.4)
                              n1: 93372416 0x409ADF: Window::init() (Window.hpp:258)
                               n1: 93372416 0x4012DC: globalInit(Window&) (main.cpp:52)
                                n0: 93372416 0x401A49: main (main.cpp:140)
                    n0: 458752 in 2 places, all below massif's threshold (1.00%)
         n0: 5615616 in 1 place, below massif's threshold (1.00%)
      n0: 1536000 in 2 places, all below massif's threshold (1.00%)
   n0: 1335296 in 3 places, all below massif's threshold (1.00%)
 n0: 53116928 0x0: ???
 n1: 8339456 0x531554B: brk (brk.c:37)
  n1: 8339456 0x531E007: __sbrk (sbrk.c:74)
   n1: 8339456 0x531E007: sbrk (sbrk.c:36)
    n1: 8339456 0x52A9F65: __glibc_morecore (morecore.c:29)
     n1: 8339456 0x52AAD57: sysmalloc (malloc.c:2477)
      n1: 8339456 0x52ABC17: _int_malloc (malloc.c:4334)
       n0: 8339456 in 3 places, all below massif's threshold (1.00%)
 n0: 0 in 2 places, all below massif's threshold (1.00%)
#-----------
snapshot=22
#-----------
time=4920144243
mem_heap_B=610115584
mem_heap_extra_B=0
mem_stacks_B=0
heap_tree=empty
#-----------
snapshot=23
#-----------
time=6374619060
mem_heap_B=641576960
mem_heap_extra_B=0
mem_stacks_B=0
heap_tree=empty
#-----------
snapshot=24
#-----------
time=10847293165
mem_heap_B=673038336
mem_heap_extra_B=0
mem_stacks_B=0
heap_tree=empty
#-----------
snapshot=25
#-----------
time=11832675543
mem_heap_B=677232640
mem_heap_extra_B=0
mem_stacks_B=0
heap_tree=empty
#-----------
snapshot=26
#-----------
time=11832697335
mem_heap_B=677232640
mem_heap_extra_B=0
mem_stacks_B=0
heap_tree=detailed
n5: 677232640 (page allocation syscalls) mmap/mremap/brk, --alloc-fns, etc.
 n1: 361152512 0x531CB7C: __mmap64 (mmap64.c:58)
  n6: 361152512 0x531CB7C: mmap (mmap64.c:46)
   n1: 159404032 0x52A9E47: sysmalloc_mmap (malloc.c:2248)
    n1: 159404032 0x52AA8C2: sysmalloc (malloc.c:2348)
     n2: 159404032 0x52ABC17: _int_malloc (malloc.c:4334)
      n2: 159404032 0x52ABEED: __libc_malloc2 (malloc.c:3261)
       n2: 159404032 0x4E532FB: operator new(unsigned long) (new_op.cc:50)
        n1: 125845504 0x46A500: std::__detail::_MakeUniq<std::array<Chunk, 15ul> >::__single_object std::make_unique<std::array<Chunk, 15ul>>() (unique_ptr.h:1105)
         n1: 125845504 0x46966C: Chunk& ContiguousStorage<Chunk, 33554432ul, glm::vec<3, int, (glm::qualifier)0>, MathHelpers::glmVecLexicoGraphic<int, 3ul> >::emplace<World*, glm::vec<3, int, (glm::qualifier)0> const&, GenType&>(glm::vec<3, int, (glm::qualifier)0>, World*&&, glm::vec<3, int, (glm::qualifier)0> const&, GenType&) (Helpers.hpp:316)
          n2: 125845504 0x467C91: World::addChunk(glm::vec<3, int, (glm::qualifier)0> const&) (World.cpp:29)
           n1: 94384128 0x4685E9: World::generate(std::vector<glm::vec<3, float, (glm::qualifier)0>, std::allocator<glm::vec<3, float, (glm::qualifier)0> > > const&) (World.cpp:126)
            n1: 94384128 0x468706: World::update(std::vector<glm::vec<3, float, (glm::qualifier)0>, std::allocator<glm::vec<3, float, (glm::qualifier)0> > > const&) (World.cpp:140)
             n1: 94384128 0x40148C: worldThread() (main.cpp:123)
              n1: 94384128 0x45B827: void std::__invoke_impl<void, void (*)()>(std::__invoke_other, void (*&&)()) (invoke.h:63)
               n1: 94384128 0x45B773: std::__invoke_result<void (*)()>::type std::__invoke<void (*)()>(void (*&&)()) (invoke.h:98)
                n1: 94384128 0x45B62B: void std::thread::_Invoker<std::tuple<void (*)()> >::_M_invoke<0ul>(std::_Index_tuple<0ul>) (std_thread.h:303)
                 n1: 94384128 0x45B565: std::thread::_Invoker<std::tuple<void (*)()> >::operator()() (std_thread.h:310)
                  n1: 94384128 0x45B4DD: std::thread::_State_impl<std::thread::_Invoker<std::tuple<void (*)()> > >::_M_run() (std_thread.h:255)
                   n1: 94384128 0x4E843B5: execute_native_thread_routine (thread.cc:105)
                    n1: 94384128 0x529C758: start_thread (pthread_create.c:454)
                     n0: 94384128 0x5320733: clone (clone.S:100)
           n1: 31461376 0x468250: World::generate(std::vector<glm::vec<3, float, (glm::qualifier)0>, std::allocator<glm::vec<3, float, (glm::qualifier)0> > > const&) (World.cpp:95)
            n1: 31461376 0x468706: World::update(std::vector<glm::vec<3, float, (glm::qualifier)0>, std::allocator<glm::vec<3, float, (glm::qualifier)0> > > const&) (World.cpp:140)
             n0: 31461376 0x4023B2: main (main.cpp:256)
        n1: 33558528 0x46175B: std::__detail::_MakeUniq<std::array<ChunkRenderer, 299593ul> >::__single_object std::make_unique<std::array<ChunkRenderer, 299593ul>>() (unique_ptr.h:1105)
         n1: 33558528 0x4609EE: ChunkRenderer& ContiguousStorage<ChunkRenderer, 33554432ul, glm::vec<3, int, (glm::qualifier)0>, MathHelpers::glmVecLexicoGraphic<int, 3ul> >::emplace<Chunk*&, glm::vec<3, float, (glm::qualifier)0> const&>(glm::vec<3, int, (glm::qualifier)0>, Chunk*&, glm::vec<3, float, (glm::qualifier)0> const&) (Helpers.hpp:316)
          n1: 33558528 0x45C1FC: WorldRenderer::renderChunks(ShaderProgram&, Camera const&) (WorldRenderer.cpp:54)
           n0: 33558528 0x402F77: main (main.cpp:378)
       n0: 0 in 1 place, below massif's threshold (1.00%)
      n0: 0 in 2 places, all below massif's threshold (1.00%)
   n1: 134217728 0x52A95C6: alloc_new_heap (arena.c:405)
    n1: 134217728 0x52A9A89: _int_new_arena (arena.c:637)
     n1: 134217728 0x52A9A89: arena_get2 (arena.c:856)
      n1: 134217728 0x52A9A89: arena_get2 (arena.c:817)
       n1: 134217728 0x52ABF36: __libc_malloc2 (malloc.c:3259)
        n2: 134217728 0x4E532FB: operator new(unsigned long) (new_op.cc:50)
         n1: 67108864 0x42EAD8: std::__new_allocator<glm::vec<3, float, (glm::qualifier)0> >::allocate(unsigned long, void const*) (new_allocator.h:162)
          n1: 67108864 0x41CD4E: allocate (allocator.h:206)
           n1: 67108864 0x41CD4E: allocate (alloc_traits.h:638)
            n1: 67108864 0x41CD4E: std::_Vector_base<glm::vec<3, float, (glm::qualifier)0>, std::allocator<glm::vec<3, float, (glm::qualifier)0> > >::_M_allocate(unsigned long) (stl_vector.h:389)
             n1: 67108864 0x41F8D9: glm::vec<3, float, (glm::qualifier)0>* std::vector<glm::vec<3, float, (glm::qualifier)0>, std::allocator<glm::vec<3, float, (glm::qualifier)0> > >::_M_allocate_and_copy<__gnu_cxx::__normal_iterator<glm::vec<3, float, (glm::qualifier)0> const*, std::vector<glm::vec<3, float, (glm::qualifier)0>, std::allocator<glm::vec<3, float, (glm::qualifier)0> > > > >(unsigned long, __gnu_cxx::__normal_iterator<glm::vec<3, float, (glm::qualifier)0> const*, std::vector<glm::vec<3, float, (glm::qualifier)0>, std::allocator<glm::vec<3, float, (glm::qualifier)0> > > >, __gnu_cxx::__normal_iterator<glm::vec<3, float, (glm::qualifier)0> const*, std::vector<glm::vec<3, float, (glm::qualifier)0>, std::allocator<glm::vec<3, float, (glm::qualifier)0> > > >) (stl_vector.h:1900)
              n1: 67108864 0x416AE9: std::vector<glm::vec<3, float, (glm::qualifier)0>, std::allocator<glm::vec<3, float, (glm::qualifier)0> > >::operator=(std::vector<glm::vec<3, float, (glm::qualifier)0>, std::allocator<glm::vec<3, float, (glm::qualifier)0> > > const&) (vector.tcc:242)
               n1: 67108864 0x401453: worldThread() (main.cpp:118)
                n1: 67108864 0x45B827: void std::__invoke_impl<void, void (*)()>(std::__invoke_other, void (*&&)()) (invoke.h:63)
                 n1: 67108864 0x45B773: std::__invoke_result<void (*)()>::type std::__invoke<void (*)()>(void (*&&)()) (invoke.h:98)
                  n1: 67108864 0x45B62B: void std::thread::_Invoker<std::tuple<void (*)()> >::_M_invoke<0ul>(std::_Index_tuple<0ul>) (std_thread.h:303)
                   n1: 67108864 0x45B565: std::thread::_Invoker<std::tuple<void (*)()> >::operator()() (std_thread.h:310)
                    n1: 67108864 0x45B4DD: std::thread::_State_impl<std::thread::_Invoker<std::tuple<void (*)()> > >::_M_run() (std_thread.h:255)
                     n1: 67108864 0x4E843B5: execute_native_thread_routine (thread.cc:105)
                      n1: 67108864 0x529C758: start_thread (pthread_create.c:454)
                       n0: 67108864 0x5320733: clone (clone.S:100)
         n1: 67108864 0x432F3E: std::__new_allocator<char>::allocate(unsigned long, void const*) (new_allocator.h:162)
          n1: 67108864 0x43A0FA: allocate (allocator.h:206)
           n1: 67108864 0x43A0FA: allocate (alloc_traits.h:638)
            n1: 67108864 0x43A0FA: std::_Vector_base<char, std::allocator<char> >::_M_allocate(unsigned long) (stl_vector.h:389)
             n1: 67108864 0x43790A: std::_Vector_base<char, std::allocator<char> >::_M_create_storage(unsigned long) (stl_vector.h:407)
              n1: 67108864 0x4344BA: std::_Vector_base<char, std::allocator<char> >::_Vector_base(unsigned long, std::allocator<char> const&) (stl_vector.h:341)
               n1: 67108864 0x430B2C: std::vector<char, std::allocator<char> >::vector(unsigned long, std::allocator<char> const&) (stl_vector.h:577)
                n1: 67108864 0x42C986: filewatch::FileWatch<std::__cxx11::basic_string<char, std::char_traits<char>, std::allocator<char> > >::monitor_directory() (FileWatch.hpp:617)
                 n1: 67108864 0x42744B: filewatch::FileWatch<std::__cxx11::basic_string<char, std::char_traits<char>, std::allocator<char> > >::init()::{lambda()#2}::operator()() const (FileWatch.hpp:349)
                  n1: 67108864 0x45B7B0: void std::__invoke_impl<void, filewatch::FileWatch<std::__cxx11::basic_string<char, std::char_traits<char>, std::allocator<char> > >::init()::{lambda()#2}>(std::__invoke_other, filewatch::FileWatch<std::__cxx11::basic_string<char, std::char_traits<char>, std::allocator<char> > >::init()::{lambda()#2}&&) (invoke.h:63)
                   n1: 67108864 0x45B6C7: std::__invoke_result<filewatch::FileWatch<std::__cxx11::basic_string<char, std::char_traits<char>, std::allocator<char> > >::init()::{lambda()#2}>::type std::__invoke<filewatch::FileWatch<std::__cxx11::basic_string<char, std::char_traits<char>, std::allocator<char> > >::init()::{lambda()#2}>(filewatch::FileWatch<std::__cxx11::basic_string<char, std::char_traits<char>, std::allocator<char> > >::init()::{lambda()#2}&&) (invoke.h:98)
                    n1: 67108864 0x45B5B9: void std::thread::_Invoker<std::tuple<filewatch::FileWatch<std::__cxx11::basic_string<char, std::char_traits<char>, std::allocator<char> > >::init()::{lambda()#2}> >::_M_invoke<0ul>(std::_Index_tuple<0ul>) (std_thread.h:303)
                     n1: 67108864 0x45B513: std::thread::_Invoker<std::tuple<filewatch::FileWatch<std::__cxx11::basic_string<char, std::char_traits<char>, std::allocator<char> > >::init()::{lambda()#2}> >::operator()() (std_thread.h:310)
                      n1: 67108864 0x45B34D: std::thread::_State_impl<std::thread::_Invoker<std::tuple<filewatch::FileWatch<std::__cxx11::basic_string<char, std::char_traits<char>, std::allocator<char> > >::init()::{lambda()#2}> > >::_M_run() (std_thread.h:255)
                       n1: 67108864 0x4E843B5: execute_native_thread_routine (thread.cc:105)
                        n1: 67108864 0x529C758: start_thread (pthread_create.c:454)
                         n0: 67108864 0x5320733: clone (clone.S:100)
   n1: 25178112 0x529D410: allocate_thread_stack (allocatestack.c:169)
    n1: 25178112 0x529D410: allocate_stack (allocatestack.c:508)
     n1: 25178112 0x529D410: pthread_create@@GLIBC_2.34 (pthread_create.c:680)
      n1: 25178112 0x4E84488: __gthread_create (gthr-default.h:709)
       n3: 25178112 0x4E84488: std::thread::_M_start_thread(std::unique_ptr<std::thread::_State, std::default_delete<std::thread::_State> >, void (*)()) (thread.cc:173)
        n1: 8392704 0x4179D9: std::thread::thread<void (&)(), , void>(void (&)()) (std_thread.h:175)
         n0: 8392704 0x4023E4: main (main.cpp:261)
        n1: 8392704 0x42C8E9: std::thread::thread<filewatch::FileWatch<std::__cxx11::basic_string<char, std::char_traits<char>, std::allocator<char> > >::init()::{lambda()#1}, , void>(filewatch::FileWatch<std::__cxx11::basic_string<char, std::char_traits<char>, std::allocator<char> > >::init()::{lambda()#1}&&) (std_thread.h:175)
         n1: 8392704 0x4274F3: filewatch::FileWatch<std::__cxx11::basic_string<char, std::char_traits<char>, std::allocator<char> > >::init() (FileWatch.hpp:336)
          n1: 8392704 0x420225: filewatch::FileWatch<std::__cxx11::basic_string<char, std::char_traits<char>, std::allocator<char> > >::FileWatch(std::__cxx11::basic_string<char, std::char_traits<char>, std::allocator<char> >, std::__cxx11::basic_regex<char, std::__cxx11::regex_traits<char> >, std::function<void (std::__cxx11::basic_string<char, std::char_traits<char>, std::allocator<char> > const&, filewatch::Event)>) (FileWatch.hpp:187)
           n1: 8392704 0x41707F: filewatch::FileWatch<std::__cxx11::basic_string<char, std::char_traits<char>, std::allocator<char> > >::FileWatch(std::__cxx11::basic_string<char, std::char_traits<char>, std::allocator<char> >, std::function<void (std::__cxx11::basic_string<char, std::char_traits<char>, std::allocator<char> > const&, filewatch::Event)>) (FileWatch.hpp:191)
            n0: 8392704 0x402128: main (main.cpp:232)
        n1: 8392704 0x42CDF3: std::thread::thread<filewatch::FileWatch<std::__cxx11::basic_string<char, std::char_traits<char>, std::allocator<char> > >::init()::{lambda()#2}, , void>(filewatch::FileWatch<std::__cxx11::basic_string<char, std::char_traits<char>, std::allocator<char> > >::init()::{lambda()#2}&&) (std_thread.h:175)
         n1: 8392704 0x427534: filewatch::FileWatch<std::__cxx11::basic_string<char, std::char_traits<char>, std::allocator<char> > >::init() (FileWatch.hpp:347)
          n1: 8392704 0x420225: filewatch::FileWatch<std::__cxx11::basic_string<char, std::char_traits<char>, std::allocator<char> > >::FileWatch(std::__cxx11::basic_string<char, std::char_traits<char>, std::allocator<char> >, std::__cxx11::basic_regex<char, std::__cxx11::regex_traits<char> >, std::function<void (std::__cxx11::basic_string<char, std::char_traits<char>, std::allocator<char> > const&, filewatch::Event)>) (FileWatch.hpp:187)
           n1: 8392704 0x41707F: filewatch::FileWatch<std::__cxx11::basic_string<char, std::char_traits<char>, std::allocator<char> > >::FileWatch(std::__cxx11::basic_string<char, std::char_traits<char>, std::allocator<char> >, std::function<void (std::__cxx11::basic_string<char, std::char_traits<char>, std::allocator<char> > const&, filewatch::Event)>) (FileWatch.hpp:191)
            n0: 8392704 0x402128: main (main.cpp:232)
   n2: 22237184 0x67B6CDA: ??? (in /usr/lib64/libnvidia-glcore.so.595.71.05)
    n2: 22237184 0x66C030A: ??? (in /usr/lib64/libnvidia-glcore.so.595.71.05)
     n2: 22167552 0x61F0DF6: ??? (in /usr/lib64/libnvidia-glcore.so.595.71.05)
      n2: 22089728 0x61721CA: ??? (in /usr/lib64/libnvidia-glcore.so.595.71.05)
       n1: 14680064 0x61C677E: ??? (in /usr/lib64/libnvidia-glcore.so.595.71.05)
        n1: 14680064 0x621F96C: ??? (in /usr/lib64/libnvidia-glcore.so.595.71.05)
         n1: 14680064 0x621FAF1: ??? (in /usr/lib64/libnvidia-glcore.so.595.71.05)
          n1: 14680064 0x62296D5: ??? (in /usr/lib64/libnvidia-glcore.so.595.71.05)
           n1: 14680064 0x6237896: ??? (in /usr/lib64/libnvidia-glcore.so.595.71.05)
            n1: 14680064 0x6237E6D: ??? (in /usr/lib64/libnvidia-glcore.so.595.71.05)
             n1: 14680064 0x61BBBBA: ??? (in /usr/lib64/libnvidia-glcore.so.595.71.05)
              n2: 14680064 0x61794D9: ??? (in /usr/lib64/libnvidia-glcore.so.595.71.05)
               n1: 10485760 0x675797A: ??? (in /usr/lib64/libnvidia-glcore.so.595.71.05)
                n1: 10485760 0x5E8817A: ??? (in /usr/lib64/libnvidia-glcore.so.595.71.05)
                 n2: 10485760 0x5E88AC1: ??? (in /usr/lib64/libnvidia-glcore.so.595.71.05)
                  n1: 8388608 0x470487: ChunkRenderer::updateShaderData(glm::vec<3, float, (glm::qualifier)0> const&) (Chunk.cpp:324)
                   n1: 8388608 0x45BF76: WorldRenderer::renderChunks(ShaderProgram&, Camera const&)::{lambda(ChunkRenderer&)#1}::operator()(ChunkRenderer&) const (WorldRenderer.cpp:70)
                    n1: 8388608 0x45DEF4: void std::__invoke_impl<void, WorldRenderer::renderChunks(ShaderProgram&, Camera const&)::{lambda(ChunkRenderer&)#1}&, ChunkRenderer&>(std::__invoke_other, WorldRenderer::renderChunks(ShaderProgram&, Camera const&)::{lambda(ChunkRenderer&)#1}&, ChunkRenderer&) (invoke.h:63)
                     n1: 8388608 0x45D864: std::enable_if<is_invocable_r_v<void, WorldRenderer::renderChunks(ShaderProgram&, Camera const&)::{lambda(ChunkRenderer&)#1}&, ChunkRenderer&>, void>::type std::__invoke_r<void, WorldRenderer::renderChunks(ShaderProgram&, Camera const&)::{lambda(ChunkRenderer&)#1}&, ChunkRenderer&>(WorldRenderer::renderChunks(ShaderProgram&, Camera const&)::{lambda(ChunkRenderer&)#1}&, ChunkRenderer&) (invoke.h:113)
                      n1: 8388608 0x45D31E: std::_Function_handler<void (ChunkRenderer&), WorldRenderer::renderChunks(ShaderProgram&, Camera const&)::{lambda(ChunkRenderer&)#1}>::_M_invoke(std::_Any_data const&, ChunkRenderer&) (std_function.h:295)
                       n1: 8388608 0x46247E: std::function<void (ChunkRenderer&)>::operator()(ChunkRenderer&) const (std_function.h:581)
                        n1: 8388608 0x460C1F: ContiguousStorage<ChunkRenderer, 33554432ul, glm::vec<3, int, (glm::qualifier)0>, MathHelpers::glmVecLexicoGraphic<int, 3ul> >::forEach(std::function<void (ChunkRenderer&)>) (Helpers.hpp:379)
                         n1: 8388608 0x45C309: WorldRenderer::renderChunks(ShaderProgram&, Camera const&) (WorldRenderer.cpp:61)
                          n0: 8388608 0x402F77: main (main.cpp:378)
                  n0: 2097152 in 1 place, below massif's threshold (1.00%)
               n0: 4194304 in 1 place, below massif's threshold (1.00%)
       n0: 7409664 in 2 places, all below massif's threshold (1.00%)
      n0: 77824 in 1 place, below massif's threshold (1.00%)
     n0: 69632 in 2 places, all below massif's threshold (1.00%)
    n0: 0 in 1 place, below massif's threshold (1.00%)
   n1: 19009536 0x52AACBD: sysmalloc_mmap_fallback (malloc.c:2289)
    n1: 19009536 0x52AACBD: sysmalloc (malloc.c:2501)
     n2: 19009536 0x52ABC17: _int_malloc (malloc.c:4334)
      n1: 16912384 0x52ABEED: __libc_malloc2 (malloc.c:3261)
       n1: 16912384 0x613FD81: ??? (in /usr/lib64/libnvidia-glcore.so.595.71.05)
        n1: 16912384 0x5EA51EA: ??? (in /usr/lib64/libnvidia-glcore.so.595.71.05)
         n1: 16912384 0x61F4504: ??? (in /usr/lib64/libnvidia-glcore.so.595.71.05)
          n1: 16912384 0x61FD952: ??? (in /usr/lib64/libnvidia-glcore.so.595.71.05)
           n1: 16912384 0x6758FDC: ??? (in /usr/lib64/libnvidia-glcore.so.595.71.05)
            n1: 16912384 0x67593C4: ??? (in /usr/lib64/libnvidia-glcore.so.595.71.05)
             n1: 16912384 0x5ED032D: ??? (in /usr/lib64/libnvidia-glcore.so.595.71.05)
              n1: 16912384 0x5F2223C: ??? (in /usr/lib64/libnvidia-glcore.so.595.71.05)
               n1: 16912384 0x5EA4516: ??? (in /usr/lib64/libnvidia-glcore.so.595.71.05)
                n1: 16912384 0x5EB5C73: ??? (in /usr/lib64/libnvidia-glcore.so.595.71.05)
                 n1: 16912384 0x5EB5D0F: ??? (in /usr/lib64/libnvidia-glcore.so.595.71.05)
                  n1: 16912384 0x4100F7: ShadowMap::initShaderData() (Texture.hpp:214)
                   n0: 16912384 0x4022D4: main (main.cpp:246)
      n0: 2097152 in 2 places, all below massif's threshold (1.00%)
   n0: 1105920 in 5 places, all below massif's threshold (1.00%)
 n1: 254623744 0x402485C: __mmap64 (mmap64.c:58)
  n3: 254623744 0x402485C: mmap (mmap64.c:46)
   n1: 152305664 0x4007822: _dl_map_segment (dl-map-segments.h:30)
    n1: 152305664 0x4007822: _dl_map_segments (dl-map-segments.h:102)
     n1: 152305664 0x4007822: _dl_map_object_from_fd (dl-load.c:1259)
      n2: 152305664 0x4009008: _dl_map_new_object (dl-load.c:2187)
       n1: 149884928 0x4002ABC: openaux (dl-deps.c:64)
        n1: 149884928 0x4001728: _dl_catch_exception (dl-catch.c:241)
         n2: 149884928 0x4002EEE: _dl_map_object_deps (dl-deps.c:232)
          n1: 136835072 0x400CFCF: dl_open_worker_begin (dl-open.c:609)
           n1: 136835072 0x4001728: _dl_catch_exception (dl-catch.c:241)
            n1: 136835072 0x400C542: dl_open_worker (dl-open.c:762)
             n1: 136835072 0x4001728: _dl_catch_exception (dl-catch.c:241)
              n1: 136835072 0x400CAA9: _dl_open (dl-open.c:900)
               n1: 136835072 0x5298C03: dlopen_doit (dlopen.c:56)
                n1: 136835072 0x4001728: _dl_catch_exception (dl-catch.c:241)
                 n1: 136835072 0x4001878: _dl_catch_error (dl-catch.c:260)
                  n1: 136835072 0x52986F2: _dlerror_run (dlerror.c:138)
                   n1: 136835072 0x5298CBA: dlopen_implementation (dlopen.c:71)
                    n2: 136835072 0x5298CBA: dlopen@@GLIBC_2.34 (dlopen.c:81)
                     n1: 135471104 0x4BCBF63: __glXLookupVendorByName.part.0 (libglxmapping.c:428)
                      n1: 135471104 0x4BCCD19: __glXLookupVendorByName (libglxmapping.c:391)
                       n1: 135471104 0x4BCCD19: __glXLookupVendorByScreen.part.0 (libglxmapping.c:572)
                        n1: 135471104 0x4BCDCB1: __glXLookupVendorByScreen (libglxmapping.c:524)
                         n1: 135471104 0x4BCDCB1: __glXGetDynDispatch (libglxmapping.c:610)
                          n1: 135471104 0x4BCDCB1: glXQueryExtensionsString (libglx.c:1473)
                           n1: 135471104 0x4DC07AC: extensionSupportedGLX (in /home/leo/Cours/S8/HAI819I_moteur_jeux/build/external/glfw/src/libglfw.so.3.4)
                            n1: 135471104 0x4DC0EEA: _glfwInitGLX (in /home/leo/Cours/S8/HAI819I_moteur_jeux/build/external/glfw/src/libglfw.so.3.4)
                             n1: 135471104 0x4DBC9BE: _glfwCreateWindowX11 (in /home/leo/Cours/S8/HAI819I_moteur_jeux/build/external/glfw/src/libglfw.so.3.4)
                              n1: 135471104 0x4DA874D: glfwCreateWindow (in /home/leo/Cours/S8/HAI819I_moteur_jeux/build/external/glfw/src/libglfw.so.3.4)
                               n1: 135471104 0x409ADF: Window::init() (Window.hpp:258)
                                n1: 135471104 0x4012DC: globalInit(Window&) (main.cpp:52)
                                 n0: 135471104 0x401A49: main (main.cpp:140)
                     n0: 1363968 in 2 places, all below massif's threshold (1.00%)
          n1: 13049856 0x4021388: dl_main (rtld.c:1947)
           n1: 13049856 0x401E055: _dl_sysdep_start (dl-sysdep.c:140)
            n1: 13049856 0x401F780: _dl_start_final (rtld.c:496)
             n1: 13049856 0x401F780: _dl_start (rtld.c:581)
              n0: 13049856 0x401E5C7: ??? (in /usr/lib64/ld-linux-x86-64.so.2)
       n0: 2420736 in 2 places, all below massif's threshold (1.00%)
   n1: 100982784 0x4007974: _dl_map_segments (dl-map-segments.h:140)
    n1: 100982784 0x4007974: _dl_map_object_from_fd (dl-load.c:1259)
     n2: 100982784 0x4009008: _dl_map_new_object (dl-load.c:2187)
      n1: 99446784 0x4002ABC: openaux (dl-deps.c:64)
       n1: 99446784 0x4001728: _dl_catch_exception (dl-catch.c:241)
        n2: 99446784 0x4002EEE: _dl_map_object_deps (dl-deps.c:232)
         n1: 93831168 0x400CFCF: dl_open_worker_begin (dl-open.c:609)
          n1: 93831168 0x4001728: _dl_catch_exception (dl-catch.c:241)
           n1: 93831168 0x400C542: dl_open_worker (dl-open.c:762)
            n1: 93831168 0x4001728: _dl_catch_exception (dl-catch.c:241)
             n1: 93831168 0x400CAA9: _dl_open (dl-open.c:900)
              n1: 93831168 0x5298C03: dlopen_doit (dlopen.c:56)
               n1: 93831168 0x4001728: _dl_catch_exception (dl-catch.c:241)
                n1: 93831168 0x4001878: _dl_catch_error (dl-catch.c:260)
                 n1: 93831168 0x52986F2: _dlerror_run (dlerror.c:138)
                  n1: 93831168 0x5298CBA: dlopen_implementation (dlopen.c:71)
                   n2: 93831168 0x5298CBA: dlopen@@GLIBC_2.34 (dlopen.c:81)
                    n1: 93372416 0x4BCBF63: __glXLookupVendorByName.part.0 (libglxmapping.c:428)
                     n1: 93372416 0x4BCCD19: __glXLookupVendorByName (libglxmapping.c:391)
                      n1: 93372416 0x4BCCD19: __glXLookupVendorByScreen.part.0 (libglxmapping.c:572)
                       n1: 93372416 0x4BCDCB1: __glXLookupVendorByScreen (libglxmapping.c:524)
                        n1: 93372416 0x4BCDCB1: __glXGetDynDispatch (libglxmapping.c:610)
                         n1: 93372416 0x4BCDCB1: glXQueryExtensionsString (libglx.c:1473)
                          n1: 93372416 0x4DC07AC: extensionSupportedGLX (in /home/leo/Cours/S8/HAI819I_moteur_jeux/build/external/glfw/src/libglfw.so.3.4)
                           n1: 93372416 0x4DC0EEA: _glfwInitGLX (in /home/leo/Cours/S8/HAI819I_moteur_jeux/build/external/glfw/src/libglfw.so.3.4)
                            n1: 93372416 0x4DBC9BE: _glfwCreateWindowX11 (in /home/leo/Cours/S8/HAI819I_moteur_jeux/build/external/glfw/src/libglfw.so.3.4)
                             n1: 93372416 0x4DA874D: glfwCreateWindow (in /home/leo/Cours/S8/HAI819I_moteur_jeux/build/external/glfw/src/libglfw.so.3.4)
                              n1: 93372416 0x409ADF: Window::init() (Window.hpp:258)
                               n1: 93372416 0x4012DC: globalInit(Window&) (main.cpp:52)
                                n0: 93372416 0x401A49: main (main.cpp:140)
                    n0: 458752 in 2 places, all below massif's threshold (1.00%)
         n0: 5615616 in 1 place, below massif's threshold (1.00%)
      n0: 1536000 in 2 places, all below massif's threshold (1.00%)
   n0: 1335296 in 3 places, all below massif's threshold (1.00%)
 n0: 53116928 0x0: ???
 n1: 8339456 0x531554B: brk (brk.c:37)
  n1: 8339456 0x531E007: __sbrk (sbrk.c:74)
   n1: 8339456 0x531E007: sbrk (sbrk.c:36)
    n1: 8339456 0x52A9F65: __glibc_morecore (morecore.c:29)
     n1: 8339456 0x52AAD57: sysmalloc (malloc.c:2477)
      n1: 8339456 0x52ABC17: _int_malloc (malloc.c:4334)
       n0: 8339456 in 3 places, all below massif's threshold (1.00%)
 n0: 0 in 2 places, all below massif's threshold (1.00%)
#-----------
snapshot=27
#-----------
time=15699574659
mem_heap_B=708677632
mem_heap_extra_B=0
mem_stacks_B=0
heap_tree=empty
#-----------
snapshot=28
#-----------
time=22469950672
mem_heap_B=740139008
mem_heap_extra_B=0
mem_stacks_B=0
heap_tree=empty
#-----------
snapshot=29
#-----------
time=28818210913
mem_heap_B=771600384
mem_heap_extra_B=0
mem_stacks_B=0
heap_tree=empty
#-----------
snapshot=30
#-----------
time=30132127080
mem_heap_B=775794688
mem_heap_extra_B=0
mem_stacks_B=0
heap_tree=empty
#-----------
snapshot=31
#-----------
time=36054198017
mem_heap_B=807256064
mem_heap_extra_B=0
mem_stacks_B=0
heap_tree=empty
#-----------
snapshot=32
#-----------
time=43405024279
mem_heap_B=838717440
mem_heap_extra_B=0
mem_stacks_B=0
heap_tree=empty
#-----------
snapshot=33
#-----------
time=49616816549
mem_heap_B=839766016
mem_heap_extra_B=0
mem_stacks_B=0
heap_tree=empty
#-----------
snapshot=34
#-----------
time=51901243127
mem_heap_B=871227392
mem_heap_extra_B=0
mem_stacks_B=0
heap_tree=empty
#-----------
snapshot=35
#-----------
time=56520449073
mem_heap_B=872275968
mem_heap_extra_B=0
mem_stacks_B=0
heap_tree=empty
#-----------
snapshot=36
#-----------
time=60656139809
mem_heap_B=873324544
mem_heap_extra_B=0
mem_stacks_B=0
heap_tree=detailed
n4: 873324544 (page allocation syscalls) mmap/mremap/brk, --alloc-fns, etc.
 n1: 557244416 0x531CB7C: __mmap64 (mmap64.c:58)
  n6: 557244416 0x531CB7C: mmap (mmap64.c:46)
   n1: 348172288 0x52A9E47: sysmalloc_mmap (malloc.c:2248)
    n1: 348172288 0x52AA8C2: sysmalloc (malloc.c:2348)
     n2: 348172288 0x52ABC17: _int_malloc (malloc.c:4334)
      n2: 348172288 0x52ABEED: __libc_malloc2 (malloc.c:3261)
       n2: 348172288 0x4E532FB: operator new(unsigned long) (new_op.cc:50)
        n1: 314613760 0x46A500: std::__detail::_MakeUniq<std::array<Chunk, 15ul> >::__single_object std::make_unique<std::array<Chunk, 15ul>>() (unique_ptr.h:1105)
         n1: 314613760 0x46966C: Chunk& ContiguousStorage<Chunk, 33554432ul, glm::vec<3, int, (glm::qualifier)0>, MathHelpers::glmVecLexicoGraphic<int, 3ul> >::emplace<World*, glm::vec<3, int, (glm::qualifier)0> const&, GenType&>(glm::vec<3, int, (glm::qualifier)0>, World*&&, glm::vec<3, int, (glm::qualifier)0> const&, GenType&) (Helpers.hpp:316)
          n2: 314613760 0x467C91: World::addChunk(glm::vec<3, int, (glm::qualifier)0> const&) (World.cpp:29)
           n1: 283152384 0x4685E9: World::generate(std::vector<glm::vec<3, float, (glm::qualifier)0>, std::allocator<glm::vec<3, float, (glm::qualifier)0> > > const&) (World.cpp:126)
            n1: 283152384 0x468706: World::update(std::vector<glm::vec<3, float, (glm::qualifier)0>, std::allocator<glm::vec<3, float, (glm::qualifier)0> > > const&) (World.cpp:140)
             n1: 283152384 0x40148C: worldThread() (main.cpp:123)
              n1: 283152384 0x45B827: void std::__invoke_impl<void, void (*)()>(std::__invoke_other, void (*&&)()) (invoke.h:63)
               n1: 283152384 0x45B773: std::__invoke_result<void (*)()>::type std::__invoke<void (*)()>(void (*&&)()) (invoke.h:98)
                n1: 283152384 0x45B62B: void std::thread::_Invoker<std::tuple<void (*)()> >::_M_invoke<0ul>(std::_Index_tuple<0ul>) (std_thread.h:303)
                 n1: 283152384 0x45B565: std::thread::_Invoker<std::tuple<void (*)()> >::operator()() (std_thread.h:310)
                  n1: 283152384 0x45B4DD: std::thread::_State_impl<std::thread::_Invoker<std::tuple<void (*)()> > >::_M_run() (std_thread.h:255)
                   n1: 283152384 0x4E843B5: execute_native_thread_routine (thread.cc:105)
                    n1: 283152384 0x529C758: start_thread (pthread_create.c:454)
                     n0: 283152384 0x5320733: clone (clone.S:100)
           n1: 31461376 0x468250: World::generate(std::vector<glm::vec<3, float, (glm::qualifier)0>, std::allocator<glm::vec<3, float, (glm::qualifier)0> > > const&) (World.cpp:95)
            n1: 31461376 0x468706: World::update(std::vector<glm::vec<3, float, (glm::qualifier)0>, std::allocator<glm::vec<3, float, (glm::qualifier)0> > > const&) (World.cpp:140)
             n0: 31461376 0x4023B2: main (main.cpp:256)
        n1: 33558528 0x46175B: std::__detail::_MakeUniq<std::array<ChunkRenderer, 299593ul> >::__single_object std::make_unique<std::array<ChunkRenderer, 299593ul>>() (unique_ptr.h:1105)
         n1: 33558528 0x4609EE: ChunkRenderer& ContiguousStorage<ChunkRenderer, 33554432ul, glm::vec<3, int, (glm::qualifier)0>, MathHelpers::glmVecLexicoGraphic<int, 3ul> >::emplace<Chunk*&, glm::vec<3, float, (glm::qualifier)0> const&>(glm::vec<3, int, (glm::qualifier)0>, Chunk*&, glm::vec<3, float, (glm::qualifier)0> const&) (Helpers.hpp:316)
          n1: 33558528 0x45C1FC: WorldRenderer::renderChunks(ShaderProgram&, Camera const&) (WorldRenderer.cpp:54)
           n0: 33558528 0x402F77: main (main.cpp:378)
       n0: 0 in 1 place, below massif's threshold (1.00%)
      n0: 0 in 2 places, all below massif's threshold (1.00%)
   n1: 134217728 0x52A95C6: alloc_new_heap (arena.c:405)
    n1: 134217728 0x52A9A89: _int_new_arena (arena.c:637)
     n1: 134217728 0x52A9A89: arena_get2 (arena.c:856)
      n1: 134217728 0x52A9A89: arena_get2 (arena.c:817)
       n1: 134217728 0x52ABF36: __libc_malloc2 (malloc.c:3259)
        n2: 134217728 0x4E532FB: operator new(unsigned long) (new_op.cc:50)
         n1: 67108864 0x42EAD8: std::__new_allocator<glm::vec<3, float, (glm::qualifier)0> >::allocate(unsigned long, void const*) (new_allocator.h:162)
          n1: 67108864 0x41CD4E: allocate (allocator.h:206)
           n1: 67108864 0x41CD4E: allocate (alloc_traits.h:638)
            n1: 67108864 0x41CD4E: std::_Vector_base<glm::vec<3, float, (glm::qualifier)0>, std::allocator<glm::vec<3, float, (glm::qualifier)0> > >::_M_allocate(unsigned long) (stl_vector.h:389)
             n1: 67108864 0x41F8D9: glm::vec<3, float, (glm::qualifier)0>* std::vector<glm::vec<3, float, (glm::qualifier)0>, std::allocator<glm::vec<3, float, (glm::qualifier)0> > >::_M_allocate_and_copy<__gnu_cxx::__normal_iterator<glm::vec<3, float, (glm::qualifier)0> const*, std::vector<glm::vec<3, float, (glm::qualifier)0>, std::allocator<glm::vec<3, float, (glm::qualifier)0> > > > >(unsigned long, __gnu_cxx::__normal_iterator<glm::vec<3, float, (glm::qualifier)0> const*, std::vector<glm::vec<3, float, (glm::qualifier)0>, std::allocator<glm::vec<3, float, (glm::qualifier)0> > > >, __gnu_cxx::__normal_iterator<glm::vec<3, float, (glm::qualifier)0> const*, std::vector<glm::vec<3, float, (glm::qualifier)0>, std::allocator<glm::vec<3, float, (glm::qualifier)0> > > >) (stl_vector.h:1900)
              n1: 67108864 0x416AE9: std::vector<glm::vec<3, float, (glm::qualifier)0>, std::allocator<glm::vec<3, float, (glm::qualifier)0> > >::operator=(std::vector<glm::vec<3, float, (glm::qualifier)0>, std::allocator<glm::vec<3, float, (glm::qualifier)0> > > const&) (vector.tcc:242)
               n1: 67108864 0x401453: worldThread() (main.cpp:118)
                n1: 67108864 0x45B827: void std::__invoke_impl<void, void (*)()>(std::__invoke_other, void (*&&)()) (invoke.h:63)
                 n1: 67108864 0x45B773: std::__invoke_result<void (*)()>::type std::__invoke<void (*)()>(void (*&&)()) (invoke.h:98)
                  n1: 67108864 0x45B62B: void std::thread::_Invoker<std::tuple<void (*)()> >::_M_invoke<0ul>(std::_Index_tuple<0ul>) (std_thread.h:303)
                   n1: 67108864 0x45B565: std::thread::_Invoker<std::tuple<void (*)()> >::operator()() (std_thread.h:310)
                    n1: 67108864 0x45B4DD: std::thread::_State_impl<std::thread::_Invoker<std::tuple<void (*)()> > >::_M_run() (std_thread.h:255)
                     n1: 67108864 0x4E843B5: execute_native_thread_routine (thread.cc:105)
                      n1: 67108864 0x529C758: start_thread (pthread_create.c:454)
                       n0: 67108864 0x5320733: clone (clone.S:100)
         n1: 67108864 0x432F3E: std::__new_allocator<char>::allocate(unsigned long, void const*) (new_allocator.h:162)
          n1: 67108864 0x43A0FA: allocate (allocator.h:206)
           n1: 67108864 0x43A0FA: allocate (alloc_traits.h:638)
            n1: 67108864 0x43A0FA: std::_Vector_base<char, std::allocator<char> >::_M_allocate(unsigned long) (stl_vector.h:389)
             n1: 67108864 0x43790A: std::_Vector_base<char, std::allocator<char> >::_M_create_storage(unsigned long) (stl_vector.h:407)
              n1: 67108864 0x4344BA: std::_Vector_base<char, std::allocator<char> >::_Vector_base(unsigned long, std::allocator<char> const&) (stl_vector.h:341)
               n1: 67108864 0x430B2C: std::vector<char, std::allocator<char> >::vector(unsigned long, std::allocator<char> const&) (stl_vector.h:577)
                n1: 67108864 0x42C986: filewatch::FileWatch<std::__cxx11::basic_string<char, std::char_traits<char>, std::allocator<char> > >::monitor_directory() (FileWatch.hpp:617)
                 n1: 67108864 0x42744B: filewatch::FileWatch<std::__cxx11::basic_string<char, std::char_traits<char>, std::allocator<char> > >::init()::{lambda()#2}::operator()() const (FileWatch.hpp:349)
                  n1: 67108864 0x45B7B0: void std::__invoke_impl<void, filewatch::FileWatch<std::__cxx11::basic_string<char, std::char_traits<char>, std::allocator<char> > >::init()::{lambda()#2}>(std::__invoke_other, filewatch::FileWatch<std::__cxx11::basic_string<char, std::char_traits<char>, std::allocator<char> > >::init()::{lambda()#2}&&) (invoke.h:63)
                   n1: 67108864 0x45B6C7: std::__invoke_result<filewatch::FileWatch<std::__cxx11::basic_string<char, std::char_traits<char>, std::allocator<char> > >::init()::{lambda()#2}>::type std::__invoke<filewatch::FileWatch<std::__cxx11::basic_string<char, std::char_traits<char>, std::allocator<char> > >::init()::{lambda()#2}>(filewatch::FileWatch<std::__cxx11::basic_string<char, std::char_traits<char>, std::allocator<char> > >::init()::{lambda()#2}&&) (invoke.h:98)
                    n1: 67108864 0x45B5B9: void std::thread::_Invoker<std::tuple<filewatch::FileWatch<std::__cxx11::basic_string<char, std::char_traits<char>, std::allocator<char> > >::init()::{lambda()#2}> >::_M_invoke<0ul>(std::_Index_tuple<0ul>) (std_thread.h:303)
                     n1: 67108864 0x45B513: std::thread::_Invoker<std::tuple<filewatch::FileWatch<std::__cxx11::basic_string<char, std::char_traits<char>, std::allocator<char> > >::init()::{lambda()#2}> >::operator()() (std_thread.h:310)
                      n1: 67108864 0x45B34D: std::thread::_State_impl<std::thread::_Invoker<std::tuple<filewatch::FileWatch<std::__cxx11::basic_string<char, std::char_traits<char>, std::allocator<char> > >::init()::{lambda()#2}> > >::_M_run() (std_thread.h:255)
                       n1: 67108864 0x4E843B5: execute_native_thread_routine (thread.cc:105)
                        n1: 67108864 0x529C758: start_thread (pthread_create.c:454)
                         n0: 67108864 0x5320733: clone (clone.S:100)
   n2: 26415104 0x67B6CDA: ??? (in /usr/lib64/libnvidia-glcore.so.595.71.05)
    n2: 26415104 0x66C030A: ??? (in /usr/lib64/libnvidia-glcore.so.595.71.05)
     n2: 26345472 0x61F0DF6: ??? (in /usr/lib64/libnvidia-glcore.so.595.71.05)
      n2: 26267648 0x61721CA: ??? (in /usr/lib64/libnvidia-glcore.so.595.71.05)
       n1: 18874368 0x61C677E: ??? (in /usr/lib64/libnvidia-glcore.so.595.71.05)
        n1: 18874368 0x621F96C: ??? (in /usr/lib64/libnvidia-glcore.so.595.71.05)
         n1: 18874368 0x621FAF1: ??? (in /usr/lib64/libnvidia-glcore.so.595.71.05)
          n1: 18874368 0x62296D5: ??? (in /usr/lib64/libnvidia-glcore.so.595.71.05)
           n1: 18874368 0x6237896: ??? (in /usr/lib64/libnvidia-glcore.so.595.71.05)
            n1: 18874368 0x6237E6D: ??? (in /usr/lib64/libnvidia-glcore.so.595.71.05)
             n1: 18874368 0x61BBBBA: ??? (in /usr/lib64/libnvidia-glcore.so.595.71.05)
              n2: 18874368 0x61794D9: ??? (in /usr/lib64/libnvidia-glcore.so.595.71.05)
               n1: 10485760 0x675797A: ??? (in /usr/lib64/libnvidia-glcore.so.595.71.05)
                n1: 10485760 0x5E8817A: ??? (in /usr/lib64/libnvidia-glcore.so.595.71.05)
                 n1: 10485760 0x5E88AC1: ??? (in /usr/lib64/libnvidia-glcore.so.595.71.05)
                  n0: 10485760 in 2 places, all below massif's threshold (1.00%)
               n0: 8388608 in 1 place, below massif's threshold (1.00%)
       n0: 7393280 in 2 places, all below massif's threshold (1.00%)
      n0: 77824 in 1 place, below massif's threshold (1.00%)
     n0: 69632 in 2 places, all below massif's threshold (1.00%)
    n0: 0 in 1 place, below massif's threshold (1.00%)
   n1: 25178112 0x529D410: allocate_thread_stack (allocatestack.c:169)
    n1: 25178112 0x529D410: allocate_stack (allocatestack.c:508)
     n1: 25178112 0x529D410: pthread_create@@GLIBC_2.34 (pthread_create.c:680)
      n1: 25178112 0x4E84488: __gthread_create (gthr-default.h:709)
       n1: 25178112 0x4E84488: std::thread::_M_start_thread(std::unique_ptr<std::thread::_State, std::default_delete<std::thread::_State> >, void (*)()) (thread.cc:173)
        n0: 25178112 in 3 places, all below massif's threshold (1.00%)
   n1: 22155264 0x52AACBD: sysmalloc_mmap_fallback (malloc.c:2289)
    n1: 22155264 0x52AACBD: sysmalloc (malloc.c:2501)
     n2: 22155264 0x52ABC17: _int_malloc (malloc.c:4334)
      n1: 20058112 0x52ABEED: __libc_malloc2 (malloc.c:3261)
       n1: 20058112 0x613FD81: ??? (in /usr/lib64/libnvidia-glcore.so.595.71.05)
        n2: 20058112 0x5EA51EA: ??? (in /usr/lib64/libnvidia-glcore.so.595.71.05)
         n1: 16912384 0x61F4504: ??? (in /usr/lib64/libnvidia-glcore.so.595.71.05)
          n1: 16912384 0x61FD952: ??? (in /usr/lib64/libnvidia-glcore.so.595.71.05)
           n1: 16912384 0x6758FDC: ??? (in /usr/lib64/libnvidia-glcore.so.595.71.05)
            n1: 16912384 0x67593C4: ??? (in /usr/lib64/libnvidia-glcore.so.595.71.05)
             n1: 16912384 0x5ED032D: ??? (in /usr/lib64/libnvidia-glcore.so.595.71.05)
              n1: 16912384 0x5F2223C: ??? (in /usr/lib64/libnvidia-glcore.so.595.71.05)
               n1: 16912384 0x5EA4516: ??? (in /usr/lib64/libnvidia-glcore.so.595.71.05)
                n1: 16912384 0x5EB5C73: ??? (in /usr/lib64/libnvidia-glcore.so.595.71.05)
                 n1: 16912384 0x5EB5D0F: ??? (in /usr/lib64/libnvidia-glcore.so.595.71.05)
                  n1: 16912384 0x4100F7: ShadowMap::initShaderData() (Texture.hpp:214)
                   n0: 16912384 0x4022D4: main (main.cpp:246)
         n0: 3145728 in 1 place, below massif's threshold (1.00%)
      n0: 2097152 in 2 places, all below massif's threshold (1.00%)
   n0: 1105920 in 5 places, all below massif's threshold (1.00%)
 n1: 254623744 0x402485C: __mmap64 (mmap64.c:58)
  n3: 254623744 0x402485C: mmap (mmap64.c:46)
   n1: 152305664 0x4007822: _dl_map_segment (dl-map-segments.h:30)
    n1: 152305664 0x4007822: _dl_map_segments (dl-map-segments.h:102)
     n1: 152305664 0x4007822: _dl_map_object_from_fd (dl-load.c:1259)
      n2: 152305664 0x4009008: _dl_map_new_object (dl-load.c:2187)
       n1: 149884928 0x4002ABC: openaux (dl-deps.c:64)
        n1: 149884928 0x4001728: _dl_catch_exception (dl-catch.c:241)
         n2: 149884928 0x4002EEE: _dl_map_object_deps (dl-deps.c:232)
          n1: 136835072 0x400CFCF: dl_open_worker_begin (dl-open.c:609)
           n1: 136835072 0x4001728: _dl_catch_exception (dl-catch.c:241)
            n1: 136835072 0x400C542: dl_open_worker (dl-open.c:762)
             n1: 136835072 0x4001728: _dl_catch_exception (dl-catch.c:241)
              n1: 136835072 0x400CAA9: _dl_open (dl-open.c:900)
               n1: 136835072 0x5298C03: dlopen_doit (dlopen.c:56)
                n1: 136835072 0x4001728: _dl_catch_exception (dl-catch.c:241)
                 n1: 136835072 0x4001878: _dl_catch_error (dl-catch.c:260)
                  n1: 136835072 0x52986F2: _dlerror_run (dlerror.c:138)
                   n1: 136835072 0x5298CBA: dlopen_implementation (dlopen.c:71)
                    n2: 136835072 0x5298CBA: dlopen@@GLIBC_2.34 (dlopen.c:81)
                     n1: 135471104 0x4BCBF63: __glXLookupVendorByName.part.0 (libglxmapping.c:428)
                      n1: 135471104 0x4BCCD19: __glXLookupVendorByName (libglxmapping.c:391)
                       n1: 135471104 0x4BCCD19: __glXLookupVendorByScreen.part.0 (libglxmapping.c:572)
                        n1: 135471104 0x4BCDCB1: __glXLookupVendorByScreen (libglxmapping.c:524)
                         n1: 135471104 0x4BCDCB1: __glXGetDynDispatch (libglxmapping.c:610)
                          n1: 135471104 0x4BCDCB1: glXQueryExtensionsString (libglx.c:1473)
                           n1: 135471104 0x4DC07AC: extensionSupportedGLX (in /home/leo/Cours/S8/HAI819I_moteur_jeux/build/external/glfw/src/libglfw.so.3.4)
                            n1: 135471104 0x4DC0EEA: _glfwInitGLX (in /home/leo/Cours/S8/HAI819I_moteur_jeux/build/external/glfw/src/libglfw.so.3.4)
                             n1: 135471104 0x4DBC9BE: _glfwCreateWindowX11 (in /home/leo/Cours/S8/HAI819I_moteur_jeux/build/external/glfw/src/libglfw.so.3.4)
                              n1: 135471104 0x4DA874D: glfwCreateWindow (in /home/leo/Cours/S8/HAI819I_moteur_jeux/build/external/glfw/src/libglfw.so.3.4)
                               n1: 135471104 0x409ADF: Window::init() (Window.hpp:258)
                                n1: 135471104 0x4012DC: globalInit(Window&) (main.cpp:52)
                                 n0: 135471104 0x401A49: main (main.cpp:140)
                     n0: 1363968 in 2 places, all below massif's threshold (1.00%)
          n1: 13049856 0x4021388: dl_main (rtld.c:1947)
           n1: 13049856 0x401E055: _dl_sysdep_start (dl-sysdep.c:140)
            n1: 13049856 0x401F780: _dl_start_final (rtld.c:496)
             n1: 13049856 0x401F780: _dl_start (rtld.c:581)
              n0: 13049856 0x401E5C7: ??? (in /usr/lib64/ld-linux-x86-64.so.2)
       n0: 2420736 in 2 places, all below massif's threshold (1.00%)
   n1: 100982784 0x4007974: _dl_map_segments (dl-map-segments.h:140)
    n1: 100982784 0x4007974: _dl_map_object_from_fd (dl-load.c:1259)
     n2: 100982784 0x4009008: _dl_map_new_object (dl-load.c:2187)
      n1: 99446784 0x4002ABC: openaux (dl-deps.c:64)
       n1: 99446784 0x4001728: _dl_catch_exception (dl-catch.c:241)
        n2: 99446784 0x4002EEE: _dl_map_object_deps (dl-deps.c:232)
         n1: 93831168 0x400CFCF: dl_open_worker_begin (dl-open.c:609)
          n1: 93831168 0x4001728: _dl_catch_exception (dl-catch.c:241)
           n1: 93831168 0x400C542: dl_open_worker (dl-open.c:762)
            n1: 93831168 0x4001728: _dl_catch_exception (dl-catch.c:241)
             n1: 93831168 0x400CAA9: _dl_open (dl-open.c:900)
              n1: 93831168 0x5298C03: dlopen_doit (dlopen.c:56)
               n1: 93831168 0x4001728: _dl_catch_exception (dl-catch.c:241)
                n1: 93831168 0x4001878: _dl_catch_error (dl-catch.c:260)
                 n1: 93831168 0x52986F2: _dlerror_run (dlerror.c:138)
                  n1: 93831168 0x5298CBA: dlopen_implementation (dlopen.c:71)
                   n2: 93831168 0x5298CBA: dlopen@@GLIBC_2.34 (dlopen.c:81)
                    n1: 93372416 0x4BCBF63: __glXLookupVendorByName.part.0 (libglxmapping.c:428)
                     n1: 93372416 0x4BCCD19: __glXLookupVendorByName (libglxmapping.c:391)
                      n1: 93372416 0x4BCCD19: __glXLookupVendorByScreen.part.0 (libglxmapping.c:572)
                       n1: 93372416 0x4BCDCB1: __glXLookupVendorByScreen (libglxmapping.c:524)
                        n1: 93372416 0x4BCDCB1: __glXGetDynDispatch (libglxmapping.c:610)
                         n1: 93372416 0x4BCDCB1: glXQueryExtensionsString (libglx.c:1473)
                          n1: 93372416 0x4DC07AC: extensionSupportedGLX (in /home/leo/Cours/S8/HAI819I_moteur_jeux/build/external/glfw/src/libglfw.so.3.4)
                           n1: 93372416 0x4DC0EEA: _glfwInitGLX (in /home/leo/Cours/S8/HAI819I_moteur_jeux/build/external/glfw/src/libglfw.so.3.4)
                            n1: 93372416 0x4DBC9BE: _glfwCreateWindowX11 (in /home/leo/Cours/S8/HAI819I_moteur_jeux/build/external/glfw/src/libglfw.so.3.4)
                             n1: 93372416 0x4DA874D: glfwCreateWindow (in /home/leo/Cours/S8/HAI819I_moteur_jeux/build/external/glfw/src/libglfw.so.3.4)
                              n1: 93372416 0x409ADF: Window::init() (Window.hpp:258)
                               n1: 93372416 0x4012DC: globalInit(Window&) (main.cpp:52)
                                n0: 93372416 0x401A49: main (main.cpp:140)
                    n0: 458752 in 2 places, all below massif's threshold (1.00%)
         n0: 5615616 in 1 place, below massif's threshold (1.00%)
      n0: 1536000 in 2 places, all below massif's threshold (1.00%)
   n0: 1335296 in 3 places, all below massif's threshold (1.00%)
 n0: 53116928 0x0: ???
 n0: 8339456 in 3 places, all below massif's threshold (1.00%)
#-----------
snapshot=37
#-----------
time=60897728880
mem_heap_B=904785920
mem_heap_extra_B=0
mem_stacks_B=0
heap_tree=empty
#-----------
snapshot=38
#-----------
time=70327409243
mem_heap_B=936247296
mem_heap_extra_B=0
mem_stacks_B=0
heap_tree=empty
#-----------
snapshot=39
#-----------
time=79133956087
mem_heap_B=967708672
mem_heap_extra_B=0
mem_stacks_B=0
heap_tree=empty
#-----------
snapshot=40
#-----------
time=88747910372
mem_heap_B=999170048
mem_heap_extra_B=0
mem_stacks_B=0
heap_tree=empty
#-----------
snapshot=41
#-----------
time=91421311824
mem_heap_B=1000218624
mem_heap_extra_B=0
mem_stacks_B=0
heap_tree=empty
#-----------
snapshot=42
#-----------
time=96351521708
mem_heap_B=1001267200
mem_heap_extra_B=0
mem_stacks_B=0
heap_tree=empty
#-----------
snapshot=43
#-----------
time=98862590481
mem_heap_B=1032728576
mem_heap_extra_B=0
mem_stacks_B=0
heap_tree=empty
#-----------
snapshot=44
#-----------
time=102175714625
mem_heap_B=1033777152
mem_heap_extra_B=0
mem_stacks_B=0
heap_tree=empty
#-----------
snapshot=45
#-----------
time=107411735141
mem_heap_B=1065238528
mem_heap_extra_B=0
mem_stacks_B=0
heap_tree=empty
#-----------
snapshot=46
#-----------
time=117078300688
mem_heap_B=1096699904
mem_heap_extra_B=0
mem_stacks_B=0
heap_tree=detailed
n4: 1096699904 (page allocation syscalls) mmap/mremap/brk, --alloc-fns, etc.
 n1: 780619776 0x531CB7C: __mmap64 (mmap64.c:58)
  n6: 780619776 0x531CB7C: mmap (mmap64.c:46)
   n1: 568401920 0x52A9E47: sysmalloc_mmap (malloc.c:2248)
    n1: 568401920 0x52AA8C2: sysmalloc (malloc.c:2348)
     n2: 568401920 0x52ABC17: _int_malloc (malloc.c:4334)
      n2: 568401920 0x52ABEED: __libc_malloc2 (malloc.c:3261)
       n2: 568401920 0x4E532FB: operator new(unsigned long) (new_op.cc:50)
        n1: 534843392 0x46A500: std::__detail::_MakeUniq<std::array<Chunk, 15ul> >::__single_object std::make_unique<std::array<Chunk, 15ul>>() (unique_ptr.h:1105)
         n1: 534843392 0x46966C: Chunk& ContiguousStorage<Chunk, 33554432ul, glm::vec<3, int, (glm::qualifier)0>, MathHelpers::glmVecLexicoGraphic<int, 3ul> >::emplace<World*, glm::vec<3, int, (glm::qualifier)0> const&, GenType&>(glm::vec<3, int, (glm::qualifier)0>, World*&&, glm::vec<3, int, (glm::qualifier)0> const&, GenType&) (Helpers.hpp:316)
          n2: 534843392 0x467C91: World::addChunk(glm::vec<3, int, (glm::qualifier)0> const&) (World.cpp:29)
           n1: 503382016 0x4685E9: World::generate(std::vector<glm::vec<3, float, (glm::qualifier)0>, std::allocator<glm::vec<3, float, (glm::qualifier)0> > > const&) (World.cpp:126)
            n1: 503382016 0x468706: World::update(std::vector<glm::vec<3, float, (glm::qualifier)0>, std::allocator<glm::vec<3, float, (glm::qualifier)0> > > const&) (World.cpp:140)
             n1: 503382016 0x40148C: worldThread() (main.cpp:123)
              n1: 503382016 0x45B827: void std::__invoke_impl<void, void (*)()>(std::__invoke_other, void (*&&)()) (invoke.h:63)
               n1: 503382016 0x45B773: std::__invoke_result<void (*)()>::type std::__invoke<void (*)()>(void (*&&)()) (invoke.h:98)
                n1: 503382016 0x45B62B: void std::thread::_Invoker<std::tuple<void (*)()> >::_M_invoke<0ul>(std::_Index_tuple<0ul>) (std_thread.h:303)
                 n1: 503382016 0x45B565: std::thread::_Invoker<std::tuple<void (*)()> >::operator()() (std_thread.h:310)
                  n1: 503382016 0x45B4DD: std::thread::_State_impl<std::thread::_Invoker<std::tuple<void (*)()> > >::_M_run() (std_thread.h:255)
                   n1: 503382016 0x4E843B5: execute_native_thread_routine (thread.cc:105)
                    n1: 503382016 0x529C758: start_thread (pthread_create.c:454)
                     n0: 503382016 0x5320733: clone (clone.S:100)
           n1: 31461376 0x468250: World::generate(std::vector<glm::vec<3, float, (glm::qualifier)0>, std::allocator<glm::vec<3, float, (glm::qualifier)0> > > const&) (World.cpp:95)
            n1: 31461376 0x468706: World::update(std::vector<glm::vec<3, float, (glm::qualifier)0>, std::allocator<glm::vec<3, float, (glm::qualifier)0> > > const&) (World.cpp:140)
             n0: 31461376 0x4023B2: main (main.cpp:256)
        n1: 33558528 0x46175B: std::__detail::_MakeUniq<std::array<ChunkRenderer, 299593ul> >::__single_object std::make_unique<std::array<ChunkRenderer, 299593ul>>() (unique_ptr.h:1105)
         n1: 33558528 0x4609EE: ChunkRenderer& ContiguousStorage<ChunkRenderer, 33554432ul, glm::vec<3, int, (glm::qualifier)0>, MathHelpers::glmVecLexicoGraphic<int, 3ul> >::emplace<Chunk*&, glm::vec<3, float, (glm::qualifier)0> const&>(glm::vec<3, int, (glm::qualifier)0>, Chunk*&, glm::vec<3, float, (glm::qualifier)0> const&) (Helpers.hpp:316)
          n1: 33558528 0x45C1FC: WorldRenderer::renderChunks(ShaderProgram&, Camera const&) (WorldRenderer.cpp:54)
           n0: 33558528 0x402F77: main (main.cpp:378)
       n0: 0 in 1 place, below massif's threshold (1.00%)
      n0: 0 in 2 places, all below massif's threshold (1.00%)
   n1: 134217728 0x52A95C6: alloc_new_heap (arena.c:405)
    n1: 134217728 0x52A9A89: _int_new_arena (arena.c:637)
     n1: 134217728 0x52A9A89: arena_get2 (arena.c:856)
      n1: 134217728 0x52A9A89: arena_get2 (arena.c:817)
       n1: 134217728 0x52ABF36: __libc_malloc2 (malloc.c:3259)
        n2: 134217728 0x4E532FB: operator new(unsigned long) (new_op.cc:50)
         n1: 67108864 0x42EAD8: std::__new_allocator<glm::vec<3, float, (glm::qualifier)0> >::allocate(unsigned long, void const*) (new_allocator.h:162)
          n1: 67108864 0x41CD4E: allocate (allocator.h:206)
           n1: 67108864 0x41CD4E: allocate (alloc_traits.h:638)
            n1: 67108864 0x41CD4E: std::_Vector_base<glm::vec<3, float, (glm::qualifier)0>, std::allocator<glm::vec<3, float, (glm::qualifier)0> > >::_M_allocate(unsigned long) (stl_vector.h:389)
             n1: 67108864 0x41F8D9: glm::vec<3, float, (glm::qualifier)0>* std::vector<glm::vec<3, float, (glm::qualifier)0>, std::allocator<glm::vec<3, float, (glm::qualifier)0> > >::_M_allocate_and_copy<__gnu_cxx::__normal_iterator<glm::vec<3, float, (glm::qualifier)0> const*, std::vector<glm::vec<3, float, (glm::qualifier)0>, std::allocator<glm::vec<3, float, (glm::qualifier)0> > > > >(unsigned long, __gnu_cxx::__normal_iterator<glm::vec<3, float, (glm::qualifier)0> const*, std::vector<glm::vec<3, float, (glm::qualifier)0>, std::allocator<glm::vec<3, float, (glm::qualifier)0> > > >, __gnu_cxx::__normal_iterator<glm::vec<3, float, (glm::qualifier)0> const*, std::vector<glm::vec<3, float, (glm::qualifier)0>, std::allocator<glm::vec<3, float, (glm::qualifier)0> > > >) (stl_vector.h:1900)
              n1: 67108864 0x416AE9: std::vector<glm::vec<3, float, (glm::qualifier)0>, std::allocator<glm::vec<3, float, (glm::qualifier)0> > >::operator=(std::vector<glm::vec<3, float, (glm::qualifier)0>, std::allocator<glm::vec<3, float, (glm::qualifier)0> > > const&) (vector.tcc:242)
               n1: 67108864 0x401453: worldThread() (main.cpp:118)
                n1: 67108864 0x45B827: void std::__invoke_impl<void, void (*)()>(std::__invoke_other, void (*&&)()) (invoke.h:63)
                 n1: 67108864 0x45B773: std::__invoke_result<void (*)()>::type std::__invoke<void (*)()>(void (*&&)()) (invoke.h:98)
                  n1: 67108864 0x45B62B: void std::thread::_Invoker<std::tuple<void (*)()> >::_M_invoke<0ul>(std::_Index_tuple<0ul>) (std_thread.h:303)
                   n1: 67108864 0x45B565: std::thread::_Invoker<std::tuple<void (*)()> >::operator()() (std_thread.h:310)
                    n1: 67108864 0x45B4DD: std::thread::_State_impl<std::thread::_Invoker<std::tuple<void (*)()> > >::_M_run() (std_thread.h:255)
                     n1: 67108864 0x4E843B5: execute_native_thread_routine (thread.cc:105)
                      n1: 67108864 0x529C758: start_thread (pthread_create.c:454)
                       n0: 67108864 0x5320733: clone (clone.S:100)
         n1: 67108864 0x432F3E: std::__new_allocator<char>::allocate(unsigned long, void const*) (new_allocator.h:162)
          n1: 67108864 0x43A0FA: allocate (allocator.h:206)
           n1: 67108864 0x43A0FA: allocate (alloc_traits.h:638)
            n1: 67108864 0x43A0FA: std::_Vector_base<char, std::allocator<char> >::_M_allocate(unsigned long) (stl_vector.h:389)
             n1: 67108864 0x43790A: std::_Vector_base<char, std::allocator<char> >::_M_create_storage(unsigned long) (stl_vector.h:407)
              n1: 67108864 0x4344BA: std::_Vector_base<char, std::allocator<char> >::_Vector_base(unsigned long, std::allocator<char> const&) (stl_vector.h:341)
               n1: 67108864 0x430B2C: std::vector<char, std::allocator<char> >::vector(unsigned long, std::allocator<char> const&) (stl_vector.h:577)
                n1: 67108864 0x42C986: filewatch::FileWatch<std::__cxx11::basic_string<char, std::char_traits<char>, std::allocator<char> > >::monitor_directory() (FileWatch.hpp:617)
                 n1: 67108864 0x42744B: filewatch::FileWatch<std::__cxx11::basic_string<char, std::char_traits<char>, std::allocator<char> > >::init()::{lambda()#2}::operator()() const (FileWatch.hpp:349)
                  n1: 67108864 0x45B7B0: void std::__invoke_impl<void, filewatch::FileWatch<std::__cxx11::basic_string<char, std::char_traits<char>, std::allocator<char> > >::init()::{lambda()#2}>(std::__invoke_other, filewatch::FileWatch<std::__cxx11::basic_string<char, std::char_traits<char>, std::allocator<char> > >::init()::{lambda()#2}&&) (invoke.h:63)
                   n1: 67108864 0x45B6C7: std::__invoke_result<filewatch::FileWatch<std::__cxx11::basic_string<char, std::char_traits<char>, std::allocator<char> > >::init()::{lambda()#2}>::type std::__invoke<filewatch::FileWatch<std::__cxx11::basic_string<char, std::char_traits<char>, std::allocator<char> > >::init()::{lambda()#2}>(filewatch::FileWatch<std::__cxx11::basic_string<char, std::char_traits<char>, std::allocator<char> > >::init()::{lambda()#2}&&) (invoke.h:98)
                    n1: 67108864 0x45B5B9: void std::thread::_Invoker<std::tuple<filewatch::FileWatch<std::__cxx11::basic_string<char, std::char_traits<char>, std::allocator<char> > >::init()::{lambda()#2}> >::_M_invoke<0ul>(std::_Index_tuple<0ul>) (std_thread.h:303)
                     n1: 67108864 0x45B513: std::thread::_Invoker<std::tuple<filewatch::FileWatch<std::__cxx11::basic_string<char, std::char_traits<char>, std::allocator<char> > >::init()::{lambda()#2}> >::operator()() (std_thread.h:310)
                      n1: 67108864 0x45B34D: std::thread::_State_impl<std::thread::_Invoker<std::tuple<filewatch::FileWatch<std::__cxx11::basic_string<char, std::char_traits<char>, std::allocator<char> > >::init()::{lambda()#2}> > >::_M_run() (std_thread.h:255)
                       n1: 67108864 0x4E843B5: execute_native_thread_routine (thread.cc:105)
                        n1: 67108864 0x529C758: start_thread (pthread_create.c:454)
                         n0: 67108864 0x5320733: clone (clone.S:100)
   n2: 26415104 0x67B6CDA: ??? (in /usr/lib64/libnvidia-glcore.so.595.71.05)
    n2: 26415104 0x66C030A: ??? (in /usr/lib64/libnvidia-glcore.so.595.71.05)
     n2: 26345472 0x61F0DF6: ??? (in /usr/lib64/libnvidia-glcore.so.595.71.05)
      n2: 26267648 0x61721CA: ??? (in /usr/lib64/libnvidia-glcore.so.595.71.05)
       n1: 18874368 0x61C677E: ??? (in /usr/lib64/libnvidia-glcore.so.595.71.05)
        n1: 18874368 0x621F96C: ??? (in /usr/lib64/libnvidia-glcore.so.595.71.05)
         n1: 18874368 0x621FAF1: ??? (in /usr/lib64/libnvidia-glcore.so.595.71.05)
          n1: 18874368 0x62296D5: ??? (in /usr/lib64/libnvidia-glcore.so.595.71.05)
           n1: 18874368 0x6237896: ??? (in /usr/lib64/libnvidia-glcore.so.595.71.05)
            n1: 18874368 0x6237E6D: ??? (in /usr/lib64/libnvidia-glcore.so.595.71.05)
             n1: 18874368 0x61BBBBA: ??? (in /usr/lib64/libnvidia-glcore.so.595.71.05)
              n1: 18874368 0x61794D9: ??? (in /usr/lib64/libnvidia-glcore.so.595.71.05)
               n0: 18874368 in 2 places, all below massif's threshold (1.00%)
       n0: 7393280 in 2 places, all below massif's threshold (1.00%)
      n0: 77824 in 1 place, below massif's threshold (1.00%)
     n0: 69632 in 2 places, all below massif's threshold (1.00%)
    n0: 0 in 1 place, below massif's threshold (1.00%)
   n1: 25300992 0x52AACBD: sysmalloc_mmap_fallback (malloc.c:2289)
    n1: 25300992 0x52AACBD: sysmalloc (malloc.c:2501)
     n2: 25300992 0x52ABC17: _int_malloc (malloc.c:4334)
      n1: 23203840 0x52ABEED: __libc_malloc2 (malloc.c:3261)
       n1: 23203840 0x613FD81: ??? (in /usr/lib64/libnvidia-glcore.so.595.71.05)
        n2: 23203840 0x5EA51EA: ??? (in /usr/lib64/libnvidia-glcore.so.595.71.05)
         n1: 16912384 0x61F4504: ??? (in /usr/lib64/libnvidia-glcore.so.595.71.05)
          n1: 16912384 0x61FD952: ??? (in /usr/lib64/libnvidia-glcore.so.595.71.05)
           n1: 16912384 0x6758FDC: ??? (in /usr/lib64/libnvidia-glcore.so.595.71.05)
            n1: 16912384 0x67593C4: ??? (in /usr/lib64/libnvidia-glcore.so.595.71.05)
             n1: 16912384 0x5ED032D: ??? (in /usr/lib64/libnvidia-glcore.so.595.71.05)
              n1: 16912384 0x5F2223C: ??? (in /usr/lib64/libnvidia-glcore.so.595.71.05)
               n1: 16912384 0x5EA4516: ??? (in /usr/lib64/libnvidia-glcore.so.595.71.05)
                n1: 16912384 0x5EB5C73: ??? (in /usr/lib64/libnvidia-glcore.so.595.71.05)
                 n1: 16912384 0x5EB5D0F: ??? (in /usr/lib64/libnvidia-glcore.so.595.71.05)
                  n1: 16912384 0x4100F7: ShadowMap::initShaderData() (Texture.hpp:214)
                   n0: 16912384 0x4022D4: main (main.cpp:246)
         n0: 6291456 in 1 place, below massif's threshold (1.00%)
      n0: 2097152 in 2 places, all below massif's threshold (1.00%)
   n1: 25178112 0x529D410: allocate_thread_stack (allocatestack.c:169)
    n1: 25178112 0x529D410: allocate_stack (allocatestack.c:508)
     n1: 25178112 0x529D410: pthread_create@@GLIBC_2.34 (pthread_create.c:680)
      n1: 25178112 0x4E84488: __gthread_create (gthr-default.h:709)
       n1: 25178112 0x4E84488: std::thread::_M_start_thread(std::unique_ptr<std::thread::_State, std::default_delete<std::thread::_State> >, void (*)()) (thread.cc:173)
        n0: 25178112 in 3 places, all below massif's threshold (1.00%)
   n0: 1105920 in 5 places, all below massif's threshold (1.00%)
 n1: 254623744 0x402485C: __mmap64 (mmap64.c:58)
  n3: 254623744 0x402485C: mmap (mmap64.c:46)
   n1: 152305664 0x4007822: _dl_map_segment (dl-map-segments.h:30)
    n1: 152305664 0x4007822: _dl_map_segments (dl-map-segments.h:102)
     n1: 152305664 0x4007822: _dl_map_object_from_fd (dl-load.c:1259)
      n2: 152305664 0x4009008: _dl_map_new_object (dl-load.c:2187)
       n1: 149884928 0x4002ABC: openaux (dl-deps.c:64)
        n1: 149884928 0x4001728: _dl_catch_exception (dl-catch.c:241)
         n2: 149884928 0x4002EEE: _dl_map_object_deps (dl-deps.c:232)
          n1: 136835072 0x400CFCF: dl_open_worker_begin (dl-open.c:609)
           n1: 136835072 0x4001728: _dl_catch_exception (dl-catch.c:241)
            n1: 136835072 0x400C542: dl_open_worker (dl-open.c:762)
             n1: 136835072 0x4001728: _dl_catch_exception (dl-catch.c:241)
              n1: 136835072 0x400CAA9: _dl_open (dl-open.c:900)
               n1: 136835072 0x5298C03: dlopen_doit (dlopen.c:56)
                n1: 136835072 0x4001728: _dl_catch_exception (dl-catch.c:241)
                 n1: 136835072 0x4001878: _dl_catch_error (dl-catch.c:260)
                  n1: 136835072 0x52986F2: _dlerror_run (dlerror.c:138)
                   n1: 136835072 0x5298CBA: dlopen_implementation (dlopen.c:71)
                    n2: 136835072 0x5298CBA: dlopen@@GLIBC_2.34 (dlopen.c:81)
                     n1: 135471104 0x4BCBF63: __glXLookupVendorByName.part.0 (libglxmapping.c:428)
                      n1: 135471104 0x4BCCD19: __glXLookupVendorByName (libglxmapping.c:391)
                       n1: 135471104 0x4BCCD19: __glXLookupVendorByScreen.part.0 (libglxmapping.c:572)
                        n1: 135471104 0x4BCDCB1: __glXLookupVendorByScreen (libglxmapping.c:524)
                         n1: 135471104 0x4BCDCB1: __glXGetDynDispatch (libglxmapping.c:610)
                          n1: 135471104 0x4BCDCB1: glXQueryExtensionsString (libglx.c:1473)
                           n1: 135471104 0x4DC07AC: extensionSupportedGLX (in /home/leo/Cours/S8/HAI819I_moteur_jeux/build/external/glfw/src/libglfw.so.3.4)
                            n1: 135471104 0x4DC0EEA: _glfwInitGLX (in /home/leo/Cours/S8/HAI819I_moteur_jeux/build/external/glfw/src/libglfw.so.3.4)
                             n1: 135471104 0x4DBC9BE: _glfwCreateWindowX11 (in /home/leo/Cours/S8/HAI819I_moteur_jeux/build/external/glfw/src/libglfw.so.3.4)
                              n1: 135471104 0x4DA874D: glfwCreateWindow (in /home/leo/Cours/S8/HAI819I_moteur_jeux/build/external/glfw/src/libglfw.so.3.4)
                               n1: 135471104 0x409ADF: Window::init() (Window.hpp:258)
                                n1: 135471104 0x4012DC: globalInit(Window&) (main.cpp:52)
                                 n0: 135471104 0x401A49: main (main.cpp:140)
                     n0: 1363968 in 2 places, all below massif's threshold (1.00%)
          n1: 13049856 0x4021388: dl_main (rtld.c:1947)
           n1: 13049856 0x401E055: _dl_sysdep_start (dl-sysdep.c:140)
            n1: 13049856 0x401F780: _dl_start_final (rtld.c:496)
             n1: 13049856 0x401F780: _dl_start (rtld.c:581)
              n0: 13049856 0x401E5C7: ??? (in /usr/lib64/ld-linux-x86-64.so.2)
       n0: 2420736 in 2 places, all below massif's threshold (1.00%)
   n1: 100982784 0x4007974: _dl_map_segments (dl-map-segments.h:140)
    n1: 100982784 0x4007974: _dl_map_object_from_fd (dl-load.c:1259)
     n2: 100982784 0x4009008: _dl_map_new_object (dl-load.c:2187)
      n1: 99446784 0x4002ABC: openaux (dl-deps.c:64)
       n1: 99446784 0x4001728: _dl_catch_exception (dl-catch.c:241)
        n2: 99446784 0x4002EEE: _dl_map_object_deps (dl-deps.c:232)
         n1: 93831168 0x400CFCF: dl_open_worker_begin (dl-open.c:609)
          n1: 93831168 0x4001728: _dl_catch_exception (dl-catch.c:241)
           n1: 93831168 0x400C542: dl_open_worker (dl-open.c:762)
            n1: 93831168 0x4001728: _dl_catch_exception (dl-catch.c:241)
             n1: 93831168 0x400CAA9: _dl_open (dl-open.c:900)
              n1: 93831168 0x5298C03: dlopen_doit (dlopen.c:56)
               n1: 93831168 0x4001728: _dl_catch_exception (dl-catch.c:241)
                n1: 93831168 0x4001878: _dl_catch_error (dl-catch.c:260)
                 n1: 93831168 0x52986F2: _dlerror_run (dlerror.c:138)
                  n1: 93831168 0x5298CBA: dlopen_implementation (dlopen.c:71)
                   n2: 93831168 0x5298CBA: dlopen@@GLIBC_2.34 (dlopen.c:81)
                    n1: 93372416 0x4BCBF63: __glXLookupVendorByName.part.0 (libglxmapping.c:428)
                     n1: 93372416 0x4BCCD19: __glXLookupVendorByName (libglxmapping.c:391)
                      n1: 93372416 0x4BCCD19: __glXLookupVendorByScreen.part.0 (libglxmapping.c:572)
                       n1: 93372416 0x4BCDCB1: __glXLookupVendorByScreen (libglxmapping.c:524)
                        n1: 93372416 0x4BCDCB1: __glXGetDynDispatch (libglxmapping.c:610)
                         n1: 93372416 0x4BCDCB1: glXQueryExtensionsString (libglx.c:1473)
                          n1: 93372416 0x4DC07AC: extensionSupportedGLX (in /home/leo/Cours/S8/HAI819I_moteur_jeux/build/external/glfw/src/libglfw.so.3.4)
                           n1: 93372416 0x4DC0EEA: _glfwInitGLX (in /home/leo/Cours/S8/HAI819I_moteur_jeux/build/external/glfw/src/libglfw.so.3.4)
                            n1: 93372416 0x4DBC9BE: _glfwCreateWindowX11 (in /home/leo/Cours/S8/HAI819I_moteur_jeux/build/external/glfw/src/libglfw.so.3.4)
                             n1: 93372416 0x4DA874D: glfwCreateWindow (in /home/leo/Cours/S8/HAI819I_moteur_jeux/build/external/glfw/src/libglfw.so.3.4)
                              n1: 93372416 0x409ADF: Window::init() (Window.hpp:258)
                               n1: 93372416 0x4012DC: globalInit(Window&) (main.cpp:52)
                                n0: 93372416 0x401A49: main (main.cpp:140)
                    n0: 458752 in 2 places, all below massif's threshold (1.00%)
         n0: 5615616 in 1 place, below massif's threshold (1.00%)
      n0: 1536000 in 2 places, all below massif's threshold (1.00%)
   n0: 1335296 in 3 places, all below massif's threshold (1.00%)
 n0: 53116928 0x0: ???
 n0: 8339456 in 3 places, all below massif's threshold (1.00%)
#-----------
snapshot=47
#-----------
time=125482226365
mem_heap_B=1128161280
mem_heap_extra_B=0
mem_stacks_B=0
heap_tree=empty
#-----------
snapshot=48
#-----------
time=130925470696
mem_heap_B=1128161280
mem_heap_extra_B=0
mem_stacks_B=0
heap_tree=peak
n4: 1128161280 (page allocation syscalls) mmap/mremap/brk, --alloc-fns, etc.
 n1: 812081152 0x531CB7C: __mmap64 (mmap64.c:58)
  n6: 812081152 0x531CB7C: mmap (mmap64.c:46)
   n1: 599863296 0x52A9E47: sysmalloc_mmap (malloc.c:2248)
    n1: 599863296 0x52AA8C2: sysmalloc (malloc.c:2348)
     n2: 599863296 0x52ABC17: _int_malloc (malloc.c:4334)
      n2: 599863296 0x52ABEED: __libc_malloc2 (malloc.c:3261)
       n2: 599863296 0x4E532FB: operator new(unsigned long) (new_op.cc:50)
        n1: 566304768 0x46A500: std::__detail::_MakeUniq<std::array<Chunk, 15ul> >::__single_object std::make_unique<std::array<Chunk, 15ul>>() (unique_ptr.h:1105)
         n1: 566304768 0x46966C: Chunk& ContiguousStorage<Chunk, 33554432ul, glm::vec<3, int, (glm::qualifier)0>, MathHelpers::glmVecLexicoGraphic<int, 3ul> >::emplace<World*, glm::vec<3, int, (glm::qualifier)0> const&, GenType&>(glm::vec<3, int, (glm::qualifier)0>, World*&&, glm::vec<3, int, (glm::qualifier)0> const&, GenType&) (Helpers.hpp:316)
          n2: 566304768 0x467C91: World::addChunk(glm::vec<3, int, (glm::qualifier)0> const&) (World.cpp:29)
           n1: 534843392 0x4685E9: World::generate(std::vector<glm::vec<3, float, (glm::qualifier)0>, std::allocator<glm::vec<3, float, (glm::qualifier)0> > > const&) (World.cpp:126)
            n1: 534843392 0x468706: World::update(std::vector<glm::vec<3, float, (glm::qualifier)0>, std::allocator<glm::vec<3, float, (glm::qualifier)0> > > const&) (World.cpp:140)
             n1: 534843392 0x40148C: worldThread() (main.cpp:123)
              n1: 534843392 0x45B827: void std::__invoke_impl<void, void (*)()>(std::__invoke_other, void (*&&)()) (invoke.h:63)
               n1: 534843392 0x45B773: std::__invoke_result<void (*)()>::type std::__invoke<void (*)()>(void (*&&)()) (invoke.h:98)
                n1: 534843392 0x45B62B: void std::thread::_Invoker<std::tuple<void (*)()> >::_M_invoke<0ul>(std::_Index_tuple<0ul>) (std_thread.h:303)
                 n1: 534843392 0x45B565: std::thread::_Invoker<std::tuple<void (*)()> >::operator()() (std_thread.h:310)
                  n1: 534843392 0x45B4DD: std::thread::_State_impl<std::thread::_Invoker<std::tuple<void (*)()> > >::_M_run() (std_thread.h:255)
                   n1: 534843392 0x4E843B5: execute_native_thread_routine (thread.cc:105)
                    n1: 534843392 0x529C758: start_thread (pthread_create.c:454)
                     n0: 534843392 0x5320733: clone (clone.S:100)
           n1: 31461376 0x468250: World::generate(std::vector<glm::vec<3, float, (glm::qualifier)0>, std::allocator<glm::vec<3, float, (glm::qualifier)0> > > const&) (World.cpp:95)
            n1: 31461376 0x468706: World::update(std::vector<glm::vec<3, float, (glm::qualifier)0>, std::allocator<glm::vec<3, float, (glm::qualifier)0> > > const&) (World.cpp:140)
             n0: 31461376 0x4023B2: main (main.cpp:256)
        n1: 33558528 0x46175B: std::__detail::_MakeUniq<std::array<ChunkRenderer, 299593ul> >::__single_object std::make_unique<std::array<ChunkRenderer, 299593ul>>() (unique_ptr.h:1105)
         n1: 33558528 0x4609EE: ChunkRenderer& ContiguousStorage<ChunkRenderer, 33554432ul, glm::vec<3, int, (glm::qualifier)0>, MathHelpers::glmVecLexicoGraphic<int, 3ul> >::emplace<Chunk*&, glm::vec<3, float, (glm::qualifier)0> const&>(glm::vec<3, int, (glm::qualifier)0>, Chunk*&, glm::vec<3, float, (glm::qualifier)0> const&) (Helpers.hpp:316)
          n1: 33558528 0x45C1FC: WorldRenderer::renderChunks(ShaderProgram&, Camera const&) (WorldRenderer.cpp:54)
           n0: 33558528 0x402F77: main (main.cpp:378)
       n0: 0 in 1 place, below massif's threshold (1.00%)
      n0: 0 in 2 places, all below massif's threshold (1.00%)
   n1: 134217728 0x52A95C6: alloc_new_heap (arena.c:405)
    n1: 134217728 0x52A9A89: _int_new_arena (arena.c:637)
     n1: 134217728 0x52A9A89: arena_get2 (arena.c:856)
      n1: 134217728 0x52A9A89: arena_get2 (arena.c:817)
       n1: 134217728 0x52ABF36: __libc_malloc2 (malloc.c:3259)
        n2: 134217728 0x4E532FB: operator new(unsigned long) (new_op.cc:50)
         n1: 67108864 0x42EAD8: std::__new_allocator<glm::vec<3, float, (glm::qualifier)0> >::allocate(unsigned long, void const*) (new_allocator.h:162)
          n1: 67108864 0x41CD4E: allocate (allocator.h:206)
           n1: 67108864 0x41CD4E: allocate (alloc_traits.h:638)
            n1: 67108864 0x41CD4E: std::_Vector_base<glm::vec<3, float, (glm::qualifier)0>, std::allocator<glm::vec<3, float, (glm::qualifier)0> > >::_M_allocate(unsigned long) (stl_vector.h:389)
             n1: 67108864 0x41F8D9: glm::vec<3, float, (glm::qualifier)0>* std::vector<glm::vec<3, float, (glm::qualifier)0>, std::allocator<glm::vec<3, float, (glm::qualifier)0> > >::_M_allocate_and_copy<__gnu_cxx::__normal_iterator<glm::vec<3, float, (glm::qualifier)0> const*, std::vector<glm::vec<3, float, (glm::qualifier)0>, std::allocator<glm::vec<3, float, (glm::qualifier)0> > > > >(unsigned long, __gnu_cxx::__normal_iterator<glm::vec<3, float, (glm::qualifier)0> const*, std::vector<glm::vec<3, float, (glm::qualifier)0>, std::allocator<glm::vec<3, float, (glm::qualifier)0> > > >, __gnu_cxx::__normal_iterator<glm::vec<3, float, (glm::qualifier)0> const*, std::vector<glm::vec<3, float, (glm::qualifier)0>, std::allocator<glm::vec<3, float, (glm::qualifier)0> > > >) (stl_vector.h:1900)
              n1: 67108864 0x416AE9: std::vector<glm::vec<3, float, (glm::qualifier)0>, std::allocator<glm::vec<3, float, (glm::qualifier)0> > >::operator=(std::vector<glm::vec<3, float, (glm::qualifier)0>, std::allocator<glm::vec<3, float, (glm::qualifier)0> > > const&) (vector.tcc:242)
               n1: 67108864 0x401453: worldThread() (main.cpp:118)
                n1: 67108864 0x45B827: void std::__invoke_impl<void, void (*)()>(std::__invoke_other, void (*&&)()) (invoke.h:63)
                 n1: 67108864 0x45B773: std::__invoke_result<void (*)()>::type std::__invoke<void (*)()>(void (*&&)()) (invoke.h:98)
                  n1: 67108864 0x45B62B: void std::thread::_Invoker<std::tuple<void (*)()> >::_M_invoke<0ul>(std::_Index_tuple<0ul>) (std_thread.h:303)
                   n1: 67108864 0x45B565: std::thread::_Invoker<std::tuple<void (*)()> >::operator()() (std_thread.h:310)
                    n1: 67108864 0x45B4DD: std::thread::_State_impl<std::thread::_Invoker<std::tuple<void (*)()> > >::_M_run() (std_thread.h:255)
                     n1: 67108864 0x4E843B5: execute_native_thread_routine (thread.cc:105)
                      n1: 67108864 0x529C758: start_thread (pthread_create.c:454)
                       n0: 67108864 0x5320733: clone (clone.S:100)
         n1: 67108864 0x432F3E: std::__new_allocator<char>::allocate(unsigned long, void const*) (new_allocator.h:162)
          n1: 67108864 0x43A0FA: allocate (allocator.h:206)
           n1: 67108864 0x43A0FA: allocate (alloc_traits.h:638)
            n1: 67108864 0x43A0FA: std::_Vector_base<char, std::allocator<char> >::_M_allocate(unsigned long) (stl_vector.h:389)
             n1: 67108864 0x43790A: std::_Vector_base<char, std::allocator<char> >::_M_create_storage(unsigned long) (stl_vector.h:407)
              n1: 67108864 0x4344BA: std::_Vector_base<char, std::allocator<char> >::_Vector_base(unsigned long, std::allocator<char> const&) (stl_vector.h:341)
               n1: 67108864 0x430B2C: std::vector<char, std::allocator<char> >::vector(unsigned long, std::allocator<char> const&) (stl_vector.h:577)
                n1: 67108864 0x42C986: filewatch::FileWatch<std::__cxx11::basic_string<char, std::char_traits<char>, std::allocator<char> > >::monitor_directory() (FileWatch.hpp:617)
                 n1: 67108864 0x42744B: filewatch::FileWatch<std::__cxx11::basic_string<char, std::char_traits<char>, std::allocator<char> > >::init()::{lambda()#2}::operator()() const (FileWatch.hpp:349)
                  n1: 67108864 0x45B7B0: void std::__invoke_impl<void, filewatch::FileWatch<std::__cxx11::basic_string<char, std::char_traits<char>, std::allocator<char> > >::init()::{lambda()#2}>(std::__invoke_other, filewatch::FileWatch<std::__cxx11::basic_string<char, std::char_traits<char>, std::allocator<char> > >::init()::{lambda()#2}&&) (invoke.h:63)
                   n1: 67108864 0x45B6C7: std::__invoke_result<filewatch::FileWatch<std::__cxx11::basic_string<char, std::char_traits<char>, std::allocator<char> > >::init()::{lambda()#2}>::type std::__invoke<filewatch::FileWatch<std::__cxx11::basic_string<char, std::char_traits<char>, std::allocator<char> > >::init()::{lambda()#2}>(filewatch::FileWatch<std::__cxx11::basic_string<char, std::char_traits<char>, std::allocator<char> > >::init()::{lambda()#2}&&) (invoke.h:98)
                    n1: 67108864 0x45B5B9: void std::thread::_Invoker<std::tuple<filewatch::FileWatch<std::__cxx11::basic_string<char, std::char_traits<char>, std::allocator<char> > >::init()::{lambda()#2}> >::_M_invoke<0ul>(std::_Index_tuple<0ul>) (std_thread.h:303)
                     n1: 67108864 0x45B513: std::thread::_Invoker<std::tuple<filewatch::FileWatch<std::__cxx11::basic_string<char, std::char_traits<char>, std::allocator<char> > >::init()::{lambda()#2}> >::operator()() (std_thread.h:310)
                      n1: 67108864 0x45B34D: std::thread::_State_impl<std::thread::_Invoker<std::tuple<filewatch::FileWatch<std::__cxx11::basic_string<char, std::char_traits<char>, std::allocator<char> > >::init()::{lambda()#2}> > >::_M_run() (std_thread.h:255)
                       n1: 67108864 0x4E843B5: execute_native_thread_routine (thread.cc:105)
                        n1: 67108864 0x529C758: start_thread (pthread_create.c:454)
                         n0: 67108864 0x5320733: clone (clone.S:100)
   n2: 26415104 0x67B6CDA: ??? (in /usr/lib64/libnvidia-glcore.so.595.71.05)
    n2: 26415104 0x66C030A: ??? (in /usr/lib64/libnvidia-glcore.so.595.71.05)
     n2: 26345472 0x61F0DF6: ??? (in /usr/lib64/libnvidia-glcore.so.595.71.05)
      n2: 26267648 0x61721CA: ??? (in /usr/lib64/libnvidia-glcore.so.595.71.05)
       n1: 18874368 0x61C677E: ??? (in /usr/lib64/libnvidia-glcore.so.595.71.05)
        n1: 18874368 0x621F96C: ??? (in /usr/lib64/libnvidia-glcore.so.595.71.05)
         n1: 18874368 0x621FAF1: ??? (in /usr/lib64/libnvidia-glcore.so.595.71.05)
          n1: 18874368 0x62296D5: ??? (in /usr/lib64/libnvidia-glcore.so.595.71.05)
           n1: 18874368 0x6237896: ??? (in /usr/lib64/libnvidia-glcore.so.595.71.05)
            n1: 18874368 0x6237E6D: ??? (in /usr/lib64/libnvidia-glcore.so.595.71.05)
             n1: 18874368 0x61BBBBA: ??? (in /usr/lib64/libnvidia-glcore.so.595.71.05)
              n1: 18874368 0x61794D9: ??? (in /usr/lib64/libnvidia-glcore.so.595.71.05)
               n0: 18874368 in 2 places, all below massif's threshold (1.00%)
       n0: 7393280 in 2 places, all below massif's threshold (1.00%)
      n0: 77824 in 1 place, below massif's threshold (1.00%)
     n0: 69632 in 2 places, all below massif's threshold (1.00%)
    n0: 0 in 1 place, below massif's threshold (1.00%)
   n1: 25300992 0x52AACBD: sysmalloc_mmap_fallback (malloc.c:2289)
    n1: 25300992 0x52AACBD: sysmalloc (malloc.c:2501)
     n2: 25300992 0x52ABC17: _int_malloc (malloc.c:4334)
      n1: 23203840 0x52ABEED: __libc_malloc2 (malloc.c:3261)
       n1: 23203840 0x613FD81: ??? (in /usr/lib64/libnvidia-glcore.so.595.71.05)
        n2: 23203840 0x5EA51EA: ??? (in /usr/lib64/libnvidia-glcore.so.595.71.05)
         n1: 16912384 0x61F4504: ??? (in /usr/lib64/libnvidia-glcore.so.595.71.05)
          n1: 16912384 0x61FD952: ??? (in /usr/lib64/libnvidia-glcore.so.595.71.05)
           n1: 16912384 0x6758FDC: ??? (in /usr/lib64/libnvidia-glcore.so.595.71.05)
            n1: 16912384 0x67593C4: ??? (in /usr/lib64/libnvidia-glcore.so.595.71.05)
             n1: 16912384 0x5ED032D: ??? (in /usr/lib64/libnvidia-glcore.so.595.71.05)
              n1: 16912384 0x5F2223C: ??? (in /usr/lib64/libnvidia-glcore.so.595.71.05)
               n1: 16912384 0x5EA4516: ??? (in /usr/lib64/libnvidia-glcore.so.595.71.05)
                n1: 16912384 0x5EB5C73: ??? (in /usr/lib64/libnvidia-glcore.so.595.71.05)
                 n1: 16912384 0x5EB5D0F: ??? (in /usr/lib64/libnvidia-glcore.so.595.71.05)
                  n1: 16912384 0x4100F7: ShadowMap::initShaderData() (Texture.hpp:214)
                   n0: 16912384 0x4022D4: main (main.cpp:246)
         n0: 6291456 in 1 place, below massif's threshold (1.00%)
      n0: 2097152 in 2 places, all below massif's threshold (1.00%)
   n1: 25178112 0x529D410: allocate_thread_stack (allocatestack.c:169)
    n1: 25178112 0x529D410: allocate_stack (allocatestack.c:508)
     n1: 25178112 0x529D410: pthread_create@@GLIBC_2.34 (pthread_create.c:680)
      n1: 25178112 0x4E84488: __gthread_create (gthr-default.h:709)
       n1: 25178112 0x4E84488: std::thread::_M_start_thread(std::unique_ptr<std::thread::_State, std::default_delete<std::thread::_State> >, void (*)()) (thread.cc:173)
        n0: 25178112 in 3 places, all below massif's threshold (1.00%)
   n0: 1105920 in 5 places, all below massif's threshold (1.00%)
 n1: 254623744 0x402485C: __mmap64 (mmap64.c:58)
  n3: 254623744 0x402485C: mmap (mmap64.c:46)
   n1: 152305664 0x4007822: _dl_map_segment (dl-map-segments.h:30)
    n1: 152305664 0x4007822: _dl_map_segments (dl-map-segments.h:102)
     n1: 152305664 0x4007822: _dl_map_object_from_fd (dl-load.c:1259)
      n2: 152305664 0x4009008: _dl_map_new_object (dl-load.c:2187)
       n1: 149884928 0x4002ABC: openaux (dl-deps.c:64)
        n1: 149884928 0x4001728: _dl_catch_exception (dl-catch.c:241)
         n2: 149884928 0x4002EEE: _dl_map_object_deps (dl-deps.c:232)
          n1: 136835072 0x400CFCF: dl_open_worker_begin (dl-open.c:609)
           n1: 136835072 0x4001728: _dl_catch_exception (dl-catch.c:241)
            n1: 136835072 0x400C542: dl_open_worker (dl-open.c:762)
             n1: 136835072 0x4001728: _dl_catch_exception (dl-catch.c:241)
              n1: 136835072 0x400CAA9: _dl_open (dl-open.c:900)
               n1: 136835072 0x5298C03: dlopen_doit (dlopen.c:56)
                n1: 136835072 0x4001728: _dl_catch_exception (dl-catch.c:241)
                 n1: 136835072 0x4001878: _dl_catch_error (dl-catch.c:260)
                  n1: 136835072 0x52986F2: _dlerror_run (dlerror.c:138)
                   n1: 136835072 0x5298CBA: dlopen_implementation (dlopen.c:71)
                    n2: 136835072 0x5298CBA: dlopen@@GLIBC_2.34 (dlopen.c:81)
                     n1: 135471104 0x4BCBF63: __glXLookupVendorByName.part.0 (libglxmapping.c:428)
                      n1: 135471104 0x4BCCD19: __glXLookupVendorByName (libglxmapping.c:391)
                       n1: 135471104 0x4BCCD19: __glXLookupVendorByScreen.part.0 (libglxmapping.c:572)
                        n1: 135471104 0x4BCDCB1: __glXLookupVendorByScreen (libglxmapping.c:524)
                         n1: 135471104 0x4BCDCB1: __glXGetDynDispatch (libglxmapping.c:610)
                          n1: 135471104 0x4BCDCB1: glXQueryExtensionsString (libglx.c:1473)
                           n1: 135471104 0x4DC07AC: extensionSupportedGLX (in /home/leo/Cours/S8/HAI819I_moteur_jeux/build/external/glfw/src/libglfw.so.3.4)
                            n1: 135471104 0x4DC0EEA: _glfwInitGLX (in /home/leo/Cours/S8/HAI819I_moteur_jeux/build/external/glfw/src/libglfw.so.3.4)
                             n1: 135471104 0x4DBC9BE: _glfwCreateWindowX11 (in /home/leo/Cours/S8/HAI819I_moteur_jeux/build/external/glfw/src/libglfw.so.3.4)
                              n1: 135471104 0x4DA874D: glfwCreateWindow (in /home/leo/Cours/S8/HAI819I_moteur_jeux/build/external/glfw/src/libglfw.so.3.4)
                               n1: 135471104 0x409ADF: Window::init() (Window.hpp:258)
                                n1: 135471104 0x4012DC: globalInit(Window&) (main.cpp:52)
                                 n0: 135471104 0x401A49: main (main.cpp:140)
                     n0: 1363968 in 2 places, all below massif's threshold (1.00%)
          n1: 13049856 0x4021388: dl_main (rtld.c:1947)
           n1: 13049856 0x401E055: _dl_sysdep_start (dl-sysdep.c:140)
            n1: 13049856 0x401F780: _dl_start_final (rtld.c:496)
             n1: 13049856 0x401F780: _dl_start (rtld.c:581)
              n0: 13049856 0x401E5C7: ??? (in /usr/lib64/ld-linux-x86-64.so.2)
       n0: 2420736 in 2 places, all below massif's threshold (1.00%)
   n1: 100982784 0x4007974: _dl_map_segments (dl-map-segments.h:140)
    n1: 100982784 0x4007974: _dl_map_object_from_fd (dl-load.c:1259)
     n2: 100982784 0x4009008: _dl_map_new_object (dl-load.c:2187)
      n1: 99446784 0x4002ABC: openaux (dl-deps.c:64)
       n1: 99446784 0x4001728: _dl_catch_exception (dl-catch.c:241)
        n2: 99446784 0x4002EEE: _dl_map_object_deps (dl-deps.c:232)
         n1: 93831168 0x400CFCF: dl_open_worker_begin (dl-open.c:609)
          n1: 93831168 0x4001728: _dl_catch_exception (dl-catch.c:241)
           n1: 93831168 0x400C542: dl_open_worker (dl-open.c:762)
            n1: 93831168 0x4001728: _dl_catch_exception (dl-catch.c:241)
             n1: 93831168 0x400CAA9: _dl_open (dl-open.c:900)
              n1: 93831168 0x5298C03: dlopen_doit (dlopen.c:56)
               n1: 93831168 0x4001728: _dl_catch_exception (dl-catch.c:241)
                n1: 93831168 0x4001878: _dl_catch_error (dl-catch.c:260)
                 n1: 93831168 0x52986F2: _dlerror_run (dlerror.c:138)
                  n1: 93831168 0x5298CBA: dlopen_implementation (dlopen.c:71)
                   n2: 93831168 0x5298CBA: dlopen@@GLIBC_2.34 (dlopen.c:81)
                    n1: 93372416 0x4BCBF63: __glXLookupVendorByName.part.0 (libglxmapping.c:428)
                     n1: 93372416 0x4BCCD19: __glXLookupVendorByName (libglxmapping.c:391)
                      n1: 93372416 0x4BCCD19: __glXLookupVendorByScreen.part.0 (libglxmapping.c:572)
                       n1: 93372416 0x4BCDCB1: __glXLookupVendorByScreen (libglxmapping.c:524)
                        n1: 93372416 0x4BCDCB1: __glXGetDynDispatch (libglxmapping.c:610)
                         n1: 93372416 0x4BCDCB1: glXQueryExtensionsString (libglx.c:1473)
                          n1: 93372416 0x4DC07AC: extensionSupportedGLX (in /home/leo/Cours/S8/HAI819I_moteur_jeux/build/external/glfw/src/libglfw.so.3.4)
                           n1: 93372416 0x4DC0EEA: _glfwInitGLX (in /home/leo/Cours/S8/HAI819I_moteur_jeux/build/external/glfw/src/libglfw.so.3.4)
                            n1: 93372416 0x4DBC9BE: _glfwCreateWindowX11 (in /home/leo/Cours/S8/HAI819I_moteur_jeux/build/external/glfw/src/libglfw.so.3.4)
                             n1: 93372416 0x4DA874D: glfwCreateWindow (in /home/leo/Cours/S8/HAI819I_moteur_jeux/build/external/glfw/src/libglfw.so.3.4)
                              n1: 93372416 0x409ADF: Window::init() (Window.hpp:258)
                               n1: 93372416 0x4012DC: globalInit(Window&) (main.cpp:52)
                                n0: 93372416 0x401A49: main (main.cpp:140)
                    n0: 458752 in 2 places, all below massif's threshold (1.00%)
         n0: 5615616 in 1 place, below massif's threshold (1.00%)
      n0: 1536000 in 2 places, all below massif's threshold (1.00%)
   n0: 1335296 in 3 places, all below massif's threshold (1.00%)
 n0: 53116928 0x0: ???
 n0: 8339456 in 3 places, all below massif's threshold (1.00%)
#-----------
snapshot=49
#-----------
time=130942852945
mem_heap_B=527405056
mem_heap_extra_B=0
mem_stacks_B=0
heap_tree=empty
#-----------
snapshot=50
#-----------
time=130942874451
mem_heap_B=527319040
mem_heap_extra_B=0
mem_stacks_B=0
heap_tree=empty
#-----------
snapshot=51
#-----------
time=130942894825
mem_heap_B=527249408
mem_heap_extra_B=0
mem_stacks_B=0
heap_tree=empty
#-----------
snapshot=52
#-----------
time=130943931303
mem_heap_B=527142912
mem_heap_extra_B=0
mem_stacks_B=0
heap_tree=detailed
n5: 527142912 (page allocation syscalls) mmap/mremap/brk, --alloc-fns, etc.
 n1: 254218240 0x402485C: __mmap64 (mmap64.c:58)
  n3: 254218240 0x402485C: mmap (mmap64.c:46)
   n1: 152096768 0x4007822: _dl_map_segment (dl-map-segments.h:30)
    n1: 152096768 0x4007822: _dl_map_segments (dl-map-segments.h:102)
     n1: 152096768 0x4007822: _dl_map_object_from_fd (dl-load.c:1259)
      n2: 152096768 0x4009008: _dl_map_new_object (dl-load.c:2187)
       n1: 149835776 0x4002ABC: openaux (dl-deps.c:64)
        n1: 149835776 0x4001728: _dl_catch_exception (dl-catch.c:241)
         n2: 149835776 0x4002EEE: _dl_map_object_deps (dl-deps.c:232)
          n1: 136785920 0x400CFCF: dl_open_worker_begin (dl-open.c:609)
           n1: 136785920 0x4001728: _dl_catch_exception (dl-catch.c:241)
            n1: 136785920 0x400C542: dl_open_worker (dl-open.c:762)
             n1: 136785920 0x4001728: _dl_catch_exception (dl-catch.c:241)
              n1: 136785920 0x400CAA9: _dl_open (dl-open.c:900)
               n1: 136785920 0x5298C03: dlopen_doit (dlopen.c:56)
                n1: 136785920 0x4001728: _dl_catch_exception (dl-catch.c:241)
                 n1: 136785920 0x4001878: _dl_catch_error (dl-catch.c:260)
                  n1: 136785920 0x52986F2: _dlerror_run (dlerror.c:138)
                   n1: 136785920 0x5298CBA: dlopen_implementation (dlopen.c:71)
                    n2: 136785920 0x5298CBA: dlopen@@GLIBC_2.34 (dlopen.c:81)
                     n1: 135471104 0x4BCBF63: __glXLookupVendorByName.part.0 (libglxmapping.c:428)
                      n1: 135471104 0x4BCCD19: __glXLookupVendorByName (libglxmapping.c:391)
                       n1: 135471104 0x4BCCD19: __glXLookupVendorByScreen.part.0 (libglxmapping.c:572)
                        n1: 135471104 0x4BCDCB1: __glXLookupVendorByScreen (libglxmapping.c:524)
                         n1: 135471104 0x4BCDCB1: __glXGetDynDispatch (libglxmapping.c:610)
                          n1: 135471104 0x4BCDCB1: glXQueryExtensionsString (libglx.c:1473)
                           n1: 135471104 0x4DC07AC: extensionSupportedGLX (in /home/leo/Cours/S8/HAI819I_moteur_jeux/build/external/glfw/src/libglfw.so.3.4)
                            n1: 135471104 0x4DC0EEA: _glfwInitGLX (in /home/leo/Cours/S8/HAI819I_moteur_jeux/build/external/glfw/src/libglfw.so.3.4)
                             n1: 135471104 0x4DBC9BE: _glfwCreateWindowX11 (in /home/leo/Cours/S8/HAI819I_moteur_jeux/build/external/glfw/src/libglfw.so.3.4)
                              n1: 135471104 0x4DA874D: glfwCreateWindow (in /home/leo/Cours/S8/HAI819I_moteur_jeux/build/external/glfw/src/libglfw.so.3.4)
                               n1: 135471104 0x409ADF: Window::init() (Window.hpp:258)
                                n1: 135471104 0x4012DC: globalInit(Window&) (main.cpp:52)
                                 n0: 135471104 0x401A49: main (main.cpp:140)
                     n0: 1314816 in 2 places, all below massif's threshold (1.00%)
          n1: 13049856 0x4021388: dl_main (rtld.c:1947)
           n1: 13049856 0x401E055: _dl_sysdep_start (dl-sysdep.c:140)
            n1: 13049856 0x401F780: _dl_start_final (rtld.c:496)
             n1: 13049856 0x401F780: _dl_start (rtld.c:581)
              n0: 13049856 0x401E5C7: ??? (in /usr/lib64/ld-linux-x86-64.so.2)
       n0: 2260992 in 2 places, all below massif's threshold (1.00%)
   n1: 100790272 0x4007974: _dl_map_segments (dl-map-segments.h:140)
    n1: 100790272 0x4007974: _dl_map_object_from_fd (dl-load.c:1259)
     n2: 100790272 0x4009008: _dl_map_new_object (dl-load.c:2187)
      n1: 99409920 0x4002ABC: openaux (dl-deps.c:64)
       n1: 99409920 0x4001728: _dl_catch_exception (dl-catch.c:241)
        n2: 99409920 0x4002EEE: _dl_map_object_deps (dl-deps.c:232)
         n1: 93794304 0x400CFCF: dl_open_worker_begin (dl-open.c:609)
          n1: 93794304 0x4001728: _dl_catch_exception (dl-catch.c:241)
           n1: 93794304 0x400C542: dl_open_worker (dl-open.c:762)
            n1: 93794304 0x4001728: _dl_catch_exception (dl-catch.c:241)
             n1: 93794304 0x400CAA9: _dl_open (dl-open.c:900)
              n1: 93794304 0x5298C03: dlopen_doit (dlopen.c:56)
               n1: 93794304 0x4001728: _dl_catch_exception (dl-catch.c:241)
                n1: 93794304 0x4001878: _dl_catch_error (dl-catch.c:260)
                 n1: 93794304 0x52986F2: _dlerror_run (dlerror.c:138)
                  n1: 93794304 0x5298CBA: dlopen_implementation (dlopen.c:71)
                   n2: 93794304 0x5298CBA: dlopen@@GLIBC_2.34 (dlopen.c:81)
                    n1: 93372416 0x4BCBF63: __glXLookupVendorByName.part.0 (libglxmapping.c:428)
                     n1: 93372416 0x4BCCD19: __glXLookupVendorByName (libglxmapping.c:391)
                      n1: 93372416 0x4BCCD19: __glXLookupVendorByScreen.part.0 (libglxmapping.c:572)
                       n1: 93372416 0x4BCDCB1: __glXLookupVendorByScreen (libglxmapping.c:524)
                        n1: 93372416 0x4BCDCB1: __glXGetDynDispatch (libglxmapping.c:610)
                         n1: 93372416 0x4BCDCB1: glXQueryExtensionsString (libglx.c:1473)
                          n1: 93372416 0x4DC07AC: extensionSupportedGLX (in /home/leo/Cours/S8/HAI819I_moteur_jeux/build/external/glfw/src/libglfw.so.3.4)
                           n1: 93372416 0x4DC0EEA: _glfwInitGLX (in /home/leo/Cours/S8/HAI819I_moteur_jeux/build/external/glfw/src/libglfw.so.3.4)
                            n1: 93372416 0x4DBC9BE: _glfwCreateWindowX11 (in /home/leo/Cours/S8/HAI819I_moteur_jeux/build/external/glfw/src/libglfw.so.3.4)
                             n1: 93372416 0x4DA874D: glfwCreateWindow (in /home/leo/Cours/S8/HAI819I_moteur_jeux/build/external/glfw/src/libglfw.so.3.4)
                              n1: 93372416 0x409ADF: Window::init() (Window.hpp:258)
                               n1: 93372416 0x4012DC: globalInit(Window&) (main.cpp:52)
                                n0: 93372416 0x401A49: main (main.cpp:140)
                    n0: 421888 in 2 places, all below massif's threshold (1.00%)
         n1: 5615616 0x4021388: dl_main (rtld.c:1947)
          n1: 5615616 0x401E055: _dl_sysdep_start (dl-sysdep.c:140)
           n1: 5615616 0x401F780: _dl_start_final (rtld.c:496)
            n1: 5615616 0x401F780: _dl_start (rtld.c:581)
             n0: 5615616 0x401E5C7: ??? (in /usr/lib64/ld-linux-x86-64.so.2)
      n0: 1380352 in 2 places, all below massif's threshold (1.00%)
   n0: 1331200 in 3 places, all below massif's threshold (1.00%)
 n1: 211468288 0x531CB7C: __mmap64 (mmap64.c:58)
  n5: 211468288 0x531CB7C: mmap (mmap64.c:46)
   n1: 134217728 0x52A95C6: alloc_new_heap (arena.c:405)
    n1: 134217728 0x52A9A89: _int_new_arena (arena.c:637)
     n1: 134217728 0x52A9A89: arena_get2 (arena.c:856)
      n1: 134217728 0x52A9A89: arena_get2 (arena.c:817)
       n1: 134217728 0x52ABF36: __libc_malloc2 (malloc.c:3259)
        n2: 134217728 0x4E532FB: operator new(unsigned long) (new_op.cc:50)
         n1: 67108864 0x42EAD8: std::__new_allocator<glm::vec<3, float, (glm::qualifier)0> >::allocate(unsigned long, void const*) (new_allocator.h:162)
          n1: 67108864 0x41CD4E: allocate (allocator.h:206)
           n1: 67108864 0x41CD4E: allocate (alloc_traits.h:638)
            n1: 67108864 0x41CD4E: std::_Vector_base<glm::vec<3, float, (glm::qualifier)0>, std::allocator<glm::vec<3, float, (glm::qualifier)0> > >::_M_allocate(unsigned long) (stl_vector.h:389)
             n1: 67108864 0x41F8D9: glm::vec<3, float, (glm::qualifier)0>* std::vector<glm::vec<3, float, (glm::qualifier)0>, std::allocator<glm::vec<3, float, (glm::qualifier)0> > >::_M_allocate_and_copy<__gnu_cxx::__normal_iterator<glm::vec<3, float, (glm::qualifier)0> const*, std::vector<glm::vec<3, float, (glm::qualifier)0>, std::allocator<glm::vec<3, float, (glm::qualifier)0> > > > >(unsigned long, __gnu_cxx::__normal_iterator<glm::vec<3, float, (glm::qualifier)0> const*, std::vector<glm::vec<3, float, (glm::qualifier)0>, std::allocator<glm::vec<3, float, (glm::qualifier)0> > > >, __gnu_cxx::__normal_iterator<glm::vec<3, float, (glm::qualifier)0> const*, std::vector<glm::vec<3, float, (glm::qualifier)0>, std::allocator<glm::vec<3, float, (glm::qualifier)0> > > >) (stl_vector.h:1900)
              n1: 67108864 0x416AE9: std::vector<glm::vec<3, float, (glm::qualifier)0>, std::allocator<glm::vec<3, float, (glm::qualifier)0> > >::operator=(std::vector<glm::vec<3, float, (glm::qualifier)0>, std::allocator<glm::vec<3, float, (glm::qualifier)0> > > const&) (vector.tcc:242)
               n1: 67108864 0x401453: worldThread() (main.cpp:118)
                n1: 67108864 0x45B827: void std::__invoke_impl<void, void (*)()>(std::__invoke_other, void (*&&)()) (invoke.h:63)
                 n1: 67108864 0x45B773: std::__invoke_result<void (*)()>::type std::__invoke<void (*)()>(void (*&&)()) (invoke.h:98)
                  n1: 67108864 0x45B62B: void std::thread::_Invoker<std::tuple<void (*)()> >::_M_invoke<0ul>(std::_Index_tuple<0ul>) (std_thread.h:303)
                   n1: 67108864 0x45B565: std::thread::_Invoker<std::tuple<void (*)()> >::operator()() (std_thread.h:310)
                    n1: 67108864 0x45B4DD: std::thread::_State_impl<std::thread::_Invoker<std::tuple<void (*)()> > >::_M_run() (std_thread.h:255)
                     n1: 67108864 0x4E843B5: execute_native_thread_routine (thread.cc:105)
                      n1: 67108864 0x529C758: start_thread (pthread_create.c:454)
                       n0: 67108864 0x5320733: clone (clone.S:100)
         n1: 67108864 0x432F3E: std::__new_allocator<char>::allocate(unsigned long, void const*) (new_allocator.h:162)
          n1: 67108864 0x43A0FA: allocate (allocator.h:206)
           n1: 67108864 0x43A0FA: allocate (alloc_traits.h:638)
            n1: 67108864 0x43A0FA: std::_Vector_base<char, std::allocator<char> >::_M_allocate(unsigned long) (stl_vector.h:389)
             n1: 67108864 0x43790A: std::_Vector_base<char, std::allocator<char> >::_M_create_storage(unsigned long) (stl_vector.h:407)
              n1: 67108864 0x4344BA: std::_Vector_base<char, std::allocator<char> >::_Vector_base(unsigned long, std::allocator<char> const&) (stl_vector.h:341)
               n1: 67108864 0x430B2C: std::vector<char, std::allocator<char> >::vector(unsigned long, std::allocator<char> const&) (stl_vector.h:577)
                n1: 67108864 0x42C986: filewatch::FileWatch<std::__cxx11::basic_string<char, std::char_traits<char>, std::allocator<char> > >::monitor_directory() (FileWatch.hpp:617)
                 n1: 67108864 0x42744B: filewatch::FileWatch<std::__cxx11::basic_string<char, std::char_traits<char>, std::allocator<char> > >::init()::{lambda()#2}::operator()() const (FileWatch.hpp:349)
                  n1: 67108864 0x45B7B0: void std::__invoke_impl<void, filewatch::FileWatch<std::__cxx11::basic_string<char, std::char_traits<char>, std::allocator<char> > >::init()::{lambda()#2}>(std::__invoke_other, filewatch::FileWatch<std::__cxx11::basic_string<char, std::char_traits<char>, std::allocator<char> > >::init()::{lambda()#2}&&) (invoke.h:63)
                   n1: 67108864 0x45B6C7: std::__invoke_result<filewatch::FileWatch<std::__cxx11::basic_string<char, std::char_traits<char>, std::allocator<char> > >::init()::{lambda()#2}>::type std::__invoke<filewatch::FileWatch<std::__cxx11::basic_string<char, std::char_traits<char>, std::allocator<char> > >::init()::{lambda()#2}>(filewatch::FileWatch<std::__cxx11::basic_string<char, std::char_traits<char>, std::allocator<char> > >::init()::{lambda()#2}&&) (invoke.h:98)
                    n1: 67108864 0x45B5B9: void std::thread::_Invoker<std::tuple<filewatch::FileWatch<std::__cxx11::basic_string<char, std::char_traits<char>, std::allocator<char> > >::init()::{lambda()#2}> >::_M_invoke<0ul>(std::_Index_tuple<0ul>) (std_thread.h:303)
                     n1: 67108864 0x45B513: std::thread::_Invoker<std::tuple<filewatch::FileWatch<std::__cxx11::basic_string<char, std::char_traits<char>, std::allocator<char> > >::init()::{lambda()#2}> >::operator()() (std_thread.h:310)
                      n1: 67108864 0x45B34D: std::thread::_State_impl<std::thread::_Invoker<std::tuple<filewatch::FileWatch<std::__cxx11::basic_string<char, std::char_traits<char>, std::allocator<char> > >::init()::{lambda()#2}> > >::_M_run() (std_thread.h:255)
                       n1: 67108864 0x4E843B5: execute_native_thread_routine (thread.cc:105)
                        n1: 67108864 0x529C758: start_thread (pthread_create.c:454)
                         n0: 67108864 0x5320733: clone (clone.S:100)
   n2: 26398720 0x67B6CDA: ??? (in /usr/lib64/libnvidia-glcore.so.595.71.05)
    n2: 26398720 0x66C030A: ??? (in /usr/lib64/libnvidia-glcore.so.595.71.05)
     n2: 26329088 0x61F0DF6: ??? (in /usr/lib64/libnvidia-glcore.so.595.71.05)
      n2: 26251264 0x61721CA: ??? (in /usr/lib64/libnvidia-glcore.so.595.71.05)
       n1: 18874368 0x61C677E: ??? (in /usr/lib64/libnvidia-glcore.so.595.71.05)
        n1: 18874368 0x621F96C: ??? (in /usr/lib64/libnvidia-glcore.so.595.71.05)
         n1: 18874368 0x621FAF1: ??? (in /usr/lib64/libnvidia-glcore.so.595.71.05)
          n1: 18874368 0x62296D5: ??? (in /usr/lib64/libnvidia-glcore.so.595.71.05)
           n1: 18874368 0x6237896: ??? (in /usr/lib64/libnvidia-glcore.so.595.71.05)
            n1: 18874368 0x6237E6D: ??? (in /usr/lib64/libnvidia-glcore.so.595.71.05)
             n1: 18874368 0x61BBBBA: ??? (in /usr/lib64/libnvidia-glcore.so.595.71.05)
              n2: 18874368 0x61794D9: ??? (in /usr/lib64/libnvidia-glcore.so.595.71.05)
               n1: 10485760 0x675797A: ??? (in /usr/lib64/libnvidia-glcore.so.595.71.05)
                n1: 10485760 0x5E8817A: ??? (in /usr/lib64/libnvidia-glcore.so.595.71.05)
                 n2: 10485760 0x5E88AC1: ??? (in /usr/lib64/libnvidia-glcore.so.595.71.05)
                  n1: 8388608 0x470487: ChunkRenderer::updateShaderData(glm::vec<3, float, (glm::qualifier)0> const&) (Chunk.cpp:324)
                   n1: 8388608 0x45BF76: WorldRenderer::renderChunks(ShaderProgram&, Camera const&)::{lambda(ChunkRenderer&)#1}::operator()(ChunkRenderer&) const (WorldRenderer.cpp:70)
                    n1: 8388608 0x45DEF4: void std::__invoke_impl<void, WorldRenderer::renderChunks(ShaderProgram&, Camera const&)::{lambda(ChunkRenderer&)#1}&, ChunkRenderer&>(std::__invoke_other, WorldRenderer::renderChunks(ShaderProgram&, Camera const&)::{lambda(ChunkRenderer&)#1}&, ChunkRenderer&) (invoke.h:63)
                     n1: 8388608 0x45D864: std::enable_if<is_invocable_r_v<void, WorldRenderer::renderChunks(ShaderProgram&, Camera const&)::{lambda(ChunkRenderer&)#1}&, ChunkRenderer&>, void>::type std::__invoke_r<void, WorldRenderer::renderChunks(ShaderProgram&, Camera const&)::{lambda(ChunkRenderer&)#1}&, ChunkRenderer&>(WorldRenderer::renderChunks(ShaderProgram&, Camera const&)::{lambda(ChunkRenderer&)#1}&, ChunkRenderer&) (invoke.h:113)
                      n1: 8388608 0x45D31E: std::_Function_handler<void (ChunkRenderer&), WorldRenderer::renderChunks(ShaderProgram&, Camera const&)::{lambda(ChunkRenderer&)#1}>::_M_invoke(std::_Any_data const&, ChunkRenderer&) (std_function.h:295)
                       n1: 8388608 0x46247E: std::function<void (ChunkRenderer&)>::operator()(ChunkRenderer&) const (std_function.h:581)
                        n1: 8388608 0x460C1F: ContiguousStorage<ChunkRenderer, 33554432ul, glm::vec<3, int, (glm::qualifier)0>, MathHelpers::glmVecLexicoGraphic<int, 3ul> >::forEach(std::function<void (ChunkRenderer&)>) (Helpers.hpp:379)
                         n1: 8388608 0x45C309: WorldRenderer::renderChunks(ShaderProgram&, Camera const&) (WorldRenderer.cpp:61)
                          n0: 8388608 0x402F77: main (main.cpp:378)
                  n0: 2097152 in 1 place, below massif's threshold (1.00%)
               n1: 8388608 0x617A859: ??? (in /usr/lib64/libnvidia-glcore.so.595.71.05)
                n1: 8388608 0x5E87F6B: ??? (in /usr/lib64/libnvidia-glcore.so.595.71.05)
                 n1: 8388608 0x5E88AC1: ??? (in /usr/lib64/libnvidia-glcore.so.595.71.05)
                  n1: 8388608 0x470487: ChunkRenderer::updateShaderData(glm::vec<3, float, (glm::qualifier)0> const&) (Chunk.cpp:324)
                   n1: 8388608 0x45BF76: WorldRenderer::renderChunks(ShaderProgram&, Camera const&)::{lambda(ChunkRenderer&)#1}::operator()(ChunkRenderer&) const (WorldRenderer.cpp:70)
                    n1: 8388608 0x45DEF4: void std::__invoke_impl<void, WorldRenderer::renderChunks(ShaderProgram&, Camera const&)::{lambda(ChunkRenderer&)#1}&, ChunkRenderer&>(std::__invoke_other, WorldRenderer::renderChunks(ShaderProgram&, Camera const&)::{lambda(ChunkRenderer&)#1}&, ChunkRenderer&) (invoke.h:63)
                     n1: 8388608 0x45D864: std::enable_if<is_invocable_r_v<void, WorldRenderer::renderChunks(ShaderProgram&, Camera const&)::{lambda(ChunkRenderer&)#1}&, ChunkRenderer&>, void>::type std::__invoke_r<void, WorldRenderer::renderChunks(ShaderProgram&, Camera const&)::{lambda(ChunkRenderer&)#1}&, ChunkRenderer&>(WorldRenderer::renderChunks(ShaderProgram&, Camera const&)::{lambda(ChunkRenderer&)#1}&, ChunkRenderer&) (invoke.h:113)
                      n1: 8388608 0x45D31E: std::_Function_handler<void (ChunkRenderer&), WorldRenderer::renderChunks(ShaderProgram&, Camera const&)::{lambda(ChunkRenderer&)#1}>::_M_invoke(std::_Any_data const&, ChunkRenderer&) (std_function.h:295)
                       n1: 8388608 0x46247E: std::function<void (ChunkRenderer&)>::operator()(ChunkRenderer&) const (std_function.h:581)
                        n1: 8388608 0x460C1F: ContiguousStorage<ChunkRenderer, 33554432ul, glm::vec<3, int, (glm::qualifier)0>, MathHelpers::glmVecLexicoGraphic<int, 3ul> >::forEach(std::function<void (ChunkRenderer&)>) (Helpers.hpp:379)
                         n1: 8388608 0x45C309: WorldRenderer::renderChunks(ShaderProgram&, Camera const&) (WorldRenderer.cpp:61)
                          n0: 8388608 0x402F77: main (main.cpp:378)
       n0: 7376896 in 2 places, all below massif's threshold (1.00%)
      n0: 77824 in 1 place, below massif's threshold (1.00%)
     n0: 69632 in 2 places, all below massif's threshold (1.00%)
    n0: 0 in 1 place, below massif's threshold (1.00%)
   n1: 25300992 0x52AACBD: sysmalloc_mmap_fallback (malloc.c:2289)
    n1: 25300992 0x52AACBD: sysmalloc (malloc.c:2501)
     n2: 25300992 0x52ABC17: _int_malloc (malloc.c:4334)
      n1: 23203840 0x52ABEED: __libc_malloc2 (malloc.c:3261)
       n1: 23203840 0x613FD81: ??? (in /usr/lib64/libnvidia-glcore.so.595.71.05)
        n2: 23203840 0x5EA51EA: ??? (in /usr/lib64/libnvidia-glcore.so.595.71.05)
         n1: 16912384 0x61F4504: ??? (in /usr/lib64/libnvidia-glcore.so.595.71.05)
          n1: 16912384 0x61FD952: ??? (in /usr/lib64/libnvidia-glcore.so.595.71.05)
           n1: 16912384 0x6758FDC: ??? (in /usr/lib64/libnvidia-glcore.so.595.71.05)
            n1: 16912384 0x67593C4: ??? (in /usr/lib64/libnvidia-glcore.so.595.71.05)
             n1: 16912384 0x5ED032D: ??? (in /usr/lib64/libnvidia-glcore.so.595.71.05)
              n1: 16912384 0x5F2223C: ??? (in /usr/lib64/libnvidia-glcore.so.595.71.05)
               n1: 16912384 0x5EA4516: ??? (in /usr/lib64/libnvidia-glcore.so.595.71.05)
                n1: 16912384 0x5EB5C73: ??? (in /usr/lib64/libnvidia-glcore.so.595.71.05)
                 n1: 16912384 0x5EB5D0F: ??? (in /usr/lib64/libnvidia-glcore.so.595.71.05)
                  n1: 16912384 0x4100F7: ShadowMap::initShaderData() (Texture.hpp:214)
                   n0: 16912384 0x4022D4: main (main.cpp:246)
         n1: 6291456 0x5E88595: ??? (in /usr/lib64/libnvidia-glcore.so.595.71.05)
          n1: 6291456 0x5E88AC1: ??? (in /usr/lib64/libnvidia-glcore.so.595.71.05)
           n1: 6291456 0x470487: ChunkRenderer::updateShaderData(glm::vec<3, float, (glm::qualifier)0> const&) (Chunk.cpp:324)
            n1: 6291456 0x45F475: ChunkRenderer::ChunkRenderer(Chunk*, glm::vec<3, float, (glm::qualifier)0> const&) (Chunk.hpp:256)
             n1: 6291456 0x461C3E: ChunkRenderer* std::construct_at<ChunkRenderer, Chunk*&, glm::vec<3, float, (glm::qualifier)0> const&>(ChunkRenderer*, Chunk*&, glm::vec<3, float, (glm::qualifier)0> const&) (stl_construct.h:110)
              n1: 6291456 0x460A9D: ChunkRenderer& ContiguousStorage<ChunkRenderer, 33554432ul, glm::vec<3, int, (glm::qualifier)0>, MathHelpers::glmVecLexicoGraphic<int, 3ul> >::emplace<Chunk*&, glm::vec<3, float, (glm::qualifier)0> const&>(glm::vec<3, int, (glm::qualifier)0>, Chunk*&, glm::vec<3, float, (glm::qualifier)0> const&) (Helpers.hpp:323)
               n1: 6291456 0x45C1FC: WorldRenderer::renderChunks(ShaderProgram&, Camera const&) (WorldRenderer.cpp:54)
                n0: 6291456 0x402F77: main (main.cpp:378)
      n0: 2097152 in 2 places, all below massif's threshold (1.00%)
   n1: 25178112 0x529D410: allocate_thread_stack (allocatestack.c:169)
    n1: 25178112 0x529D410: allocate_stack (allocatestack.c:508)
     n1: 25178112 0x529D410: pthread_create@@GLIBC_2.34 (pthread_create.c:680)
      n1: 25178112 0x4E84488: __gthread_create (gthr-default.h:709)
       n3: 25178112 0x4E84488: std::thread::_M_start_thread(std::unique_ptr<std::thread::_State, std::default_delete<std::thread::_State> >, void (*)()) (thread.cc:173)
        n1: 8392704 0x4179D9: std::thread::thread<void (&)(), , void>(void (&)()) (std_thread.h:175)
         n0: 8392704 0x4023E4: main (main.cpp:261)
        n1: 8392704 0x42C8E9: std::thread::thread<filewatch::FileWatch<std::__cxx11::basic_string<char, std::char_traits<char>, std::allocator<char> > >::init()::{lambda()#1}, , void>(filewatch::FileWatch<std::__cxx11::basic_string<char, std::char_traits<char>, std::allocator<char> > >::init()::{lambda()#1}&&) (std_thread.h:175)
         n1: 8392704 0x4274F3: filewatch::FileWatch<std::__cxx11::basic_string<char, std::char_traits<char>, std::allocator<char> > >::init() (FileWatch.hpp:336)
          n1: 8392704 0x420225: filewatch::FileWatch<std::__cxx11::basic_string<char, std::char_traits<char>, std::allocator<char> > >::FileWatch(std::__cxx11::basic_string<char, std::char_traits<char>, std::allocator<char> >, std::__cxx11::basic_regex<char, std::__cxx11::regex_traits<char> >, std::function<void (std::__cxx11::basic_string<char, std::char_traits<char>, std::allocator<char> > const&, filewatch::Event)>) (FileWatch.hpp:187)
           n1: 8392704 0x41707F: filewatch::FileWatch<std::__cxx11::basic_string<char, std::char_traits<char>, std::allocator<char> > >::FileWatch(std::__cxx11::basic_string<char, std::char_traits<char>, std::allocator<char> >, std::function<void (std::__cxx11::basic_string<char, std::char_traits<char>, std::allocator<char> > const&, filewatch::Event)>) (FileWatch.hpp:191)
            n0: 8392704 0x402128: main (main.cpp:232)
        n1: 8392704 0x42CDF3: std::thread::thread<filewatch::FileWatch<std::__cxx11::basic_string<char, std::char_traits<char>, std::allocator<char> > >::init()::{lambda()#2}, , void>(filewatch::FileWatch<std::__cxx11::basic_string<char, std::char_traits<char>, std::allocator<char> > >::init()::{lambda()#2}&&) (std_thread.h:175)
         n1: 8392704 0x427534: filewatch::FileWatch<std::__cxx11::basic_string<char, std::char_traits<char>, std::allocator<char> > >::init() (FileWatch.hpp:347)
          n1: 8392704 0x420225: filewatch::FileWatch<std::__cxx11::basic_string<char, std::char_traits<char>, std::allocator<char> > >::FileWatch(std::__cxx11::basic_string<char, std::char_traits<char>, std::allocator<char> >, std::__cxx11::basic_regex<char, std::__cxx11::regex_traits<char> >, std::function<void (std::__cxx11::basic_string<char, std::char_traits<char>, std::allocator<char> > const&, filewatch::Event)>) (FileWatch.hpp:187)
           n1: 8392704 0x41707F: filewatch::FileWatch<std::__cxx11::basic_string<char, std::char_traits<char>, std::allocator<char> > >::FileWatch(std::__cxx11::basic_string<char, std::char_traits<char>, std::allocator<char> >, std::function<void (std::__cxx11::basic_string<char, std::char_traits<char>, std::allocator<char> > const&, filewatch::Event)>) (FileWatch.hpp:191)
            n0: 8392704 0x402128: main (main.cpp:232)
   n0: 372736 in 6 places, all below massif's threshold (1.00%)
 n0: 53116928 0x0: ???
 n1: 8339456 0x531554B: brk (brk.c:37)
  n1: 8339456 0x531E007: __sbrk (sbrk.c:74)
   n1: 8339456 0x531E007: sbrk (sbrk.c:36)
    n1: 8339456 0x52A9F65: __glibc_morecore (morecore.c:29)
     n1: 8339456 0x52AAD57: sysmalloc (malloc.c:2477)
      n1: 8339456 0x52ABC17: _int_malloc (malloc.c:4334)
       n0: 8339456 in 3 places, all below massif's threshold (1.00%)
 n0: 0 in 2 places, all below massif's threshold (1.00%)
#-----------
snapshot=53
#-----------
time=130944127051
mem_heap_B=527138816
mem_heap_extra_B=0
mem_stacks_B=0
heap_tree=empty
#-----------
snapshot=54
#-----------
time=130944148442
mem_heap_B=524685312
mem_heap_extra_B=0
mem_stacks_B=0
heap_tree=empty
#-----------
snapshot=55
#-----------
time=130944351109
mem_heap_B=523898880
mem_heap_extra_B=0
mem_stacks_B=0
heap_tree=empty
#-----------
snapshot=56
#-----------
time=130944571589
mem_heap_B=523894784
mem_heap_extra_B=0
mem_stacks_B=0
heap_tree=empty
#-----------
snapshot=57
#-----------
time=130944592933
mem_heap_B=501334016
mem_heap_extra_B=0
mem_stacks_B=0
heap_tree=empty
#-----------
snapshot=58
#-----------
time=130944632818
mem_heap_B=500809728
mem_heap_extra_B=0
mem_stacks_B=0
heap_tree=empty
#-----------
snapshot=59
#-----------
time=130946007778
mem_heap_B=500740096
mem_heap_extra_B=0
mem_stacks_B=0
heap_tree=empty
