desc: --pages-as-heap=yes --massif-out-file=valgrind_massif.out
cmd: ./build/hai819i_moteur_jeux_debug
time_unit: i
#-----------
snapshot=0
#-----------
time=0
mem_heap_B=495616
mem_heap_extra_B=0
mem_stacks_B=0
heap_tree=empty
#-----------
snapshot=1
#-----------
time=2996352202
mem_heap_B=958091264
mem_heap_extra_B=0
mem_stacks_B=0
heap_tree=empty
#-----------
snapshot=2
#-----------
time=5829901721
mem_heap_B=1032540160
mem_heap_extra_B=0
mem_stacks_B=0
heap_tree=empty
#-----------
snapshot=3
#-----------
time=8809160334
mem_heap_B=1174097920
mem_heap_extra_B=0
mem_stacks_B=0
heap_tree=detailed
n4: 1174097920 (page allocation syscalls) mmap/mremap/brk, --alloc-fns, etc.
 n1: 727154688 0xC647B7C: __mmap64 (mmap64.c:58)
  n7: 727154688 0xC647B7C: mmap (mmap64.c:46)
   n2: 402653184 0xC5D45C6: alloc_new_heap (arena.c:405)
    n1: 268435456 0xC5D4A89: _int_new_arena (arena.c:637)
     n1: 268435456 0xC5D4A89: arena_get2 (arena.c:856)
      n1: 268435456 0xC5D4A89: arena_get2 (arena.c:817)
       n1: 268435456 0xC5D6F36: __libc_malloc2 (malloc.c:3259)
        n2: 268435456 0xC17E2FB: operator new(unsigned long) (new_op.cc:50)
         n1: 201326592 0x436996: std::__new_allocator<char>::allocate(unsigned long, void const*) (new_allocator.h:162)
          n1: 201326592 0x43E5F2: allocate (allocator.h:206)
           n1: 201326592 0x43E5F2: allocate (alloc_traits.h:638)
            n1: 201326592 0x43E5F2: std::_Vector_base<char, std::allocator<char> >::_M_allocate(unsigned long) (stl_vector.h:389)
             n1: 201326592 0x43B88C: std::_Vector_base<char, std::allocator<char> >::_M_create_storage(unsigned long) (stl_vector.h:407)
              n1: 201326592 0x437F12: std::_Vector_base<char, std::allocator<char> >::_Vector_base(unsigned long, std::allocator<char> const&) (stl_vector.h:341)
               n1: 201326592 0x4340BE: std::vector<char, std::allocator<char> >::vector(unsigned long, std::allocator<char> const&) (stl_vector.h:577)
                n1: 201326592 0x42FBF6: filewatch::FileWatch<std::__cxx11::basic_string<char, std::char_traits<char>, std::allocator<char> > >::monitor_directory() (FileWatch.hpp:617)
                 n1: 201326592 0x42A351: filewatch::FileWatch<std::__cxx11::basic_string<char, std::char_traits<char>, std::allocator<char> > >::init()::{lambda()#2}::operator()() const (FileWatch.hpp:349)
                  n1: 201326592 0x460E06: void std::__invoke_impl<void, filewatch::FileWatch<std::__cxx11::basic_string<char, std::char_traits<char>, std::allocator<char> > >::init()::{lambda()#2}>(std::__invoke_other, filewatch::FileWatch<std::__cxx11::basic_string<char, std::char_traits<char>, std::allocator<char> > >::init()::{lambda()#2}&&) (invoke.h:63)
                   n1: 201326592 0x460D1D: std::__invoke_result<filewatch::FileWatch<std::__cxx11::basic_string<char, std::char_traits<char>, std::allocator<char> > >::init()::{lambda()#2}>::type std::__invoke<filewatch::FileWatch<std::__cxx11::basic_string<char, std::char_traits<char>, std::allocator<char> > >::init()::{lambda()#2}>(filewatch::FileWatch<std::__cxx11::basic_string<char, std::char_traits<char>, std::allocator<char> > >::init()::{lambda()#2}&&) (invoke.h:98)
                    n1: 201326592 0x460C0F: void std::thread::_Invoker<std::tuple<filewatch::FileWatch<std::__cxx11::basic_string<char, std::char_traits<char>, std::allocator<char> > >::init()::{lambda()#2}> >::_M_invoke<0ul>(std::_Index_tuple<0ul>) (std_thread.h:303)
                     n1: 201326592 0x460B69: std::thread::_Invoker<std::tuple<filewatch::FileWatch<std::__cxx11::basic_string<char, std::char_traits<char>, std::allocator<char> > >::init()::{lambda()#2}> >::operator()() (std_thread.h:310)
                      n1: 201326592 0x460987: std::thread::_State_impl<std::thread::_Invoker<std::tuple<filewatch::FileWatch<std::__cxx11::basic_string<char, std::char_traits<char>, std::allocator<char> > >::init()::{lambda()#2}> > >::_M_run() (std_thread.h:255)
                       n1: 201326592 0xC1AF3B5: execute_native_thread_routine (thread.cc:105)
                        n1: 201326592 0xC5C7758: start_thread (pthread_create.c:454)
                         n0: 201326592 0xC64B733: clone (clone.S:100)
         n1: 67108864 0x43188E: std::__new_allocator<glm::vec<3, float, (glm::qualifier)0> >::allocate(unsigned long, void const*) (new_allocator.h:162)
          n1: 67108864 0x41EE5A: allocate (allocator.h:206)
           n1: 67108864 0x41EE5A: allocate (alloc_traits.h:638)
            n1: 67108864 0x41EE5A: std::_Vector_base<glm::vec<3, float, (glm::qualifier)0>, std::allocator<glm::vec<3, float, (glm::qualifier)0> > >::_M_allocate(unsigned long) (stl_vector.h:389)
             n1: 67108864 0x421E4D: glm::vec<3, float, (glm::qualifier)0>* std::vector<glm::vec<3, float, (glm::qualifier)0>, std::allocator<glm::vec<3, float, (glm::qualifier)0> > >::_M_allocate_and_copy<__gnu_cxx::__normal_iterator<glm::vec<3, float, (glm::qualifier)0> const*, std::vector<glm::vec<3, float, (glm::qualifier)0>, std::allocator<glm::vec<3, float, (glm::qualifier)0> > > > >(unsigned long, __gnu_cxx::__normal_iterator<glm::vec<3, float, (glm::qualifier)0> const*, std::vector<glm::vec<3, float, (glm::qualifier)0>, std::allocator<glm::vec<3, float, (glm::qualifier)0> > > >, __gnu_cxx::__normal_iterator<glm::vec<3, float, (glm::qualifier)0> const*, std::vector<glm::vec<3, float, (glm::qualifier)0>, std::allocator<glm::vec<3, float, (glm::qualifier)0> > > >) (stl_vector.h:1900)
              n1: 67108864 0x418DC7: std::vector<glm::vec<3, float, (glm::qualifier)0>, std::allocator<glm::vec<3, float, (glm::qualifier)0> > >::operator=(std::vector<glm::vec<3, float, (glm::qualifier)0>, std::allocator<glm::vec<3, float, (glm::qualifier)0> > > const&) (vector.tcc:242)
               n1: 67108864 0x401482: worldThread() (main.cpp:123)
                n1: 67108864 0x460E7D: void std::__invoke_impl<void, void (*)()>(std::__invoke_other, void (*&&)()) (invoke.h:63)
                 n1: 67108864 0x460DC9: std::__invoke_result<void (*)()>::type std::__invoke<void (*)()>(void (*&&)()) (invoke.h:98)
                  n1: 67108864 0x460C81: void std::thread::_Invoker<std::tuple<void (*)()> >::_M_invoke<0ul>(std::_Index_tuple<0ul>) (std_thread.h:303)
                   n1: 67108864 0x460BBB: std::thread::_Invoker<std::tuple<void (*)()> >::operator()() (std_thread.h:310)
                    n1: 67108864 0x460B17: std::thread::_State_impl<std::thread::_Invoker<std::tuple<void (*)()> > >::_M_run() (std_thread.h:255)
                     n1: 67108864 0xC1AF3B5: execute_native_thread_routine (thread.cc:105)
                      n1: 67108864 0xC5C7758: start_thread (pthread_create.c:454)
                       n0: 67108864 0xC64B733: clone (clone.S:100)
    n1: 134217728 0xC5D58FB: sysmalloc (malloc.c:2395)
     n1: 134217728 0xC5D6C17: _int_malloc (malloc.c:4334)
      n1: 134217728 0xC5D6EED: __libc_malloc2 (malloc.c:3261)
       n1: 134217728 0xC17E2FB: operator new(unsigned long) (new_op.cc:50)
        n1: 134217728 0x46F3E0: std::__detail::_MakeUniq<std::array<Chunk, 7ul> >::__single_object std::make_unique<std::array<Chunk, 7ul>>() (unique_ptr.h:1105)
         n1: 134217728 0x46E643: Chunk& ContiguousStorage<Chunk, 16777216ul, glm::vec<3, int, (glm::qualifier)0>, MathHelpers::glmVecLexicoGraphic<int, 3ul> >::emplace<World*, glm::vec<3, int, (glm::qualifier)0> const&, GenType&>(glm::vec<3, int, (glm::qualifier)0>, World*&&, glm::vec<3, int, (glm::qualifier)0> const&, GenType&) (Helpers.hpp:320)
          n1: 134217728 0x46D041: World::addChunk(glm::vec<3, int, (glm::qualifier)0> const&) (World.cpp:27)
           n1: 134217728 0x46DA55: World::generate(std::vector<glm::vec<3, float, (glm::qualifier)0>, std::allocator<glm::vec<3, float, (glm::qualifier)0> > > const&) (World.cpp:132)
            n1: 134217728 0x46DB3A: World::selfUpdate(std::vector<glm::vec<3, float, (glm::qualifier)0>, std::allocator<glm::vec<3, float, (glm::qualifier)0> > > const&) (World.cpp:141)
             n1: 134217728 0x401559: worldThread() (main.cpp:137)
              n1: 134217728 0x460E7D: void std::__invoke_impl<void, void (*)()>(std::__invoke_other, void (*&&)()) (invoke.h:63)
               n1: 134217728 0x460DC9: std::__invoke_result<void (*)()>::type std::__invoke<void (*)()>(void (*&&)()) (invoke.h:98)
                n1: 134217728 0x460C81: void std::thread::_Invoker<std::tuple<void (*)()> >::_M_invoke<0ul>(std::_Index_tuple<0ul>) (std_thread.h:303)
                 n1: 134217728 0x460BBB: std::thread::_Invoker<std::tuple<void (*)()> >::operator()() (std_thread.h:310)
                  n1: 134217728 0x460B17: std::thread::_State_impl<std::thread::_Invoker<std::tuple<void (*)()> > >::_M_run() (std_thread.h:255)
                   n1: 134217728 0xC1AF3B5: execute_native_thread_routine (thread.cc:105)
                    n1: 134217728 0xC5C7758: start_thread (pthread_create.c:454)
                     n0: 134217728 0xC64B733: clone (clone.S:100)
   n2: 134217728 0xC5D44D5: alloc_new_heap (arena.c:395)
    n1: 67108864 0xC5D4A89: _int_new_arena (arena.c:637)
     n1: 67108864 0xC5D4A89: arena_get2 (arena.c:856)
      n1: 67108864 0xC5D4A89: arena_get2 (arena.c:817)
       n1: 67108864 0xC5D6F36: __libc_malloc2 (malloc.c:3259)
        n1: 67108864 0xC17E2FB: operator new(unsigned long) (new_op.cc:50)
         n1: 67108864 0x436996: std::__new_allocator<char>::allocate(unsigned long, void const*) (new_allocator.h:162)
          n1: 67108864 0x43E5F2: allocate (allocator.h:206)
           n1: 67108864 0x43E5F2: allocate (alloc_traits.h:638)
            n1: 67108864 0x43E5F2: std::_Vector_base<char, std::allocator<char> >::_M_allocate(unsigned long) (stl_vector.h:389)
             n1: 67108864 0x43B88C: std::_Vector_base<char, std::allocator<char> >::_M_create_storage(unsigned long) (stl_vector.h:407)
              n1: 67108864 0x437F12: std::_Vector_base<char, std::allocator<char> >::_Vector_base(unsigned long, std::allocator<char> const&) (stl_vector.h:341)
               n1: 67108864 0x4340BE: std::vector<char, std::allocator<char> >::vector(unsigned long, std::allocator<char> const&) (stl_vector.h:577)
                n1: 67108864 0x42FBF6: filewatch::FileWatch<std::__cxx11::basic_string<char, std::char_traits<char>, std::allocator<char> > >::monitor_directory() (FileWatch.hpp:617)
                 n1: 67108864 0x42A351: filewatch::FileWatch<std::__cxx11::basic_string<char, std::char_traits<char>, std::allocator<char> > >::init()::{lambda()#2}::operator()() const (FileWatch.hpp:349)
                  n1: 67108864 0x460E06: void std::__invoke_impl<void, filewatch::FileWatch<std::__cxx11::basic_string<char, std::char_traits<char>, std::allocator<char> > >::init()::{lambda()#2}>(std::__invoke_other, filewatch::FileWatch<std::__cxx11::basic_string<char, std::char_traits<char>, std::allocator<char> > >::init()::{lambda()#2}&&) (invoke.h:63)
                   n1: 67108864 0x460D1D: std::__invoke_result<filewatch::FileWatch<std::__cxx11::basic_string<char, std::char_traits<char>, std::allocator<char> > >::init()::{lambda()#2}>::type std::__invoke<filewatch::FileWatch<std::__cxx11::basic_string<char, std::char_traits<char>, std::allocator<char> > >::init()::{lambda()#2}>(filewatch::FileWatch<std::__cxx11::basic_string<char, std::char_traits<char>, std::allocator<char> > >::init()::{lambda()#2}&&) (invoke.h:98)
                    n1: 67108864 0x460C0F: void std::thread::_Invoker<std::tuple<filewatch::FileWatch<std::__cxx11::basic_string<char, std::char_traits<char>, std::allocator<char> > >::init()::{lambda()#2}> >::_M_invoke<0ul>(std::_Index_tuple<0ul>) (std_thread.h:303)
                     n1: 67108864 0x460B69: std::thread::_Invoker<std::tuple<filewatch::FileWatch<std::__cxx11::basic_string<char, std::char_traits<char>, std::allocator<char> > >::init()::{lambda()#2}> >::operator()() (std_thread.h:310)
                      n1: 67108864 0x460987: std::thread::_State_impl<std::thread::_Invoker<std::tuple<filewatch::FileWatch<std::__cxx11::basic_string<char, std::char_traits<char>, std::allocator<char> > >::init()::{lambda()#2}> > >::_M_run() (std_thread.h:255)
                       n1: 67108864 0xC1AF3B5: execute_native_thread_routine (thread.cc:105)
                        n1: 67108864 0xC5C7758: start_thread (pthread_create.c:454)
                         n0: 67108864 0xC64B733: clone (clone.S:100)
    n1: 67108864 0xC5D58FB: sysmalloc (malloc.c:2395)
     n1: 67108864 0xC5D6C17: _int_malloc (malloc.c:4334)
      n1: 67108864 0xC5D6EED: __libc_malloc2 (malloc.c:3261)
       n1: 67108864 0xC17E2FB: operator new(unsigned long) (new_op.cc:50)
        n1: 67108864 0x46F3E0: std::__detail::_MakeUniq<std::array<Chunk, 7ul> >::__single_object std::make_unique<std::array<Chunk, 7ul>>() (unique_ptr.h:1105)
         n1: 67108864 0x46E643: Chunk& ContiguousStorage<Chunk, 16777216ul, glm::vec<3, int, (glm::qualifier)0>, MathHelpers::glmVecLexicoGraphic<int, 3ul> >::emplace<World*, glm::vec<3, int, (glm::qualifier)0> const&, GenType&>(glm::vec<3, int, (glm::qualifier)0>, World*&&, glm::vec<3, int, (glm::qualifier)0> const&, GenType&) (Helpers.hpp:320)
          n1: 67108864 0x46D041: World::addChunk(glm::vec<3, int, (glm::qualifier)0> const&) (World.cpp:27)
           n1: 67108864 0x46DA55: World::generate(std::vector<glm::vec<3, float, (glm::qualifier)0>, std::allocator<glm::vec<3, float, (glm::qualifier)0> > > const&) (World.cpp:132)
            n1: 67108864 0x46DB3A: World::selfUpdate(std::vector<glm::vec<3, float, (glm::qualifier)0>, std::allocator<glm::vec<3, float, (glm::qualifier)0> > > const&) (World.cpp:141)
             n1: 67108864 0x401559: worldThread() (main.cpp:137)
              n1: 67108864 0x460E7D: void std::__invoke_impl<void, void (*)()>(std::__invoke_other, void (*&&)()) (invoke.h:63)
               n1: 67108864 0x460DC9: std::__invoke_result<void (*)()>::type std::__invoke<void (*)()>(void (*&&)()) (invoke.h:98)
                n1: 67108864 0x460C81: void std::thread::_Invoker<std::tuple<void (*)()> >::_M_invoke<0ul>(std::_Index_tuple<0ul>) (std_thread.h:303)
                 n1: 67108864 0x460BBB: std::thread::_Invoker<std::tuple<void (*)()> >::operator()() (std_thread.h:310)
                  n1: 67108864 0x460B17: std::thread::_State_impl<std::thread::_Invoker<std::tuple<void (*)()> > >::_M_run() (std_thread.h:255)
                   n1: 67108864 0xC1AF3B5: execute_native_thread_routine (thread.cc:105)
                    n1: 67108864 0xC5C7758: start_thread (pthread_create.c:454)
                     n0: 67108864 0xC64B733: clone (clone.S:100)
   n1: 75534336 0xC5C8410: allocate_thread_stack (allocatestack.c:169)
    n1: 75534336 0xC5C8410: allocate_stack (allocatestack.c:508)
     n1: 75534336 0xC5C8410: pthread_create@@GLIBC_2.34 (pthread_create.c:680)
      n1: 75534336 0xC1AF488: __gthread_create (gthr-default.h:709)
       n3: 75534336 0xC1AF488: std::thread::_M_start_thread(std::unique_ptr<std::thread::_State, std::default_delete<std::thread::_State> >, void (*)()) (thread.cc:173)
        n1: 33570816 0x42FA05: std::thread::thread<filewatch::FileWatch<std::__cxx11::basic_string<char, std::char_traits<char>, std::allocator<char> > >::init()::{lambda()#1}, , void>(filewatch::FileWatch<std::__cxx11::basic_string<char, std::char_traits<char>, std::allocator<char> > >::init()::{lambda()#1}&&) (std_thread.h:175)
         n1: 33570816 0x42A3F9: filewatch::FileWatch<std::__cxx11::basic_string<char, std::char_traits<char>, std::allocator<char> > >::init() (FileWatch.hpp:336)
          n1: 33570816 0x422F7B: filewatch::FileWatch<std::__cxx11::basic_string<char, std::char_traits<char>, std::allocator<char> > >::FileWatch(std::__cxx11::basic_string<char, std::char_traits<char>, std::allocator<char> >, std::__cxx11::basic_regex<char, std::__cxx11::regex_traits<char> >, std::function<void (std::__cxx11::basic_string<char, std::char_traits<char>, std::allocator<char> > const&, filewatch::Event)>) (FileWatch.hpp:187)
           n2: 33570816 0x419E1F: filewatch::FileWatch<std::__cxx11::basic_string<char, std::char_traits<char>, std::allocator<char> > >::FileWatch(std::__cxx11::basic_string<char, std::char_traits<char>, std::allocator<char> >, std::function<void (std::__cxx11::basic_string<char, std::char_traits<char>, std::allocator<char> > const&, filewatch::Event)>) (FileWatch.hpp:191)
            n1: 25178112 0x401C7B: auto makeTextureWatcher<main::{lambda(std::__cxx11::basic_string<char, std::char_traits<char>, std::allocator<char> > const&, filewatch::Event)#2}&>(std::__cxx11::basic_string<char, std::char_traits<char>, std::allocator<char> > const&, main::{lambda(std::__cxx11::basic_string<char, std::char_traits<char>, std::allocator<char> > const&, filewatch::Event)#2}&) (main.cpp:162)
             n0: 25178112 in 3 places, all below massif's threshold (1.00%)
            n0: 8392704 in 1 place, below massif's threshold (1.00%)
        n1: 33570816 0x430295: std::thread::thread<filewatch::FileWatch<std::__cxx11::basic_string<char, std::char_traits<char>, std::allocator<char> > >::init()::{lambda()#2}, , void>(filewatch::FileWatch<std::__cxx11::basic_string<char, std::char_traits<char>, std::allocator<char> > >::init()::{lambda()#2}&&) (std_thread.h:175)
         n1: 33570816 0x42A43A: filewatch::FileWatch<std::__cxx11::basic_string<char, std::char_traits<char>, std::allocator<char> > >::init() (FileWatch.hpp:347)
          n1: 33570816 0x422F7B: filewatch::FileWatch<std::__cxx11::basic_string<char, std::char_traits<char>, std::allocator<char> > >::FileWatch(std::__cxx11::basic_string<char, std::char_traits<char>, std::allocator<char> >, std::__cxx11::basic_regex<char, std::__cxx11::regex_traits<char> >, std::function<void (std::__cxx11::basic_string<char, std::char_traits<char>, std::allocator<char> > const&, filewatch::Event)>) (FileWatch.hpp:187)
           n2: 33570816 0x419E1F: filewatch::FileWatch<std::__cxx11::basic_string<char, std::char_traits<char>, std::allocator<char> > >::FileWatch(std::__cxx11::basic_string<char, std::char_traits<char>, std::allocator<char> >, std::function<void (std::__cxx11::basic_string<char, std::char_traits<char>, std::allocator<char> > const&, filewatch::Event)>) (FileWatch.hpp:191)
            n1: 25178112 0x401C7B: auto makeTextureWatcher<main::{lambda(std::__cxx11::basic_string<char, std::char_traits<char>, std::allocator<char> > const&, filewatch::Event)#2}&>(std::__cxx11::basic_string<char, std::char_traits<char>, std::allocator<char> > const&, main::{lambda(std::__cxx11::basic_string<char, std::char_traits<char>, std::allocator<char> > const&, filewatch::Event)#2}&) (main.cpp:162)
             n0: 25178112 in 3 places, all below massif's threshold (1.00%)
            n0: 8392704 in 1 place, below massif's threshold (1.00%)
        n0: 8392704 in 1 place, below massif's threshold (1.00%)
   n1: 71979008 0xC5D5CBD: sysmalloc_mmap_fallback (malloc.c:2289)
    n1: 71979008 0xC5D5CBD: sysmalloc (malloc.c:2501)
     n2: 71979008 0xC5D6C17: _int_malloc (malloc.c:4334)
      n2: 46678016 0xC5D6F8E: __libc_malloc2 (malloc.c:3253)
       n2: 42078208 0xD46AD81: ??? (in /usr/lib64/libnvidia-glcore.so.595.71.05)
        n2: 41029632 0xCDA4325: ??? (in /usr/lib64/libnvidia-glcore.so.595.71.05)
         n2: 37748736 0xCDA4441: ??? (in /usr/lib64/libnvidia-glcore.so.595.71.05)
          n0: 24117248 in 11 places, all below massif's threshold (1.00%)
          n1: 13631488 0xCE0CD67: ??? (in /usr/lib64/libnvidia-glcore.so.595.71.05)
           n0: 13631488 in 2 places, all below massif's threshold (1.00%)
         n0: 3280896 in 1 place, below massif's threshold (1.00%)
        n0: 1048576 in 1 place, below massif's threshold (1.00%)
       n0: 4599808 in 2 places, all below massif's threshold (1.00%)
      n1: 25300992 0xC5D6EED: __libc_malloc2 (malloc.c:3261)
       n1: 25300992 0xD46AD81: ??? (in /usr/lib64/libnvidia-glcore.so.595.71.05)
        n2: 25300992 0xD1D01EA: ??? (in /usr/lib64/libnvidia-glcore.so.595.71.05)
         n1: 16912384 0xD51F504: ??? (in /usr/lib64/libnvidia-glcore.so.595.71.05)
          n1: 16912384 0xD528952: ??? (in /usr/lib64/libnvidia-glcore.so.595.71.05)
           n1: 16912384 0xDA83FDC: ??? (in /usr/lib64/libnvidia-glcore.so.595.71.05)
            n1: 16912384 0xDA843C4: ??? (in /usr/lib64/libnvidia-glcore.so.595.71.05)
             n1: 16912384 0xD1FB32D: ??? (in /usr/lib64/libnvidia-glcore.so.595.71.05)
              n1: 16912384 0xD24D23C: ??? (in /usr/lib64/libnvidia-glcore.so.595.71.05)
               n1: 16912384 0xD1CF516: ??? (in /usr/lib64/libnvidia-glcore.so.595.71.05)
                n1: 16912384 0xD1E0C73: ??? (in /usr/lib64/libnvidia-glcore.so.595.71.05)
                 n1: 16912384 0xD1E0D0F: ??? (in /usr/lib64/libnvidia-glcore.so.595.71.05)
                  n1: 16912384 0x411E69: ShadowMap::initShaderData() (Texture.hpp:328)
                   n0: 16912384 0x402405: main (main.cpp:278)
         n0: 8388608 in 1 place, below massif's threshold (1.00%)
   n2: 26939392 0xDAE1CDA: ??? (in /usr/lib64/libnvidia-glcore.so.595.71.05)
    n2: 26939392 0xD9EB30A: ??? (in /usr/lib64/libnvidia-glcore.so.595.71.05)
     n2: 26869760 0xD51BDF6: ??? (in /usr/lib64/libnvidia-glcore.so.595.71.05)
      n2: 26791936 0xD49D1CA: ??? (in /usr/lib64/libnvidia-glcore.so.595.71.05)
       n1: 18874368 0xD4F177E: ??? (in /usr/lib64/libnvidia-glcore.so.595.71.05)
        n1: 18874368 0xD54A96C: ??? (in /usr/lib64/libnvidia-glcore.so.595.71.05)
         n1: 18874368 0xD54AAF1: ??? (in /usr/lib64/libnvidia-glcore.so.595.71.05)
          n1: 18874368 0xD5546D5: ??? (in /usr/lib64/libnvidia-glcore.so.595.71.05)
           n1: 18874368 0xD562896: ??? (in /usr/lib64/libnvidia-glcore.so.595.71.05)
            n1: 18874368 0xD562E6D: ??? (in /usr/lib64/libnvidia-glcore.so.595.71.05)
             n1: 18874368 0xD4E6BBA: ??? (in /usr/lib64/libnvidia-glcore.so.595.71.05)
              n1: 18874368 0xD4A44D9: ??? (in /usr/lib64/libnvidia-glcore.so.595.71.05)
               n1: 18874368 0xDA8297A: ??? (in /usr/lib64/libnvidia-glcore.so.595.71.05)
                n1: 18874368 0xD1B317A: ??? (in /usr/lib64/libnvidia-glcore.so.595.71.05)
                 n1: 18874368 0xD1B3AC1: ??? (in /usr/lib64/libnvidia-glcore.so.595.71.05)
                  n0: 18874368 in 2 places, all below massif's threshold (1.00%)
       n0: 7917568 in 2 places, all below massif's threshold (1.00%)
      n0: 77824 in 1 place, below massif's threshold (1.00%)
     n0: 69632 in 2 places, all below massif's threshold (1.00%)
    n0: 0 in 1 place, below massif's threshold (1.00%)
   n1: 14725120 0xC5D4E47: sysmalloc_mmap (malloc.c:2248)
    n1: 14725120 0xC5D58C2: sysmalloc (malloc.c:2348)
     n2: 14725120 0xC5D6C17: _int_malloc (malloc.c:4334)
      n1: 14725120 0xC5D714F: __libc_calloc2 (malloc.c:3684)
       n1: 14725120 0xD46B03D: ??? (in /usr/lib64/libnvidia-glcore.so.595.71.05)
        n1: 14725120 0xD033619: ??? (in /usr/lib64/libnvidia-glcore.so.595.71.05)
         n1: 14725120 0xD033F4D: ??? (in /usr/lib64/libnvidia-glcore.so.595.71.05)
          n1: 14725120 0xD0315B1: ??? (in /usr/lib64/libnvidia-glcore.so.595.71.05)
           n1: 14725120 0xDAD7614: ??? (in /usr/lib64/libnvidia-glcore.so.595.71.05)
            n1: 14725120 0xD5874EB: ??? (in /usr/lib64/libnvidia-glcore.so.595.71.05)
             n1: 14725120 0xD5A630D: ??? (in /usr/lib64/libnvidia-glcore.so.595.71.05)
              n1: 14725120 0xD4D332C: ??? (in /usr/lib64/libnvidia-glcore.so.595.71.05)
               n1: 14725120 0xD4D3670: ??? (in /usr/lib64/libnvidia-glcore.so.595.71.05)
                n1: 14725120 0xD4D36B1: ??? (in /usr/lib64/libnvidia-glcore.so.595.71.05)
                 n1: 14725120 0xD5B53DF: ??? (in /usr/lib64/libnvidia-glcore.so.595.71.05)
                  n1: 14725120 0xD316CA0: ??? (in /usr/lib64/libnvidia-glcore.so.595.71.05)
                   n1: 14725120 0xD2EB7F7: ??? (in /usr/lib64/libnvidia-glcore.so.595.71.05)
                    n1: 14725120 0x40B35B: ShaderProgram::link() (ShaderProgram.hpp:36)
                     n1: 14725120 0x40B3F8: ShaderProgram::load() (ShaderProgram.hpp:46)
                      n1: 14725120 0x401680: shaderReloadCallback() (main.cpp:148)
                       n0: 14725120 0x402226: main (main.cpp:227)
      n0: 0 in 3 places, all below massif's threshold (1.00%)
   n0: 1105920 in 5 places, all below massif's threshold (1.00%)
 n1: 254623744 0xB34F85C: __mmap64 (mmap64.c:58)
  n3: 254623744 0xB34F85C: mmap (mmap64.c:46)
   n1: 152305664 0xB332822: _dl_map_segment (dl-map-segments.h:30)
    n1: 152305664 0xB332822: _dl_map_segments (dl-map-segments.h:102)
     n1: 152305664 0xB332822: _dl_map_object_from_fd (dl-load.c:1259)
      n2: 152305664 0xB334008: _dl_map_new_object (dl-load.c:2187)
       n1: 149884928 0xB32DABC: openaux (dl-deps.c:64)
        n1: 149884928 0xB32C728: _dl_catch_exception (dl-catch.c:241)
         n2: 149884928 0xB32DEEE: _dl_map_object_deps (dl-deps.c:232)
          n1: 136835072 0xB337FCF: dl_open_worker_begin (dl-open.c:609)
           n1: 136835072 0xB32C728: _dl_catch_exception (dl-catch.c:241)
            n1: 136835072 0xB337542: dl_open_worker (dl-open.c:762)
             n1: 136835072 0xB32C728: _dl_catch_exception (dl-catch.c:241)
              n1: 136835072 0xB337AA9: _dl_open (dl-open.c:900)
               n1: 136835072 0xC5C3C03: dlopen_doit (dlopen.c:56)
                n1: 136835072 0xB32C728: _dl_catch_exception (dl-catch.c:241)
                 n1: 136835072 0xB32C878: _dl_catch_error (dl-catch.c:260)
                  n1: 136835072 0xC5C36F2: _dlerror_run (dlerror.c:138)
                   n1: 136835072 0xC5C3CBA: dlopen_implementation (dlopen.c:71)
                    n2: 136835072 0xC5C3CBA: dlopen@@GLIBC_2.34 (dlopen.c:81)
                     n1: 135471104 0xBEF6F63: __glXLookupVendorByName.part.0 (libglxmapping.c:428)
                      n1: 135471104 0xBEF7D19: __glXLookupVendorByName (libglxmapping.c:391)
                       n1: 135471104 0xBEF7D19: __glXLookupVendorByScreen.part.0 (libglxmapping.c:572)
                        n1: 135471104 0xBEF8CB1: __glXLookupVendorByScreen (libglxmapping.c:524)
                         n1: 135471104 0xBEF8CB1: __glXGetDynDispatch (libglxmapping.c:610)
                          n1: 135471104 0xBEF8CB1: glXQueryExtensionsString (libglx.c:1473)
                           n1: 135471104 0xC0EB7AC: extensionSupportedGLX (in /home/leo/Cours/S8/HAI819I_moteur_jeux/build/external/glfw/src/libglfw.so.3.4)
                            n1: 135471104 0xC0EBEEA: _glfwInitGLX (in /home/leo/Cours/S8/HAI819I_moteur_jeux/build/external/glfw/src/libglfw.so.3.4)
                             n1: 135471104 0xC0E79BE: _glfwCreateWindowX11 (in /home/leo/Cours/S8/HAI819I_moteur_jeux/build/external/glfw/src/libglfw.so.3.4)
                              n1: 135471104 0xC0D374D: glfwCreateWindow (in /home/leo/Cours/S8/HAI819I_moteur_jeux/build/external/glfw/src/libglfw.so.3.4)
                               n1: 135471104 0x40A1A7: Window::init() (Window.hpp:241)
                                n1: 135471104 0x4012FC: globalInit(Window&) (main.cpp:53)
                                 n0: 135471104 0x401CE1: main (main.cpp:166)
                     n0: 1363968 in 2 places, all below massif's threshold (1.00%)
          n1: 13049856 0xB34C388: dl_main (rtld.c:1947)
           n1: 13049856 0xB349055: _dl_sysdep_start (dl-sysdep.c:140)
            n1: 13049856 0xB34A780: _dl_start_final (rtld.c:496)
             n1: 13049856 0xB34A780: _dl_start (rtld.c:581)
              n0: 13049856 0xB3495C7: ??? (in /usr/lib64/ld-linux-x86-64.so.2)
       n0: 2420736 in 2 places, all below massif's threshold (1.00%)
   n1: 100982784 0xB332974: _dl_map_segments (dl-map-segments.h:140)
    n1: 100982784 0xB332974: _dl_map_object_from_fd (dl-load.c:1259)
     n2: 100982784 0xB334008: _dl_map_new_object (dl-load.c:2187)
      n1: 99446784 0xB32DABC: openaux (dl-deps.c:64)
       n1: 99446784 0xB32C728: _dl_catch_exception (dl-catch.c:241)
        n2: 99446784 0xB32DEEE: _dl_map_object_deps (dl-deps.c:232)
         n1: 93831168 0xB337FCF: dl_open_worker_begin (dl-open.c:609)
          n1: 93831168 0xB32C728: _dl_catch_exception (dl-catch.c:241)
           n1: 93831168 0xB337542: dl_open_worker (dl-open.c:762)
            n1: 93831168 0xB32C728: _dl_catch_exception (dl-catch.c:241)
             n1: 93831168 0xB337AA9: _dl_open (dl-open.c:900)
              n1: 93831168 0xC5C3C03: dlopen_doit (dlopen.c:56)
               n1: 93831168 0xB32C728: _dl_catch_exception (dl-catch.c:241)
                n1: 93831168 0xB32C878: _dl_catch_error (dl-catch.c:260)
                 n1: 93831168 0xC5C36F2: _dlerror_run (dlerror.c:138)
                  n1: 93831168 0xC5C3CBA: dlopen_implementation (dlopen.c:71)
                   n2: 93831168 0xC5C3CBA: dlopen@@GLIBC_2.34 (dlopen.c:81)
                    n1: 93372416 0xBEF6F63: __glXLookupVendorByName.part.0 (libglxmapping.c:428)
                     n1: 93372416 0xBEF7D19: __glXLookupVendorByName (libglxmapping.c:391)
                      n1: 93372416 0xBEF7D19: __glXLookupVendorByScreen.part.0 (libglxmapping.c:572)
                       n1: 93372416 0xBEF8CB1: __glXLookupVendorByScreen (libglxmapping.c:524)
                        n1: 93372416 0xBEF8CB1: __glXGetDynDispatch (libglxmapping.c:610)
                         n1: 93372416 0xBEF8CB1: glXQueryExtensionsString (libglx.c:1473)
                          n1: 93372416 0xC0EB7AC: extensionSupportedGLX (in /home/leo/Cours/S8/HAI819I_moteur_jeux/build/external/glfw/src/libglfw.so.3.4)
                           n1: 93372416 0xC0EBEEA: _glfwInitGLX (in /home/leo/Cours/S8/HAI819I_moteur_jeux/build/external/glfw/src/libglfw.so.3.4)
                            n1: 93372416 0xC0E79BE: _glfwCreateWindowX11 (in /home/leo/Cours/S8/HAI819I_moteur_jeux/build/external/glfw/src/libglfw.so.3.4)
                             n1: 93372416 0xC0D374D: glfwCreateWindow (in /home/leo/Cours/S8/HAI819I_moteur_jeux/build/external/glfw/src/libglfw.so.3.4)
                              n1: 93372416 0x40A1A7: Window::init() (Window.hpp:241)
                               n1: 93372416 0x4012FC: globalInit(Window&) (main.cpp:53)
                                n0: 93372416 0x401CE1: main (main.cpp:166)
                    n0: 458752 in 2 places, all below massif's threshold (1.00%)
         n0: 5615616 in 1 place, below massif's threshold (1.00%)
      n0: 1536000 in 2 places, all below massif's threshold (1.00%)
   n0: 1335296 in 3 places, all below massif's threshold (1.00%)
 n0: 183943168 0x0: ???
 n0: 8376320 in 3 places, all below massif's threshold (1.00%)
#-----------
snapshot=4
#-----------
time=12554163656
mem_heap_B=1108037632
mem_heap_extra_B=0
mem_stacks_B=0
heap_tree=empty
#-----------
snapshot=5
#-----------
time=14711909431
mem_heap_B=1246449664
mem_heap_extra_B=0
mem_stacks_B=0
heap_tree=empty
#-----------
snapshot=6
#-----------
time=18217796736
mem_heap_B=1247498240
mem_heap_extra_B=0
mem_stacks_B=0
heap_tree=empty
#-----------
snapshot=7
#-----------
time=20738851024
mem_heap_B=1392201728
mem_heap_extra_B=0
mem_stacks_B=0
heap_tree=detailed
n4: 1392201728 (page allocation syscalls) mmap/mremap/brk, --alloc-fns, etc.
 n1: 945258496 0xC647B7C: __mmap64 (mmap64.c:58)
  n7: 945258496 0xC647B7C: mmap (mmap64.c:46)
   n2: 536870912 0xC5D45C6: alloc_new_heap (arena.c:405)
    n1: 268435456 0xC5D4A89: _int_new_arena (arena.c:637)
     n1: 268435456 0xC5D4A89: arena_get2 (arena.c:856)
      n1: 268435456 0xC5D4A89: arena_get2 (arena.c:817)
       n1: 268435456 0xC5D6F36: __libc_malloc2 (malloc.c:3259)
        n2: 268435456 0xC17E2FB: operator new(unsigned long) (new_op.cc:50)
         n1: 201326592 0x436996: std::__new_allocator<char>::allocate(unsigned long, void const*) (new_allocator.h:162)
          n1: 201326592 0x43E5F2: allocate (allocator.h:206)
           n1: 201326592 0x43E5F2: allocate (alloc_traits.h:638)
            n1: 201326592 0x43E5F2: std::_Vector_base<char, std::allocator<char> >::_M_allocate(unsigned long) (stl_vector.h:389)
             n1: 201326592 0x43B88C: std::_Vector_base<char, std::allocator<char> >::_M_create_storage(unsigned long) (stl_vector.h:407)
              n1: 201326592 0x437F12: std::_Vector_base<char, std::allocator<char> >::_Vector_base(unsigned long, std::allocator<char> const&) (stl_vector.h:341)
               n1: 201326592 0x4340BE: std::vector<char, std::allocator<char> >::vector(unsigned long, std::allocator<char> const&) (stl_vector.h:577)
                n1: 201326592 0x42FBF6: filewatch::FileWatch<std::__cxx11::basic_string<char, std::char_traits<char>, std::allocator<char> > >::monitor_directory() (FileWatch.hpp:617)
                 n1: 201326592 0x42A351: filewatch::FileWatch<std::__cxx11::basic_string<char, std::char_traits<char>, std::allocator<char> > >::init()::{lambda()#2}::operator()() const (FileWatch.hpp:349)
                  n1: 201326592 0x460E06: void std::__invoke_impl<void, filewatch::FileWatch<std::__cxx11::basic_string<char, std::char_traits<char>, std::allocator<char> > >::init()::{lambda()#2}>(std::__invoke_other, filewatch::FileWatch<std::__cxx11::basic_string<char, std::char_traits<char>, std::allocator<char> > >::init()::{lambda()#2}&&) (invoke.h:63)
                   n1: 201326592 0x460D1D: std::__invoke_result<filewatch::FileWatch<std::__cxx11::basic_string<char, std::char_traits<char>, std::allocator<char> > >::init()::{lambda()#2}>::type std::__invoke<filewatch::FileWatch<std::__cxx11::basic_string<char, std::char_traits<char>, std::allocator<char> > >::init()::{lambda()#2}>(filewatch::FileWatch<std::__cxx11::basic_string<char, std::char_traits<char>, std::allocator<char> > >::init()::{lambda()#2}&&) (invoke.h:98)
                    n1: 201326592 0x460C0F: void std::thread::_Invoker<std::tuple<filewatch::FileWatch<std::__cxx11::basic_string<char, std::char_traits<char>, std::allocator<char> > >::init()::{lambda()#2}> >::_M_invoke<0ul>(std::_Index_tuple<0ul>) (std_thread.h:303)
                     n1: 201326592 0x460B69: std::thread::_Invoker<std::tuple<filewatch::FileWatch<std::__cxx11::basic_string<char, std::char_traits<char>, std::allocator<char> > >::init()::{lambda()#2}> >::operator()() (std_thread.h:310)
                      n1: 201326592 0x460987: std::thread::_State_impl<std::thread::_Invoker<std::tuple<filewatch::FileWatch<std::__cxx11::basic_string<char, std::char_traits<char>, std::allocator<char> > >::init()::{lambda()#2}> > >::_M_run() (std_thread.h:255)
                       n1: 201326592 0xC1AF3B5: execute_native_thread_routine (thread.cc:105)
                        n1: 201326592 0xC5C7758: start_thread (pthread_create.c:454)
                         n0: 201326592 0xC64B733: clone (clone.S:100)
         n1: 67108864 0x43188E: std::__new_allocator<glm::vec<3, float, (glm::qualifier)0> >::allocate(unsigned long, void const*) (new_allocator.h:162)
          n1: 67108864 0x41EE5A: allocate (allocator.h:206)
           n1: 67108864 0x41EE5A: allocate (alloc_traits.h:638)
            n1: 67108864 0x41EE5A: std::_Vector_base<glm::vec<3, float, (glm::qualifier)0>, std::allocator<glm::vec<3, float, (glm::qualifier)0> > >::_M_allocate(unsigned long) (stl_vector.h:389)
             n1: 67108864 0x421E4D: glm::vec<3, float, (glm::qualifier)0>* std::vector<glm::vec<3, float, (glm::qualifier)0>, std::allocator<glm::vec<3, float, (glm::qualifier)0> > >::_M_allocate_and_copy<__gnu_cxx::__normal_iterator<glm::vec<3, float, (glm::qualifier)0> const*, std::vector<glm::vec<3, float, (glm::qualifier)0>, std::allocator<glm::vec<3, float, (glm::qualifier)0> > > > >(unsigned long, __gnu_cxx::__normal_iterator<glm::vec<3, float, (glm::qualifier)0> const*, std::vector<glm::vec<3, float, (glm::qualifier)0>, std::allocator<glm::vec<3, float, (glm::qualifier)0> > > >, __gnu_cxx::__normal_iterator<glm::vec<3, float, (glm::qualifier)0> const*, std::vector<glm::vec<3, float, (glm::qualifier)0>, std::allocator<glm::vec<3, float, (glm::qualifier)0> > > >) (stl_vector.h:1900)
              n1: 67108864 0x418DC7: std::vector<glm::vec<3, float, (glm::qualifier)0>, std::allocator<glm::vec<3, float, (glm::qualifier)0> > >::operator=(std::vector<glm::vec<3, float, (glm::qualifier)0>, std::allocator<glm::vec<3, float, (glm::qualifier)0> > > const&) (vector.tcc:242)
               n1: 67108864 0x401482: worldThread() (main.cpp:123)
                n1: 67108864 0x460E7D: void std::__invoke_impl<void, void (*)()>(std::__invoke_other, void (*&&)()) (invoke.h:63)
                 n1: 67108864 0x460DC9: std::__invoke_result<void (*)()>::type std::__invoke<void (*)()>(void (*&&)()) (invoke.h:98)
                  n1: 67108864 0x460C81: void std::thread::_Invoker<std::tuple<void (*)()> >::_M_invoke<0ul>(std::_Index_tuple<0ul>) (std_thread.h:303)
                   n1: 67108864 0x460BBB: std::thread::_Invoker<std::tuple<void (*)()> >::operator()() (std_thread.h:310)
                    n1: 67108864 0x460B17: std::thread::_State_impl<std::thread::_Invoker<std::tuple<void (*)()> > >::_M_run() (std_thread.h:255)
                     n1: 67108864 0xC1AF3B5: execute_native_thread_routine (thread.cc:105)
                      n1: 67108864 0xC5C7758: start_thread (pthread_create.c:454)
                       n0: 67108864 0xC64B733: clone (clone.S:100)
    n1: 268435456 0xC5D58FB: sysmalloc (malloc.c:2395)
     n1: 268435456 0xC5D6C17: _int_malloc (malloc.c:4334)
      n1: 268435456 0xC5D6EED: __libc_malloc2 (malloc.c:3261)
       n1: 268435456 0xC17E2FB: operator new(unsigned long) (new_op.cc:50)
        n1: 268435456 0x46F3E0: std::__detail::_MakeUniq<std::array<Chunk, 7ul> >::__single_object std::make_unique<std::array<Chunk, 7ul>>() (unique_ptr.h:1105)
         n1: 268435456 0x46E643: Chunk& ContiguousStorage<Chunk, 16777216ul, glm::vec<3, int, (glm::qualifier)0>, MathHelpers::glmVecLexicoGraphic<int, 3ul> >::emplace<World*, glm::vec<3, int, (glm::qualifier)0> const&, GenType&>(glm::vec<3, int, (glm::qualifier)0>, World*&&, glm::vec<3, int, (glm::qualifier)0> const&, GenType&) (Helpers.hpp:320)
          n1: 268435456 0x46D041: World::addChunk(glm::vec<3, int, (glm::qualifier)0> const&) (World.cpp:27)
           n1: 268435456 0x46DA55: World::generate(std::vector<glm::vec<3, float, (glm::qualifier)0>, std::allocator<glm::vec<3, float, (glm::qualifier)0> > > const&) (World.cpp:132)
            n1: 268435456 0x46DB3A: World::selfUpdate(std::vector<glm::vec<3, float, (glm::qualifier)0>, std::allocator<glm::vec<3, float, (glm::qualifier)0> > > const&) (World.cpp:141)
             n1: 268435456 0x401559: worldThread() (main.cpp:137)
              n1: 268435456 0x460E7D: void std::__invoke_impl<void, void (*)()>(std::__invoke_other, void (*&&)()) (invoke.h:63)
               n1: 268435456 0x460DC9: std::__invoke_result<void (*)()>::type std::__invoke<void (*)()>(void (*&&)()) (invoke.h:98)
                n1: 268435456 0x460C81: void std::thread::_Invoker<std::tuple<void (*)()> >::_M_invoke<0ul>(std::_Index_tuple<0ul>) (std_thread.h:303)
                 n1: 268435456 0x460BBB: std::thread::_Invoker<std::tuple<void (*)()> >::operator()() (std_thread.h:310)
                  n1: 268435456 0x460B17: std::thread::_State_impl<std::thread::_Invoker<std::tuple<void (*)()> > >::_M_run() (std_thread.h:255)
                   n1: 268435456 0xC1AF3B5: execute_native_thread_routine (thread.cc:105)
                    n1: 268435456 0xC5C7758: start_thread (pthread_create.c:454)
                     n0: 268435456 0xC64B733: clone (clone.S:100)
   n2: 201326592 0xC5D44D5: alloc_new_heap (arena.c:395)
    n1: 134217728 0xC5D58FB: sysmalloc (malloc.c:2395)
     n1: 134217728 0xC5D6C17: _int_malloc (malloc.c:4334)
      n1: 134217728 0xC5D6EED: __libc_malloc2 (malloc.c:3261)
       n1: 134217728 0xC17E2FB: operator new(unsigned long) (new_op.cc:50)
        n1: 134217728 0x46F3E0: std::__detail::_MakeUniq<std::array<Chunk, 7ul> >::__single_object std::make_unique<std::array<Chunk, 7ul>>() (unique_ptr.h:1105)
         n1: 134217728 0x46E643: Chunk& ContiguousStorage<Chunk, 16777216ul, glm::vec<3, int, (glm::qualifier)0>, MathHelpers::glmVecLexicoGraphic<int, 3ul> >::emplace<World*, glm::vec<3, int, (glm::qualifier)0> const&, GenType&>(glm::vec<3, int, (glm::qualifier)0>, World*&&, glm::vec<3, int, (glm::qualifier)0> const&, GenType&) (Helpers.hpp:320)
          n1: 134217728 0x46D041: World::addChunk(glm::vec<3, int, (glm::qualifier)0> const&) (World.cpp:27)
           n1: 134217728 0x46DA55: World::generate(std::vector<glm::vec<3, float, (glm::qualifier)0>, std::allocator<glm::vec<3, float, (glm::qualifier)0> > > const&) (World.cpp:132)
            n1: 134217728 0x46DB3A: World::selfUpdate(std::vector<glm::vec<3, float, (glm::qualifier)0>, std::allocator<glm::vec<3, float, (glm::qualifier)0> > > const&) (World.cpp:141)
             n1: 134217728 0x401559: worldThread() (main.cpp:137)
              n1: 134217728 0x460E7D: void std::__invoke_impl<void, void (*)()>(std::__invoke_other, void (*&&)()) (invoke.h:63)
               n1: 134217728 0x460DC9: std::__invoke_result<void (*)()>::type std::__invoke<void (*)()>(void (*&&)()) (invoke.h:98)
                n1: 134217728 0x460C81: void std::thread::_Invoker<std::tuple<void (*)()> >::_M_invoke<0ul>(std::_Index_tuple<0ul>) (std_thread.h:303)
                 n1: 134217728 0x460BBB: std::thread::_Invoker<std::tuple<void (*)()> >::operator()() (std_thread.h:310)
                  n1: 134217728 0x460B17: std::thread::_State_impl<std::thread::_Invoker<std::tuple<void (*)()> > >::_M_run() (std_thread.h:255)
                   n1: 134217728 0xC1AF3B5: execute_native_thread_routine (thread.cc:105)
                    n1: 134217728 0xC5C7758: start_thread (pthread_create.c:454)
                     n0: 134217728 0xC64B733: clone (clone.S:100)
    n1: 67108864 0xC5D4A89: _int_new_arena (arena.c:637)
     n1: 67108864 0xC5D4A89: arena_get2 (arena.c:856)
      n1: 67108864 0xC5D4A89: arena_get2 (arena.c:817)
       n1: 67108864 0xC5D6F36: __libc_malloc2 (malloc.c:3259)
        n1: 67108864 0xC17E2FB: operator new(unsigned long) (new_op.cc:50)
         n1: 67108864 0x436996: std::__new_allocator<char>::allocate(unsigned long, void const*) (new_allocator.h:162)
          n1: 67108864 0x43E5F2: allocate (allocator.h:206)
           n1: 67108864 0x43E5F2: allocate (alloc_traits.h:638)
            n1: 67108864 0x43E5F2: std::_Vector_base<char, std::allocator<char> >::_M_allocate(unsigned long) (stl_vector.h:389)
             n1: 67108864 0x43B88C: std::_Vector_base<char, std::allocator<char> >::_M_create_storage(unsigned long) (stl_vector.h:407)
              n1: 67108864 0x437F12: std::_Vector_base<char, std::allocator<char> >::_Vector_base(unsigned long, std::allocator<char> const&) (stl_vector.h:341)
               n1: 67108864 0x4340BE: std::vector<char, std::allocator<char> >::vector(unsigned long, std::allocator<char> const&) (stl_vector.h:577)
                n1: 67108864 0x42FBF6: filewatch::FileWatch<std::__cxx11::basic_string<char, std::char_traits<char>, std::allocator<char> > >::monitor_directory() (FileWatch.hpp:617)
                 n1: 67108864 0x42A351: filewatch::FileWatch<std::__cxx11::basic_string<char, std::char_traits<char>, std::allocator<char> > >::init()::{lambda()#2}::operator()() const (FileWatch.hpp:349)
                  n1: 67108864 0x460E06: void std::__invoke_impl<void, filewatch::FileWatch<std::__cxx11::basic_string<char, std::char_traits<char>, std::allocator<char> > >::init()::{lambda()#2}>(std::__invoke_other, filewatch::FileWatch<std::__cxx11::basic_string<char, std::char_traits<char>, std::allocator<char> > >::init()::{lambda()#2}&&) (invoke.h:63)
                   n1: 67108864 0x460D1D: std::__invoke_result<filewatch::FileWatch<std::__cxx11::basic_string<char, std::char_traits<char>, std::allocator<char> > >::init()::{lambda()#2}>::type std::__invoke<filewatch::FileWatch<std::__cxx11::basic_string<char, std::char_traits<char>, std::allocator<char> > >::init()::{lambda()#2}>(filewatch::FileWatch<std::__cxx11::basic_string<char, std::char_traits<char>, std::allocator<char> > >::init()::{lambda()#2}&&) (invoke.h:98)
                    n1: 67108864 0x460C0F: void std::thread::_Invoker<std::tuple<filewatch::FileWatch<std::__cxx11::basic_string<char, std::char_traits<char>, std::allocator<char> > >::init()::{lambda()#2}> >::_M_invoke<0ul>(std::_Index_tuple<0ul>) (std_thread.h:303)
                     n1: 67108864 0x460B69: std::thread::_Invoker<std::tuple<filewatch::FileWatch<std::__cxx11::basic_string<char, std::char_traits<char>, std::allocator<char> > >::init()::{lambda()#2}> >::operator()() (std_thread.h:310)
                      n1: 67108864 0x460987: std::thread::_State_impl<std::thread::_Invoker<std::tuple<filewatch::FileWatch<std::__cxx11::basic_string<char, std::char_traits<char>, std::allocator<char> > >::init()::{lambda()#2}> > >::_M_run() (std_thread.h:255)
                       n1: 67108864 0xC1AF3B5: execute_native_thread_routine (thread.cc:105)
                        n1: 67108864 0xC5C7758: start_thread (pthread_create.c:454)
                         n0: 67108864 0xC64B733: clone (clone.S:100)
   n1: 88756224 0xC5D5CBD: sysmalloc_mmap_fallback (malloc.c:2289)
    n1: 88756224 0xC5D5CBD: sysmalloc (malloc.c:2501)
     n2: 88756224 0xC5D6C17: _int_malloc (malloc.c:4334)
      n2: 46678016 0xC5D6F8E: __libc_malloc2 (malloc.c:3253)
       n2: 42078208 0xD46AD81: ??? (in /usr/lib64/libnvidia-glcore.so.595.71.05)
        n2: 41029632 0xCDA4325: ??? (in /usr/lib64/libnvidia-glcore.so.595.71.05)
         n1: 37748736 0xCDA4441: ??? (in /usr/lib64/libnvidia-glcore.so.595.71.05)
          n0: 37748736 in 12 places, all below massif's threshold (1.00%)
         n0: 3280896 in 1 place, below massif's threshold (1.00%)
        n0: 1048576 in 1 place, below massif's threshold (1.00%)
       n0: 4599808 in 2 places, all below massif's threshold (1.00%)
      n1: 42078208 0xC5D6EED: __libc_malloc2 (malloc.c:3261)
       n1: 42078208 0xD46AD81: ??? (in /usr/lib64/libnvidia-glcore.so.595.71.05)
        n2: 42078208 0xD1D01EA: ??? (in /usr/lib64/libnvidia-glcore.so.595.71.05)
         n1: 25165824 0xD1B3595: ??? (in /usr/lib64/libnvidia-glcore.so.595.71.05)
          n2: 25165824 0xD1B3AC1: ??? (in /usr/lib64/libnvidia-glcore.so.595.71.05)
           n1: 18874368 0x473BE0: ChunkRenderer::updateShaderData(glm::vec<3, float, (glm::qualifier)0> const&) (Chunk.cpp:360)
            n1: 18874368 0x4615E9: WorldRenderer::renderChunks(ShaderProgram&, Camera::Frustum const&, glm::vec<3, float, (glm::qualifier)0> const&)::{lambda(ChunkRenderer&)#1}::operator()(ChunkRenderer&) const (WorldRenderer.cpp:64)
             n1: 18874368 0x463438: void std::__invoke_impl<void, WorldRenderer::renderChunks(ShaderProgram&, Camera::Frustum const&, glm::vec<3, float, (glm::qualifier)0> const&)::{lambda(ChunkRenderer&)#1}&, ChunkRenderer&>(std::__invoke_other, WorldRenderer::renderChunks(ShaderProgram&, Camera::Frustum const&, glm::vec<3, float, (glm::qualifier)0> const&)::{lambda(ChunkRenderer&)#1}&, ChunkRenderer&) (invoke.h:63)
              n1: 18874368 0x462F22: std::enable_if<is_invocable_r_v<void, WorldRenderer::renderChunks(ShaderProgram&, Camera::Frustum const&, glm::vec<3, float, (glm::qualifier)0> const&)::{lambda(ChunkRenderer&)#1}&, ChunkRenderer&>, void>::type std::__invoke_r<void, WorldRenderer::renderChunks(ShaderProgram&, Camera::Frustum const&, glm::vec<3, float, (glm::qualifier)0> const&)::{lambda(ChunkRenderer&)#1}&, ChunkRenderer&>(WorldRenderer::renderChunks(ShaderProgram&, Camera::Frustum const&, glm::vec<3, float, (glm::qualifier)0> const&)::{lambda(ChunkRenderer&)#1}&, ChunkRenderer&) (invoke.h:113)
               n1: 18874368 0x462A7C: std::_Function_handler<void (ChunkRenderer&), WorldRenderer::renderChunks(ShaderProgram&, Camera::Frustum const&, glm::vec<3, float, (glm::qualifier)0> const&)::{lambda(ChunkRenderer&)#1}>::_M_invoke(std::_Any_data const&, ChunkRenderer&) (std_function.h:295)
                n1: 18874368 0x466E80: std::function<void (ChunkRenderer&)>::operator()(ChunkRenderer&) const (std_function.h:581)
                 n1: 18874368 0x4652BB: ContiguousStorage<ChunkRenderer, 784ul, glm::vec<3, int, (glm::qualifier)0>, MathHelpers::glmVecLexicoGraphic<int, 3ul> >::forEach(std::function<void (ChunkRenderer&)>) (Helpers.hpp:383)
                  n1: 18874368 0x461A9A: WorldRenderer::renderChunks(ShaderProgram&, Camera::Frustum const&, glm::vec<3, float, (glm::qualifier)0> const&) (WorldRenderer.cpp:59)
                   n0: 18874368 0x40317E: main (main.cpp:422)
           n0: 6291456 in 2 places, all below massif's threshold (1.00%)
         n1: 16912384 0xD51F504: ??? (in /usr/lib64/libnvidia-glcore.so.595.71.05)
          n1: 16912384 0xD528952: ??? (in /usr/lib64/libnvidia-glcore.so.595.71.05)
           n1: 16912384 0xDA83FDC: ??? (in /usr/lib64/libnvidia-glcore.so.595.71.05)
            n1: 16912384 0xDA843C4: ??? (in /usr/lib64/libnvidia-glcore.so.595.71.05)
             n1: 16912384 0xD1FB32D: ??? (in /usr/lib64/libnvidia-glcore.so.595.71.05)
              n1: 16912384 0xD24D23C: ??? (in /usr/lib64/libnvidia-glcore.so.595.71.05)
               n1: 16912384 0xD1CF516: ??? (in /usr/lib64/libnvidia-glcore.so.595.71.05)
                n1: 16912384 0xD1E0C73: ??? (in /usr/lib64/libnvidia-glcore.so.595.71.05)
                 n1: 16912384 0xD1E0D0F: ??? (in /usr/lib64/libnvidia-glcore.so.595.71.05)
                  n1: 16912384 0x411E69: ShadowMap::initShaderData() (Texture.hpp:328)
                   n0: 16912384 0x402405: main (main.cpp:278)
   n1: 75534336 0xC5C8410: allocate_thread_stack (allocatestack.c:169)
    n1: 75534336 0xC5C8410: allocate_stack (allocatestack.c:508)
     n1: 75534336 0xC5C8410: pthread_create@@GLIBC_2.34 (pthread_create.c:680)
      n1: 75534336 0xC1AF488: __gthread_create (gthr-default.h:709)
       n3: 75534336 0xC1AF488: std::thread::_M_start_thread(std::unique_ptr<std::thread::_State, std::default_delete<std::thread::_State> >, void (*)()) (thread.cc:173)
        n1: 33570816 0x42FA05: std::thread::thread<filewatch::FileWatch<std::__cxx11::basic_string<char, std::char_traits<char>, std::allocator<char> > >::init()::{lambda()#1}, , void>(filewatch::FileWatch<std::__cxx11::basic_string<char, std::char_traits<char>, std::allocator<char> > >::init()::{lambda()#1}&&) (std_thread.h:175)
         n1: 33570816 0x42A3F9: filewatch::FileWatch<std::__cxx11::basic_string<char, std::char_traits<char>, std::allocator<char> > >::init() (FileWatch.hpp:336)
          n1: 33570816 0x422F7B: filewatch::FileWatch<std::__cxx11::basic_string<char, std::char_traits<char>, std::allocator<char> > >::FileWatch(std::__cxx11::basic_string<char, std::char_traits<char>, std::allocator<char> >, std::__cxx11::basic_regex<char, std::__cxx11::regex_traits<char> >, std::function<void (std::__cxx11::basic_string<char, std::char_traits<char>, std::allocator<char> > const&, filewatch::Event)>) (FileWatch.hpp:187)
           n2: 33570816 0x419E1F: filewatch::FileWatch<std::__cxx11::basic_string<char, std::char_traits<char>, std::allocator<char> > >::FileWatch(std::__cxx11::basic_string<char, std::char_traits<char>, std::allocator<char> >, std::function<void (std::__cxx11::basic_string<char, std::char_traits<char>, std::allocator<char> > const&, filewatch::Event)>) (FileWatch.hpp:191)
            n1: 25178112 0x401C7B: auto makeTextureWatcher<main::{lambda(std::__cxx11::basic_string<char, std::char_traits<char>, std::allocator<char> > const&, filewatch::Event)#2}&>(std::__cxx11::basic_string<char, std::char_traits<char>, std::allocator<char> > const&, main::{lambda(std::__cxx11::basic_string<char, std::char_traits<char>, std::allocator<char> > const&, filewatch::Event)#2}&) (main.cpp:162)
             n0: 25178112 in 3 places, all below massif's threshold (1.00%)
            n0: 8392704 in 1 place, below massif's threshold (1.00%)
        n1: 33570816 0x430295: std::thread::thread<filewatch::FileWatch<std::__cxx11::basic_string<char, std::char_traits<char>, std::allocator<char> > >::init()::{lambda()#2}, , void>(filewatch::FileWatch<std::__cxx11::basic_string<char, std::char_traits<char>, std::allocator<char> > >::init()::{lambda()#2}&&) (std_thread.h:175)
         n1: 33570816 0x42A43A: filewatch::FileWatch<std::__cxx11::basic_string<char, std::char_traits<char>, std::allocator<char> > >::init() (FileWatch.hpp:347)
          n1: 33570816 0x422F7B: filewatch::FileWatch<std::__cxx11::basic_string<char, std::char_traits<char>, std::allocator<char> > >::FileWatch(std::__cxx11::basic_string<char, std::char_traits<char>, std::allocator<char> >, std::__cxx11::basic_regex<char, std::__cxx11::regex_traits<char> >, std::function<void (std::__cxx11::basic_string<char, std::char_traits<char>, std::allocator<char> > const&, filewatch::Event)>) (FileWatch.hpp:187)
           n2: 33570816 0x419E1F: filewatch::FileWatch<std::__cxx11::basic_string<char, std::char_traits<char>, std::allocator<char> > >::FileWatch(std::__cxx11::basic_string<char, std::char_traits<char>, std::allocator<char> >, std::function<void (std::__cxx11::basic_string<char, std::char_traits<char>, std::allocator<char> > const&, filewatch::Event)>) (FileWatch.hpp:191)
            n1: 25178112 0x401C7B: auto makeTextureWatcher<main::{lambda(std::__cxx11::basic_string<char, std::char_traits<char>, std::allocator<char> > const&, filewatch::Event)#2}&>(std::__cxx11::basic_string<char, std::char_traits<char>, std::allocator<char> > const&, main::{lambda(std::__cxx11::basic_string<char, std::char_traits<char>, std::allocator<char> > const&, filewatch::Event)#2}&) (main.cpp:162)
             n0: 25178112 in 3 places, all below massif's threshold (1.00%)
            n0: 8392704 in 1 place, below massif's threshold (1.00%)
        n0: 8392704 in 1 place, below massif's threshold (1.00%)
   n2: 26939392 0xDAE1CDA: ??? (in /usr/lib64/libnvidia-glcore.so.595.71.05)
    n2: 26939392 0xD9EB30A: ??? (in /usr/lib64/libnvidia-glcore.so.595.71.05)
     n2: 26869760 0xD51BDF6: ??? (in /usr/lib64/libnvidia-glcore.so.595.71.05)
      n2: 26791936 0xD49D1CA: ??? (in /usr/lib64/libnvidia-glcore.so.595.71.05)
       n1: 18874368 0xD4F177E: ??? (in /usr/lib64/libnvidia-glcore.so.595.71.05)
        n1: 18874368 0xD54A96C: ??? (in /usr/lib64/libnvidia-glcore.so.595.71.05)
         n1: 18874368 0xD54AAF1: ??? (in /usr/lib64/libnvidia-glcore.so.595.71.05)
          n1: 18874368 0xD5546D5: ??? (in /usr/lib64/libnvidia-glcore.so.595.71.05)
           n1: 18874368 0xD562896: ??? (in /usr/lib64/libnvidia-glcore.so.595.71.05)
            n1: 18874368 0xD562E6D: ??? (in /usr/lib64/libnvidia-glcore.so.595.71.05)
             n1: 18874368 0xD4E6BBA: ??? (in /usr/lib64/libnvidia-glcore.so.595.71.05)
              n1: 18874368 0xD4A44D9: ??? (in /usr/lib64/libnvidia-glcore.so.595.71.05)
               n1: 18874368 0xDA8297A: ??? (in /usr/lib64/libnvidia-glcore.so.595.71.05)
                n1: 18874368 0xD1B317A: ??? (in /usr/lib64/libnvidia-glcore.so.595.71.05)
                 n1: 18874368 0xD1B3AC1: ??? (in /usr/lib64/libnvidia-glcore.so.595.71.05)
                  n0: 18874368 in 2 places, all below massif's threshold (1.00%)
       n0: 7917568 in 2 places, all below massif's threshold (1.00%)
      n0: 77824 in 1 place, below massif's threshold (1.00%)
     n0: 69632 in 2 places, all below massif's threshold (1.00%)
    n0: 0 in 1 place, below massif's threshold (1.00%)
   n1: 14725120 0xC5D4E47: sysmalloc_mmap (malloc.c:2248)
    n1: 14725120 0xC5D58C2: sysmalloc (malloc.c:2348)
     n2: 14725120 0xC5D6C17: _int_malloc (malloc.c:4334)
      n1: 14725120 0xC5D714F: __libc_calloc2 (malloc.c:3684)
       n1: 14725120 0xD46B03D: ??? (in /usr/lib64/libnvidia-glcore.so.595.71.05)
        n1: 14725120 0xD033619: ??? (in /usr/lib64/libnvidia-glcore.so.595.71.05)
         n1: 14725120 0xD033F4D: ??? (in /usr/lib64/libnvidia-glcore.so.595.71.05)
          n1: 14725120 0xD0315B1: ??? (in /usr/lib64/libnvidia-glcore.so.595.71.05)
           n1: 14725120 0xDAD7614: ??? (in /usr/lib64/libnvidia-glcore.so.595.71.05)
            n1: 14725120 0xD5874EB: ??? (in /usr/lib64/libnvidia-glcore.so.595.71.05)
             n1: 14725120 0xD5A630D: ??? (in /usr/lib64/libnvidia-glcore.so.595.71.05)
              n1: 14725120 0xD4D332C: ??? (in /usr/lib64/libnvidia-glcore.so.595.71.05)
               n1: 14725120 0xD4D3670: ??? (in /usr/lib64/libnvidia-glcore.so.595.71.05)
                n1: 14725120 0xD4D36B1: ??? (in /usr/lib64/libnvidia-glcore.so.595.71.05)
                 n1: 14725120 0xD5B53DF: ??? (in /usr/lib64/libnvidia-glcore.so.595.71.05)
                  n1: 14725120 0xD316CA0: ??? (in /usr/lib64/libnvidia-glcore.so.595.71.05)
                   n1: 14725120 0xD2EB7F7: ??? (in /usr/lib64/libnvidia-glcore.so.595.71.05)
                    n1: 14725120 0x40B35B: ShaderProgram::link() (ShaderProgram.hpp:36)
                     n1: 14725120 0x40B3F8: ShaderProgram::load() (ShaderProgram.hpp:46)
                      n1: 14725120 0x401680: shaderReloadCallback() (main.cpp:148)
                       n0: 14725120 0x402226: main (main.cpp:227)
      n0: 0 in 3 places, all below massif's threshold (1.00%)
   n0: 1105920 in 5 places, all below massif's threshold (1.00%)
 n1: 254623744 0xB34F85C: __mmap64 (mmap64.c:58)
  n3: 254623744 0xB34F85C: mmap (mmap64.c:46)
   n1: 152305664 0xB332822: _dl_map_segment (dl-map-segments.h:30)
    n1: 152305664 0xB332822: _dl_map_segments (dl-map-segments.h:102)
     n1: 152305664 0xB332822: _dl_map_object_from_fd (dl-load.c:1259)
      n2: 152305664 0xB334008: _dl_map_new_object (dl-load.c:2187)
       n1: 149884928 0xB32DABC: openaux (dl-deps.c:64)
        n1: 149884928 0xB32C728: _dl_catch_exception (dl-catch.c:241)
         n2: 149884928 0xB32DEEE: _dl_map_object_deps (dl-deps.c:232)
          n1: 136835072 0xB337FCF: dl_open_worker_begin (dl-open.c:609)
           n1: 136835072 0xB32C728: _dl_catch_exception (dl-catch.c:241)
            n1: 136835072 0xB337542: dl_open_worker (dl-open.c:762)
             n1: 136835072 0xB32C728: _dl_catch_exception (dl-catch.c:241)
              n1: 136835072 0xB337AA9: _dl_open (dl-open.c:900)
               n1: 136835072 0xC5C3C03: dlopen_doit (dlopen.c:56)
                n1: 136835072 0xB32C728: _dl_catch_exception (dl-catch.c:241)
                 n1: 136835072 0xB32C878: _dl_catch_error (dl-catch.c:260)
                  n1: 136835072 0xC5C36F2: _dlerror_run (dlerror.c:138)
                   n1: 136835072 0xC5C3CBA: dlopen_implementation (dlopen.c:71)
                    n2: 136835072 0xC5C3CBA: dlopen@@GLIBC_2.34 (dlopen.c:81)
                     n1: 135471104 0xBEF6F63: __glXLookupVendorByName.part.0 (libglxmapping.c:428)
                      n1: 135471104 0xBEF7D19: __glXLookupVendorByName (libglxmapping.c:391)
                       n1: 135471104 0xBEF7D19: __glXLookupVendorByScreen.part.0 (libglxmapping.c:572)
                        n1: 135471104 0xBEF8CB1: __glXLookupVendorByScreen (libglxmapping.c:524)
                         n1: 135471104 0xBEF8CB1: __glXGetDynDispatch (libglxmapping.c:610)
                          n1: 135471104 0xBEF8CB1: glXQueryExtensionsString (libglx.c:1473)
                           n1: 135471104 0xC0EB7AC: extensionSupportedGLX (in /home/leo/Cours/S8/HAI819I_moteur_jeux/build/external/glfw/src/libglfw.so.3.4)
                            n1: 135471104 0xC0EBEEA: _glfwInitGLX (in /home/leo/Cours/S8/HAI819I_moteur_jeux/build/external/glfw/src/libglfw.so.3.4)
                             n1: 135471104 0xC0E79BE: _glfwCreateWindowX11 (in /home/leo/Cours/S8/HAI819I_moteur_jeux/build/external/glfw/src/libglfw.so.3.4)
                              n1: 135471104 0xC0D374D: glfwCreateWindow (in /home/leo/Cours/S8/HAI819I_moteur_jeux/build/external/glfw/src/libglfw.so.3.4)
                               n1: 135471104 0x40A1A7: Window::init() (Window.hpp:241)
                                n1: 135471104 0x4012FC: globalInit(Window&) (main.cpp:53)
                                 n0: 135471104 0x401CE1: main (main.cpp:166)
                     n0: 1363968 in 2 places, all below massif's threshold (1.00%)
          n0: 13049856 in 1 place, below massif's threshold (1.00%)
       n0: 2420736 in 2 places, all below massif's threshold (1.00%)
   n1: 100982784 0xB332974: _dl_map_segments (dl-map-segments.h:140)
    n1: 100982784 0xB332974: _dl_map_object_from_fd (dl-load.c:1259)
     n2: 100982784 0xB334008: _dl_map_new_object (dl-load.c:2187)
      n1: 99446784 0xB32DABC: openaux (dl-deps.c:64)
       n1: 99446784 0xB32C728: _dl_catch_exception (dl-catch.c:241)
        n2: 99446784 0xB32DEEE: _dl_map_object_deps (dl-deps.c:232)
         n1: 93831168 0xB337FCF: dl_open_worker_begin (dl-open.c:609)
          n1: 93831168 0xB32C728: _dl_catch_exception (dl-catch.c:241)
           n1: 93831168 0xB337542: dl_open_worker (dl-open.c:762)
            n1: 93831168 0xB32C728: _dl_catch_exception (dl-catch.c:241)
             n1: 93831168 0xB337AA9: _dl_open (dl-open.c:900)
              n1: 93831168 0xC5C3C03: dlopen_doit (dlopen.c:56)
               n1: 93831168 0xB32C728: _dl_catch_exception (dl-catch.c:241)
                n1: 93831168 0xB32C878: _dl_catch_error (dl-catch.c:260)
                 n1: 93831168 0xC5C36F2: _dlerror_run (dlerror.c:138)
                  n1: 93831168 0xC5C3CBA: dlopen_implementation (dlopen.c:71)
                   n2: 93831168 0xC5C3CBA: dlopen@@GLIBC_2.34 (dlopen.c:81)
                    n1: 93372416 0xBEF6F63: __glXLookupVendorByName.part.0 (libglxmapping.c:428)
                     n1: 93372416 0xBEF7D19: __glXLookupVendorByName (libglxmapping.c:391)
                      n1: 93372416 0xBEF7D19: __glXLookupVendorByScreen.part.0 (libglxmapping.c:572)
                       n1: 93372416 0xBEF8CB1: __glXLookupVendorByScreen (libglxmapping.c:524)
                        n1: 93372416 0xBEF8CB1: __glXGetDynDispatch (libglxmapping.c:610)
                         n1: 93372416 0xBEF8CB1: glXQueryExtensionsString (libglx.c:1473)
                          n1: 93372416 0xC0EB7AC: extensionSupportedGLX (in /home/leo/Cours/S8/HAI819I_moteur_jeux/build/external/glfw/src/libglfw.so.3.4)
                           n1: 93372416 0xC0EBEEA: _glfwInitGLX (in /home/leo/Cours/S8/HAI819I_moteur_jeux/build/external/glfw/src/libglfw.so.3.4)
                            n1: 93372416 0xC0E79BE: _glfwCreateWindowX11 (in /home/leo/Cours/S8/HAI819I_moteur_jeux/build/external/glfw/src/libglfw.so.3.4)
                             n1: 93372416 0xC0D374D: glfwCreateWindow (in /home/leo/Cours/S8/HAI819I_moteur_jeux/build/external/glfw/src/libglfw.so.3.4)
                              n1: 93372416 0x40A1A7: Window::init() (Window.hpp:241)
                               n1: 93372416 0x4012FC: globalInit(Window&) (main.cpp:53)
                                n0: 93372416 0x401CE1: main (main.cpp:166)
                    n0: 458752 in 2 places, all below massif's threshold (1.00%)
         n0: 5615616 in 1 place, below massif's threshold (1.00%)
      n0: 1536000 in 2 places, all below massif's threshold (1.00%)
   n0: 1335296 in 3 places, all below massif's threshold (1.00%)
 n0: 183943168 0x0: ???
 n0: 8376320 in 3 places, all below massif's threshold (1.00%)
#-----------
snapshot=8
#-----------
time=23815127865
mem_heap_B=1526419456
mem_heap_extra_B=0
mem_stacks_B=0
heap_tree=detailed
n4: 1526419456 (page allocation syscalls) mmap/mremap/brk, --alloc-fns, etc.
 n1: 1079476224 0xC647B7C: __mmap64 (mmap64.c:58)
  n6: 1079476224 0xC647B7C: mmap (mmap64.c:46)
   n2: 603979776 0xC5D45C6: alloc_new_heap (arena.c:405)
    n1: 335544320 0xC5D58FB: sysmalloc (malloc.c:2395)
     n1: 335544320 0xC5D6C17: _int_malloc (malloc.c:4334)
      n1: 335544320 0xC5D6EED: __libc_malloc2 (malloc.c:3261)
       n1: 335544320 0xC17E2FB: operator new(unsigned long) (new_op.cc:50)
        n1: 335544320 0x46F3E0: std::__detail::_MakeUniq<std::array<Chunk, 7ul> >::__single_object std::make_unique<std::array<Chunk, 7ul>>() (unique_ptr.h:1105)
         n1: 335544320 0x46E643: Chunk& ContiguousStorage<Chunk, 16777216ul, glm::vec<3, int, (glm::qualifier)0>, MathHelpers::glmVecLexicoGraphic<int, 3ul> >::emplace<World*, glm::vec<3, int, (glm::qualifier)0> const&, GenType&>(glm::vec<3, int, (glm::qualifier)0>, World*&&, glm::vec<3, int, (glm::qualifier)0> const&, GenType&) (Helpers.hpp:320)
          n1: 335544320 0x46D041: World::addChunk(glm::vec<3, int, (glm::qualifier)0> const&) (World.cpp:27)
           n1: 335544320 0x46DA55: World::generate(std::vector<glm::vec<3, float, (glm::qualifier)0>, std::allocator<glm::vec<3, float, (glm::qualifier)0> > > const&) (World.cpp:132)
            n1: 335544320 0x46DB3A: World::selfUpdate(std::vector<glm::vec<3, float, (glm::qualifier)0>, std::allocator<glm::vec<3, float, (glm::qualifier)0> > > const&) (World.cpp:141)
             n1: 335544320 0x401559: worldThread() (main.cpp:137)
              n1: 335544320 0x460E7D: void std::__invoke_impl<void, void (*)()>(std::__invoke_other, void (*&&)()) (invoke.h:63)
               n1: 335544320 0x460DC9: std::__invoke_result<void (*)()>::type std::__invoke<void (*)()>(void (*&&)()) (invoke.h:98)
                n1: 335544320 0x460C81: void std::thread::_Invoker<std::tuple<void (*)()> >::_M_invoke<0ul>(std::_Index_tuple<0ul>) (std_thread.h:303)
                 n1: 335544320 0x460BBB: std::thread::_Invoker<std::tuple<void (*)()> >::operator()() (std_thread.h:310)
                  n1: 335544320 0x460B17: std::thread::_State_impl<std::thread::_Invoker<std::tuple<void (*)()> > >::_M_run() (std_thread.h:255)
                   n1: 335544320 0xC1AF3B5: execute_native_thread_routine (thread.cc:105)
                    n1: 335544320 0xC5C7758: start_thread (pthread_create.c:454)
                     n0: 335544320 0xC64B733: clone (clone.S:100)
    n1: 268435456 0xC5D4A89: _int_new_arena (arena.c:637)
     n1: 268435456 0xC5D4A89: arena_get2 (arena.c:856)
      n1: 268435456 0xC5D4A89: arena_get2 (arena.c:817)
       n1: 268435456 0xC5D6F36: __libc_malloc2 (malloc.c:3259)
        n2: 268435456 0xC17E2FB: operator new(unsigned long) (new_op.cc:50)
         n1: 201326592 0x436996: std::__new_allocator<char>::allocate(unsigned long, void const*) (new_allocator.h:162)
          n1: 201326592 0x43E5F2: allocate (allocator.h:206)
           n1: 201326592 0x43E5F2: allocate (alloc_traits.h:638)
            n1: 201326592 0x43E5F2: std::_Vector_base<char, std::allocator<char> >::_M_allocate(unsigned long) (stl_vector.h:389)
             n1: 201326592 0x43B88C: std::_Vector_base<char, std::allocator<char> >::_M_create_storage(unsigned long) (stl_vector.h:407)
              n1: 201326592 0x437F12: std::_Vector_base<char, std::allocator<char> >::_Vector_base(unsigned long, std::allocator<char> const&) (stl_vector.h:341)
               n1: 201326592 0x4340BE: std::vector<char, std::allocator<char> >::vector(unsigned long, std::allocator<char> const&) (stl_vector.h:577)
                n1: 201326592 0x42FBF6: filewatch::FileWatch<std::__cxx11::basic_string<char, std::char_traits<char>, std::allocator<char> > >::monitor_directory() (FileWatch.hpp:617)
                 n1: 201326592 0x42A351: filewatch::FileWatch<std::__cxx11::basic_string<char, std::char_traits<char>, std::allocator<char> > >::init()::{lambda()#2}::operator()() const (FileWatch.hpp:349)
                  n1: 201326592 0x460E06: void std::__invoke_impl<void, filewatch::FileWatch<std::__cxx11::basic_string<char, std::char_traits<char>, std::allocator<char> > >::init()::{lambda()#2}>(std::__invoke_other, filewatch::FileWatch<std::__cxx11::basic_string<char, std::char_traits<char>, std::allocator<char> > >::init()::{lambda()#2}&&) (invoke.h:63)
                   n1: 201326592 0x460D1D: std::__invoke_result<filewatch::FileWatch<std::__cxx11::basic_string<char, std::char_traits<char>, std::allocator<char> > >::init()::{lambda()#2}>::type std::__invoke<filewatch::FileWatch<std::__cxx11::basic_string<char, std::char_traits<char>, std::allocator<char> > >::init()::{lambda()#2}>(filewatch::FileWatch<std::__cxx11::basic_string<char, std::char_traits<char>, std::allocator<char> > >::init()::{lambda()#2}&&) (invoke.h:98)
                    n1: 201326592 0x460C0F: void std::thread::_Invoker<std::tuple<filewatch::FileWatch<std::__cxx11::basic_string<char, std::char_traits<char>, std::allocator<char> > >::init()::{lambda()#2}> >::_M_invoke<0ul>(std::_Index_tuple<0ul>) (std_thread.h:303)
                     n1: 201326592 0x460B69: std::thread::_Invoker<std::tuple<filewatch::FileWatch<std::__cxx11::basic_string<char, std::char_traits<char>, std::allocator<char> > >::init()::{lambda()#2}> >::operator()() (std_thread.h:310)
                      n1: 201326592 0x460987: std::thread::_State_impl<std::thread::_Invoker<std::tuple<filewatch::FileWatch<std::__cxx11::basic_string<char, std::char_traits<char>, std::allocator<char> > >::init()::{lambda()#2}> > >::_M_run() (std_thread.h:255)
                       n1: 201326592 0xC1AF3B5: execute_native_thread_routine (thread.cc:105)
                        n1: 201326592 0xC5C7758: start_thread (pthread_create.c:454)
                         n0: 201326592 0xC64B733: clone (clone.S:100)
         n1: 67108864 0x43188E: std::__new_allocator<glm::vec<3, float, (glm::qualifier)0> >::allocate(unsigned long, void const*) (new_allocator.h:162)
          n1: 67108864 0x41EE5A: allocate (allocator.h:206)
           n1: 67108864 0x41EE5A: allocate (alloc_traits.h:638)
            n1: 67108864 0x41EE5A: std::_Vector_base<glm::vec<3, float, (glm::qualifier)0>, std::allocator<glm::vec<3, float, (glm::qualifier)0> > >::_M_allocate(unsigned long) (stl_vector.h:389)
             n1: 67108864 0x421E4D: glm::vec<3, float, (glm::qualifier)0>* std::vector<glm::vec<3, float, (glm::qualifier)0>, std::allocator<glm::vec<3, float, (glm::qualifier)0> > >::_M_allocate_and_copy<__gnu_cxx::__normal_iterator<glm::vec<3, float, (glm::qualifier)0> const*, std::vector<glm::vec<3, float, (glm::qualifier)0>, std::allocator<glm::vec<3, float, (glm::qualifier)0> > > > >(unsigned long, __gnu_cxx::__normal_iterator<glm::vec<3, float, (glm::qualifier)0> const*, std::vector<glm::vec<3, float, (glm::qualifier)0>, std::allocator<glm::vec<3, float, (glm::qualifier)0> > > >, __gnu_cxx::__normal_iterator<glm::vec<3, float, (glm::qualifier)0> const*, std::vector<glm::vec<3, float, (glm::qualifier)0>, std::allocator<glm::vec<3, float, (glm::qualifier)0> > > >) (stl_vector.h:1900)
              n1: 67108864 0x418DC7: std::vector<glm::vec<3, float, (glm::qualifier)0>, std::allocator<glm::vec<3, float, (glm::qualifier)0> > >::operator=(std::vector<glm::vec<3, float, (glm::qualifier)0>, std::allocator<glm::vec<3, float, (glm::qualifier)0> > > const&) (vector.tcc:242)
               n1: 67108864 0x401482: worldThread() (main.cpp:123)
                n1: 67108864 0x460E7D: void std::__invoke_impl<void, void (*)()>(std::__invoke_other, void (*&&)()) (invoke.h:63)
                 n1: 67108864 0x460DC9: std::__invoke_result<void (*)()>::type std::__invoke<void (*)()>(void (*&&)()) (invoke.h:98)
                  n1: 67108864 0x460C81: void std::thread::_Invoker<std::tuple<void (*)()> >::_M_invoke<0ul>(std::_Index_tuple<0ul>) (std_thread.h:303)
                   n1: 67108864 0x460BBB: std::thread::_Invoker<std::tuple<void (*)()> >::operator()() (std_thread.h:310)
                    n1: 67108864 0x460B17: std::thread::_State_impl<std::thread::_Invoker<std::tuple<void (*)()> > >::_M_run() (std_thread.h:255)
                     n1: 67108864 0xC1AF3B5: execute_native_thread_routine (thread.cc:105)
                      n1: 67108864 0xC5C7758: start_thread (pthread_create.c:454)
                       n0: 67108864 0xC64B733: clone (clone.S:100)
   n2: 268435456 0xC5D44D5: alloc_new_heap (arena.c:395)
    n1: 201326592 0xC5D58FB: sysmalloc (malloc.c:2395)
     n1: 201326592 0xC5D6C17: _int_malloc (malloc.c:4334)
      n1: 201326592 0xC5D6EED: __libc_malloc2 (malloc.c:3261)
       n1: 201326592 0xC17E2FB: operator new(unsigned long) (new_op.cc:50)
        n1: 201326592 0x46F3E0: std::__detail::_MakeUniq<std::array<Chunk, 7ul> >::__single_object std::make_unique<std::array<Chunk, 7ul>>() (unique_ptr.h:1105)
         n1: 201326592 0x46E643: Chunk& ContiguousStorage<Chunk, 16777216ul, glm::vec<3, int, (glm::qualifier)0>, MathHelpers::glmVecLexicoGraphic<int, 3ul> >::emplace<World*, glm::vec<3, int, (glm::qualifier)0> const&, GenType&>(glm::vec<3, int, (glm::qualifier)0>, World*&&, glm::vec<3, int, (glm::qualifier)0> const&, GenType&) (Helpers.hpp:320)
          n1: 201326592 0x46D041: World::addChunk(glm::vec<3, int, (glm::qualifier)0> const&) (World.cpp:27)
           n1: 201326592 0x46DA55: World::generate(std::vector<glm::vec<3, float, (glm::qualifier)0>, std::allocator<glm::vec<3, float, (glm::qualifier)0> > > const&) (World.cpp:132)
            n1: 201326592 0x46DB3A: World::selfUpdate(std::vector<glm::vec<3, float, (glm::qualifier)0>, std::allocator<glm::vec<3, float, (glm::qualifier)0> > > const&) (World.cpp:141)
             n1: 201326592 0x401559: worldThread() (main.cpp:137)
              n1: 201326592 0x460E7D: void std::__invoke_impl<void, void (*)()>(std::__invoke_other, void (*&&)()) (invoke.h:63)
               n1: 201326592 0x460DC9: std::__invoke_result<void (*)()>::type std::__invoke<void (*)()>(void (*&&)()) (invoke.h:98)
                n1: 201326592 0x460C81: void std::thread::_Invoker<std::tuple<void (*)()> >::_M_invoke<0ul>(std::_Index_tuple<0ul>) (std_thread.h:303)
                 n1: 201326592 0x460BBB: std::thread::_Invoker<std::tuple<void (*)()> >::operator()() (std_thread.h:310)
                  n1: 201326592 0x460B17: std::thread::_State_impl<std::thread::_Invoker<std::tuple<void (*)()> > >::_M_run() (std_thread.h:255)
                   n1: 201326592 0xC1AF3B5: execute_native_thread_routine (thread.cc:105)
                    n1: 201326592 0xC5C7758: start_thread (pthread_create.c:454)
                     n0: 201326592 0xC64B733: clone (clone.S:100)
    n1: 67108864 0xC5D4A89: _int_new_arena (arena.c:637)
     n1: 67108864 0xC5D4A89: arena_get2 (arena.c:856)
      n1: 67108864 0xC5D4A89: arena_get2 (arena.c:817)
       n1: 67108864 0xC5D6F36: __libc_malloc2 (malloc.c:3259)
        n1: 67108864 0xC17E2FB: operator new(unsigned long) (new_op.cc:50)
         n1: 67108864 0x436996: std::__new_allocator<char>::allocate(unsigned long, void const*) (new_allocator.h:162)
          n1: 67108864 0x43E5F2: allocate (allocator.h:206)
           n1: 67108864 0x43E5F2: allocate (alloc_traits.h:638)
            n1: 67108864 0x43E5F2: std::_Vector_base<char, std::allocator<char> >::_M_allocate(unsigned long) (stl_vector.h:389)
             n1: 67108864 0x43B88C: std::_Vector_base<char, std::allocator<char> >::_M_create_storage(unsigned long) (stl_vector.h:407)
              n1: 67108864 0x437F12: std::_Vector_base<char, std::allocator<char> >::_Vector_base(unsigned long, std::allocator<char> const&) (stl_vector.h:341)
               n1: 67108864 0x4340BE: std::vector<char, std::allocator<char> >::vector(unsigned long, std::allocator<char> const&) (stl_vector.h:577)
                n1: 67108864 0x42FBF6: filewatch::FileWatch<std::__cxx11::basic_string<char, std::char_traits<char>, std::allocator<char> > >::monitor_directory() (FileWatch.hpp:617)
                 n1: 67108864 0x42A351: filewatch::FileWatch<std::__cxx11::basic_string<char, std::char_traits<char>, std::allocator<char> > >::init()::{lambda()#2}::operator()() const (FileWatch.hpp:349)
                  n1: 67108864 0x460E06: void std::__invoke_impl<void, filewatch::FileWatch<std::__cxx11::basic_string<char, std::char_traits<char>, std::allocator<char> > >::init()::{lambda()#2}>(std::__invoke_other, filewatch::FileWatch<std::__cxx11::basic_string<char, std::char_traits<char>, std::allocator<char> > >::init()::{lambda()#2}&&) (invoke.h:63)
                   n1: 67108864 0x460D1D: std::__invoke_result<filewatch::FileWatch<std::__cxx11::basic_string<char, std::char_traits<char>, std::allocator<char> > >::init()::{lambda()#2}>::type std::__invoke<filewatch::FileWatch<std::__cxx11::basic_string<char, std::char_traits<char>, std::allocator<char> > >::init()::{lambda()#2}>(filewatch::FileWatch<std::__cxx11::basic_string<char, std::char_traits<char>, std::allocator<char> > >::init()::{lambda()#2}&&) (invoke.h:98)
                    n1: 67108864 0x460C0F: void std::thread::_Invoker<std::tuple<filewatch::FileWatch<std::__cxx11::basic_string<char, std::char_traits<char>, std::allocator<char> > >::init()::{lambda()#2}> >::_M_invoke<0ul>(std::_Index_tuple<0ul>) (std_thread.h:303)
                     n1: 67108864 0x460B69: std::thread::_Invoker<std::tuple<filewatch::FileWatch<std::__cxx11::basic_string<char, std::char_traits<char>, std::allocator<char> > >::init()::{lambda()#2}> >::operator()() (std_thread.h:310)
                      n1: 67108864 0x460987: std::thread::_State_impl<std::thread::_Invoker<std::tuple<filewatch::FileWatch<std::__cxx11::basic_string<char, std::char_traits<char>, std::allocator<char> > >::init()::{lambda()#2}> > >::_M_run() (std_thread.h:255)
                       n1: 67108864 0xC1AF3B5: execute_native_thread_routine (thread.cc:105)
                        n1: 67108864 0xC5C7758: start_thread (pthread_create.c:454)
                         n0: 67108864 0xC64B733: clone (clone.S:100)
   n1: 88756224 0xC5D5CBD: sysmalloc_mmap_fallback (malloc.c:2289)
    n1: 88756224 0xC5D5CBD: sysmalloc (malloc.c:2501)
     n2: 88756224 0xC5D6C17: _int_malloc (malloc.c:4334)
      n2: 46678016 0xC5D6F8E: __libc_malloc2 (malloc.c:3253)
       n2: 42078208 0xD46AD81: ??? (in /usr/lib64/libnvidia-glcore.so.595.71.05)
        n2: 41029632 0xCDA4325: ??? (in /usr/lib64/libnvidia-glcore.so.595.71.05)
         n1: 37748736 0xCDA4441: ??? (in /usr/lib64/libnvidia-glcore.so.595.71.05)
          n0: 37748736 in 12 places, all below massif's threshold (1.00%)
         n0: 3280896 in 1 place, below massif's threshold (1.00%)
        n0: 1048576 in 1 place, below massif's threshold (1.00%)
       n0: 4599808 in 2 places, all below massif's threshold (1.00%)
      n1: 42078208 0xC5D6EED: __libc_malloc2 (malloc.c:3261)
       n1: 42078208 0xD46AD81: ??? (in /usr/lib64/libnvidia-glcore.so.595.71.05)
        n2: 42078208 0xD1D01EA: ??? (in /usr/lib64/libnvidia-glcore.so.595.71.05)
         n1: 25165824 0xD1B3595: ??? (in /usr/lib64/libnvidia-glcore.so.595.71.05)
          n2: 25165824 0xD1B3AC1: ??? (in /usr/lib64/libnvidia-glcore.so.595.71.05)
           n1: 18874368 0x473BE0: ChunkRenderer::updateShaderData(glm::vec<3, float, (glm::qualifier)0> const&) (Chunk.cpp:360)
            n1: 18874368 0x4615E9: WorldRenderer::renderChunks(ShaderProgram&, Camera::Frustum const&, glm::vec<3, float, (glm::qualifier)0> const&)::{lambda(ChunkRenderer&)#1}::operator()(ChunkRenderer&) const (WorldRenderer.cpp:64)
             n1: 18874368 0x463438: void std::__invoke_impl<void, WorldRenderer::renderChunks(ShaderProgram&, Camera::Frustum const&, glm::vec<3, float, (glm::qualifier)0> const&)::{lambda(ChunkRenderer&)#1}&, ChunkRenderer&>(std::__invoke_other, WorldRenderer::renderChunks(ShaderProgram&, Camera::Frustum const&, glm::vec<3, float, (glm::qualifier)0> const&)::{lambda(ChunkRenderer&)#1}&, ChunkRenderer&) (invoke.h:63)
              n1: 18874368 0x462F22: std::enable_if<is_invocable_r_v<void, WorldRenderer::renderChunks(ShaderProgram&, Camera::Frustum const&, glm::vec<3, float, (glm::qualifier)0> const&)::{lambda(ChunkRenderer&)#1}&, ChunkRenderer&>, void>::type std::__invoke_r<void, WorldRenderer::renderChunks(ShaderProgram&, Camera::Frustum const&, glm::vec<3, float, (glm::qualifier)0> const&)::{lambda(ChunkRenderer&)#1}&, ChunkRenderer&>(WorldRenderer::renderChunks(ShaderProgram&, Camera::Frustum const&, glm::vec<3, float, (glm::qualifier)0> const&)::{lambda(ChunkRenderer&)#1}&, ChunkRenderer&) (invoke.h:113)
               n1: 18874368 0x462A7C: std::_Function_handler<void (ChunkRenderer&), WorldRenderer::renderChunks(ShaderProgram&, Camera::Frustum const&, glm::vec<3, float, (glm::qualifier)0> const&)::{lambda(ChunkRenderer&)#1}>::_M_invoke(std::_Any_data const&, ChunkRenderer&) (std_function.h:295)
                n1: 18874368 0x466E80: std::function<void (ChunkRenderer&)>::operator()(ChunkRenderer&) const (std_function.h:581)
                 n1: 18874368 0x4652BB: ContiguousStorage<ChunkRenderer, 784ul, glm::vec<3, int, (glm::qualifier)0>, MathHelpers::glmVecLexicoGraphic<int, 3ul> >::forEach(std::function<void (ChunkRenderer&)>) (Helpers.hpp:383)
                  n1: 18874368 0x461A9A: WorldRenderer::renderChunks(ShaderProgram&, Camera::Frustum const&, glm::vec<3, float, (glm::qualifier)0> const&) (WorldRenderer.cpp:59)
                   n0: 18874368 0x40317E: main (main.cpp:422)
           n0: 6291456 in 2 places, all below massif's threshold (1.00%)
         n1: 16912384 0xD51F504: ??? (in /usr/lib64/libnvidia-glcore.so.595.71.05)
          n1: 16912384 0xD528952: ??? (in /usr/lib64/libnvidia-glcore.so.595.71.05)
           n1: 16912384 0xDA83FDC: ??? (in /usr/lib64/libnvidia-glcore.so.595.71.05)
            n1: 16912384 0xDA843C4: ??? (in /usr/lib64/libnvidia-glcore.so.595.71.05)
             n1: 16912384 0xD1FB32D: ??? (in /usr/lib64/libnvidia-glcore.so.595.71.05)
              n1: 16912384 0xD24D23C: ??? (in /usr/lib64/libnvidia-glcore.so.595.71.05)
               n1: 16912384 0xD1CF516: ??? (in /usr/lib64/libnvidia-glcore.so.595.71.05)
                n1: 16912384 0xD1E0C73: ??? (in /usr/lib64/libnvidia-glcore.so.595.71.05)
                 n1: 16912384 0xD1E0D0F: ??? (in /usr/lib64/libnvidia-glcore.so.595.71.05)
                  n1: 16912384 0x411E69: ShadowMap::initShaderData() (Texture.hpp:328)
                   n0: 16912384 0x402405: main (main.cpp:278)
   n1: 75534336 0xC5C8410: allocate_thread_stack (allocatestack.c:169)
    n1: 75534336 0xC5C8410: allocate_stack (allocatestack.c:508)
     n1: 75534336 0xC5C8410: pthread_create@@GLIBC_2.34 (pthread_create.c:680)
      n1: 75534336 0xC1AF488: __gthread_create (gthr-default.h:709)
       n3: 75534336 0xC1AF488: std::thread::_M_start_thread(std::unique_ptr<std::thread::_State, std::default_delete<std::thread::_State> >, void (*)()) (thread.cc:173)
        n1: 33570816 0x42FA05: std::thread::thread<filewatch::FileWatch<std::__cxx11::basic_string<char, std::char_traits<char>, std::allocator<char> > >::init()::{lambda()#1}, , void>(filewatch::FileWatch<std::__cxx11::basic_string<char, std::char_traits<char>, std::allocator<char> > >::init()::{lambda()#1}&&) (std_thread.h:175)
         n1: 33570816 0x42A3F9: filewatch::FileWatch<std::__cxx11::basic_string<char, std::char_traits<char>, std::allocator<char> > >::init() (FileWatch.hpp:336)
          n1: 33570816 0x422F7B: filewatch::FileWatch<std::__cxx11::basic_string<char, std::char_traits<char>, std::allocator<char> > >::FileWatch(std::__cxx11::basic_string<char, std::char_traits<char>, std::allocator<char> >, std::__cxx11::basic_regex<char, std::__cxx11::regex_traits<char> >, std::function<void (std::__cxx11::basic_string<char, std::char_traits<char>, std::allocator<char> > const&, filewatch::Event)>) (FileWatch.hpp:187)
           n2: 33570816 0x419E1F: filewatch::FileWatch<std::__cxx11::basic_string<char, std::char_traits<char>, std::allocator<char> > >::FileWatch(std::__cxx11::basic_string<char, std::char_traits<char>, std::allocator<char> >, std::function<void (std::__cxx11::basic_string<char, std::char_traits<char>, std::allocator<char> > const&, filewatch::Event)>) (FileWatch.hpp:191)
            n1: 25178112 0x401C7B: auto makeTextureWatcher<main::{lambda(std::__cxx11::basic_string<char, std::char_traits<char>, std::allocator<char> > const&, filewatch::Event)#2}&>(std::__cxx11::basic_string<char, std::char_traits<char>, std::allocator<char> > const&, main::{lambda(std::__cxx11::basic_string<char, std::char_traits<char>, std::allocator<char> > const&, filewatch::Event)#2}&) (main.cpp:162)
             n0: 25178112 in 3 places, all below massif's threshold (1.00%)
            n0: 8392704 in 1 place, below massif's threshold (1.00%)
        n1: 33570816 0x430295: std::thread::thread<filewatch::FileWatch<std::__cxx11::basic_string<char, std::char_traits<char>, std::allocator<char> > >::init()::{lambda()#2}, , void>(filewatch::FileWatch<std::__cxx11::basic_string<char, std::char_traits<char>, std::allocator<char> > >::init()::{lambda()#2}&&) (std_thread.h:175)
         n1: 33570816 0x42A43A: filewatch::FileWatch<std::__cxx11::basic_string<char, std::char_traits<char>, std::allocator<char> > >::init() (FileWatch.hpp:347)
          n1: 33570816 0x422F7B: filewatch::FileWatch<std::__cxx11::basic_string<char, std::char_traits<char>, std::allocator<char> > >::FileWatch(std::__cxx11::basic_string<char, std::char_traits<char>, std::allocator<char> >, std::__cxx11::basic_regex<char, std::__cxx11::regex_traits<char> >, std::function<void (std::__cxx11::basic_string<char, std::char_traits<char>, std::allocator<char> > const&, filewatch::Event)>) (FileWatch.hpp:187)
           n2: 33570816 0x419E1F: filewatch::FileWatch<std::__cxx11::basic_string<char, std::char_traits<char>, std::allocator<char> > >::FileWatch(std::__cxx11::basic_string<char, std::char_traits<char>, std::allocator<char> >, std::function<void (std::__cxx11::basic_string<char, std::char_traits<char>, std::allocator<char> > const&, filewatch::Event)>) (FileWatch.hpp:191)
            n1: 25178112 0x401C7B: auto makeTextureWatcher<main::{lambda(std::__cxx11::basic_string<char, std::char_traits<char>, std::allocator<char> > const&, filewatch::Event)#2}&>(std::__cxx11::basic_string<char, std::char_traits<char>, std::allocator<char> > const&, main::{lambda(std::__cxx11::basic_string<char, std::char_traits<char>, std::allocator<char> > const&, filewatch::Event)#2}&) (main.cpp:162)
             n0: 25178112 in 3 places, all below massif's threshold (1.00%)
            n0: 8392704 in 1 place, below massif's threshold (1.00%)
        n0: 8392704 in 1 place, below massif's threshold (1.00%)
   n2: 26939392 0xDAE1CDA: ??? (in /usr/lib64/libnvidia-glcore.so.595.71.05)
    n2: 26939392 0xD9EB30A: ??? (in /usr/lib64/libnvidia-glcore.so.595.71.05)
     n2: 26869760 0xD51BDF6: ??? (in /usr/lib64/libnvidia-glcore.so.595.71.05)
      n2: 26791936 0xD49D1CA: ??? (in /usr/lib64/libnvidia-glcore.so.595.71.05)
       n1: 18874368 0xD4F177E: ??? (in /usr/lib64/libnvidia-glcore.so.595.71.05)
        n1: 18874368 0xD54A96C: ??? (in /usr/lib64/libnvidia-glcore.so.595.71.05)
         n1: 18874368 0xD54AAF1: ??? (in /usr/lib64/libnvidia-glcore.so.595.71.05)
          n1: 18874368 0xD5546D5: ??? (in /usr/lib64/libnvidia-glcore.so.595.71.05)
           n1: 18874368 0xD562896: ??? (in /usr/lib64/libnvidia-glcore.so.595.71.05)
            n1: 18874368 0xD562E6D: ??? (in /usr/lib64/libnvidia-glcore.so.595.71.05)
             n1: 18874368 0xD4E6BBA: ??? (in /usr/lib64/libnvidia-glcore.so.595.71.05)
              n1: 18874368 0xD4A44D9: ??? (in /usr/lib64/libnvidia-glcore.so.595.71.05)
               n1: 18874368 0xDA8297A: ??? (in /usr/lib64/libnvidia-glcore.so.595.71.05)
                n1: 18874368 0xD1B317A: ??? (in /usr/lib64/libnvidia-glcore.so.595.71.05)
                 n1: 18874368 0xD1B3AC1: ??? (in /usr/lib64/libnvidia-glcore.so.595.71.05)
                  n0: 18874368 in 2 places, all below massif's threshold (1.00%)
       n0: 7917568 in 2 places, all below massif's threshold (1.00%)
      n0: 77824 in 1 place, below massif's threshold (1.00%)
     n0: 69632 in 2 places, all below massif's threshold (1.00%)
    n0: 0 in 1 place, below massif's threshold (1.00%)
   n0: 15831040 in 6 places, all below massif's threshold (1.00%)
 n1: 254623744 0xB34F85C: __mmap64 (mmap64.c:58)
  n3: 254623744 0xB34F85C: mmap (mmap64.c:46)
   n1: 152305664 0xB332822: _dl_map_segment (dl-map-segments.h:30)
    n1: 152305664 0xB332822: _dl_map_segments (dl-map-segments.h:102)
     n1: 152305664 0xB332822: _dl_map_object_from_fd (dl-load.c:1259)
      n2: 152305664 0xB334008: _dl_map_new_object (dl-load.c:2187)
       n1: 149884928 0xB32DABC: openaux (dl-deps.c:64)
        n1: 149884928 0xB32C728: _dl_catch_exception (dl-catch.c:241)
         n2: 149884928 0xB32DEEE: _dl_map_object_deps (dl-deps.c:232)
          n1: 136835072 0xB337FCF: dl_open_worker_begin (dl-open.c:609)
           n1: 136835072 0xB32C728: _dl_catch_exception (dl-catch.c:241)
            n1: 136835072 0xB337542: dl_open_worker (dl-open.c:762)
             n1: 136835072 0xB32C728: _dl_catch_exception (dl-catch.c:241)
              n1: 136835072 0xB337AA9: _dl_open (dl-open.c:900)
               n1: 136835072 0xC5C3C03: dlopen_doit (dlopen.c:56)
                n1: 136835072 0xB32C728: _dl_catch_exception (dl-catch.c:241)
                 n1: 136835072 0xB32C878: _dl_catch_error (dl-catch.c:260)
                  n1: 136835072 0xC5C36F2: _dlerror_run (dlerror.c:138)
                   n1: 136835072 0xC5C3CBA: dlopen_implementation (dlopen.c:71)
                    n2: 136835072 0xC5C3CBA: dlopen@@GLIBC_2.34 (dlopen.c:81)
                     n1: 135471104 0xBEF6F63: __glXLookupVendorByName.part.0 (libglxmapping.c:428)
                      n1: 135471104 0xBEF7D19: __glXLookupVendorByName (libglxmapping.c:391)
                       n1: 135471104 0xBEF7D19: __glXLookupVendorByScreen.part.0 (libglxmapping.c:572)
                        n1: 135471104 0xBEF8CB1: __glXLookupVendorByScreen (libglxmapping.c:524)
                         n1: 135471104 0xBEF8CB1: __glXGetDynDispatch (libglxmapping.c:610)
                          n1: 135471104 0xBEF8CB1: glXQueryExtensionsString (libglx.c:1473)
                           n1: 135471104 0xC0EB7AC: extensionSupportedGLX (in /home/leo/Cours/S8/HAI819I_moteur_jeux/build/external/glfw/src/libglfw.so.3.4)
                            n1: 135471104 0xC0EBEEA: _glfwInitGLX (in /home/leo/Cours/S8/HAI819I_moteur_jeux/build/external/glfw/src/libglfw.so.3.4)
                             n1: 135471104 0xC0E79BE: _glfwCreateWindowX11 (in /home/leo/Cours/S8/HAI819I_moteur_jeux/build/external/glfw/src/libglfw.so.3.4)
                              n1: 135471104 0xC0D374D: glfwCreateWindow (in /home/leo/Cours/S8/HAI819I_moteur_jeux/build/external/glfw/src/libglfw.so.3.4)
                               n1: 135471104 0x40A1A7: Window::init() (Window.hpp:241)
                                n1: 135471104 0x4012FC: globalInit(Window&) (main.cpp:53)
                                 n0: 135471104 0x401CE1: main (main.cpp:166)
                     n0: 1363968 in 2 places, all below massif's threshold (1.00%)
          n0: 13049856 in 1 place, below massif's threshold (1.00%)
       n0: 2420736 in 2 places, all below massif's threshold (1.00%)
   n1: 100982784 0xB332974: _dl_map_segments (dl-map-segments.h:140)
    n1: 100982784 0xB332974: _dl_map_object_from_fd (dl-load.c:1259)
     n2: 100982784 0xB334008: _dl_map_new_object (dl-load.c:2187)
      n1: 99446784 0xB32DABC: openaux (dl-deps.c:64)
       n1: 99446784 0xB32C728: _dl_catch_exception (dl-catch.c:241)
        n2: 99446784 0xB32DEEE: _dl_map_object_deps (dl-deps.c:232)
         n1: 93831168 0xB337FCF: dl_open_worker_begin (dl-open.c:609)
          n1: 93831168 0xB32C728: _dl_catch_exception (dl-catch.c:241)
           n1: 93831168 0xB337542: dl_open_worker (dl-open.c:762)
            n1: 93831168 0xB32C728: _dl_catch_exception (dl-catch.c:241)
             n1: 93831168 0xB337AA9: _dl_open (dl-open.c:900)
              n1: 93831168 0xC5C3C03: dlopen_doit (dlopen.c:56)
               n1: 93831168 0xB32C728: _dl_catch_exception (dl-catch.c:241)
                n1: 93831168 0xB32C878: _dl_catch_error (dl-catch.c:260)
                 n1: 93831168 0xC5C36F2: _dlerror_run (dlerror.c:138)
                  n1: 93831168 0xC5C3CBA: dlopen_implementation (dlopen.c:71)
                   n2: 93831168 0xC5C3CBA: dlopen@@GLIBC_2.34 (dlopen.c:81)
                    n1: 93372416 0xBEF6F63: __glXLookupVendorByName.part.0 (libglxmapping.c:428)
                     n1: 93372416 0xBEF7D19: __glXLookupVendorByName (libglxmapping.c:391)
                      n1: 93372416 0xBEF7D19: __glXLookupVendorByScreen.part.0 (libglxmapping.c:572)
                       n1: 93372416 0xBEF8CB1: __glXLookupVendorByScreen (libglxmapping.c:524)
                        n1: 93372416 0xBEF8CB1: __glXGetDynDispatch (libglxmapping.c:610)
                         n1: 93372416 0xBEF8CB1: glXQueryExtensionsString (libglx.c:1473)
                          n1: 93372416 0xC0EB7AC: extensionSupportedGLX (in /home/leo/Cours/S8/HAI819I_moteur_jeux/build/external/glfw/src/libglfw.so.3.4)
                           n1: 93372416 0xC0EBEEA: _glfwInitGLX (in /home/leo/Cours/S8/HAI819I_moteur_jeux/build/external/glfw/src/libglfw.so.3.4)
                            n1: 93372416 0xC0E79BE: _glfwCreateWindowX11 (in /home/leo/Cours/S8/HAI819I_moteur_jeux/build/external/glfw/src/libglfw.so.3.4)
                             n1: 93372416 0xC0D374D: glfwCreateWindow (in /home/leo/Cours/S8/HAI819I_moteur_jeux/build/external/glfw/src/libglfw.so.3.4)
                              n1: 93372416 0x40A1A7: Window::init() (Window.hpp:241)
                               n1: 93372416 0x4012FC: globalInit(Window&) (main.cpp:53)
                                n0: 93372416 0x401CE1: main (main.cpp:166)
                    n0: 458752 in 2 places, all below massif's threshold (1.00%)
         n0: 5615616 in 1 place, below massif's threshold (1.00%)
      n0: 1536000 in 2 places, all below massif's threshold (1.00%)
   n0: 1335296 in 3 places, all below massif's threshold (1.00%)
 n0: 183943168 0x0: ???
 n0: 8376320 in 3 places, all below massif's threshold (1.00%)
#-----------
snapshot=9
#-----------
time=26979146693
mem_heap_B=1460359168
mem_heap_extra_B=0
mem_stacks_B=0
heap_tree=empty
#-----------
snapshot=10
#-----------
time=29219118220
mem_heap_B=1461407744
mem_heap_extra_B=0
mem_stacks_B=0
heap_tree=empty
#-----------
snapshot=11
#-----------
time=32783264624
mem_heap_B=1672171520
mem_heap_extra_B=0
mem_stacks_B=0
heap_tree=empty
#-----------
snapshot=12
#-----------
time=35867097955
mem_heap_B=1739280384
mem_heap_extra_B=0
mem_stacks_B=0
heap_tree=empty
#-----------
snapshot=13
#-----------
time=41865058655
mem_heap_B=1740328960
mem_heap_extra_B=0
mem_stacks_B=0
heap_tree=empty
#-----------
snapshot=14
#-----------
time=46383969373
mem_heap_B=1892372480
mem_heap_extra_B=0
mem_stacks_B=0
heap_tree=empty
#-----------
snapshot=15
#-----------
time=49476586115
mem_heap_B=2026590208
mem_heap_extra_B=0
mem_stacks_B=0
heap_tree=empty
#-----------
snapshot=16
#-----------
time=57355163721
mem_heap_B=2027638784
mem_heap_extra_B=0
mem_stacks_B=0
heap_tree=empty
#-----------
snapshot=17
#-----------
time=59810323747
mem_heap_B=2179682304
mem_heap_extra_B=0
mem_stacks_B=0
heap_tree=detailed
n4: 2179682304 (page allocation syscalls) mmap/mremap/brk, --alloc-fns, etc.
 n1: 1732739072 0xC647B7C: __mmap64 (mmap64.c:58)
  n6: 1732739072 0xC647B7C: mmap (mmap64.c:46)
   n2: 939524096 0xC5D45C6: alloc_new_heap (arena.c:405)
    n1: 671088640 0xC5D58FB: sysmalloc (malloc.c:2395)
     n1: 671088640 0xC5D6C17: _int_malloc (malloc.c:4334)
      n1: 671088640 0xC5D6EED: __libc_malloc2 (malloc.c:3261)
       n1: 671088640 0xC17E2FB: operator new(unsigned long) (new_op.cc:50)
        n1: 671088640 0x46F3E0: std::__detail::_MakeUniq<std::array<Chunk, 7ul> >::__single_object std::make_unique<std::array<Chunk, 7ul>>() (unique_ptr.h:1105)
         n1: 671088640 0x46E643: Chunk& ContiguousStorage<Chunk, 16777216ul, glm::vec<3, int, (glm::qualifier)0>, MathHelpers::glmVecLexicoGraphic<int, 3ul> >::emplace<World*, glm::vec<3, int, (glm::qualifier)0> const&, GenType&>(glm::vec<3, int, (glm::qualifier)0>, World*&&, glm::vec<3, int, (glm::qualifier)0> const&, GenType&) (Helpers.hpp:320)
          n1: 671088640 0x46D041: World::addChunk(glm::vec<3, int, (glm::qualifier)0> const&) (World.cpp:27)
           n1: 671088640 0x46DA55: World::generate(std::vector<glm::vec<3, float, (glm::qualifier)0>, std::allocator<glm::vec<3, float, (glm::qualifier)0> > > const&) (World.cpp:132)
            n1: 671088640 0x46DB3A: World::selfUpdate(std::vector<glm::vec<3, float, (glm::qualifier)0>, std::allocator<glm::vec<3, float, (glm::qualifier)0> > > const&) (World.cpp:141)
             n1: 671088640 0x401559: worldThread() (main.cpp:137)
              n1: 671088640 0x460E7D: void std::__invoke_impl<void, void (*)()>(std::__invoke_other, void (*&&)()) (invoke.h:63)
               n1: 671088640 0x460DC9: std::__invoke_result<void (*)()>::type std::__invoke<void (*)()>(void (*&&)()) (invoke.h:98)
                n1: 671088640 0x460C81: void std::thread::_Invoker<std::tuple<void (*)()> >::_M_invoke<0ul>(std::_Index_tuple<0ul>) (std_thread.h:303)
                 n1: 671088640 0x460BBB: std::thread::_Invoker<std::tuple<void (*)()> >::operator()() (std_thread.h:310)
                  n1: 671088640 0x460B17: std::thread::_State_impl<std::thread::_Invoker<std::tuple<void (*)()> > >::_M_run() (std_thread.h:255)
                   n1: 671088640 0xC1AF3B5: execute_native_thread_routine (thread.cc:105)
                    n1: 671088640 0xC5C7758: start_thread (pthread_create.c:454)
                     n0: 671088640 0xC64B733: clone (clone.S:100)
    n1: 268435456 0xC5D4A89: _int_new_arena (arena.c:637)
     n1: 268435456 0xC5D4A89: arena_get2 (arena.c:856)
      n1: 268435456 0xC5D4A89: arena_get2 (arena.c:817)
       n1: 268435456 0xC5D6F36: __libc_malloc2 (malloc.c:3259)
        n2: 268435456 0xC17E2FB: operator new(unsigned long) (new_op.cc:50)
         n1: 201326592 0x436996: std::__new_allocator<char>::allocate(unsigned long, void const*) (new_allocator.h:162)
          n1: 201326592 0x43E5F2: allocate (allocator.h:206)
           n1: 201326592 0x43E5F2: allocate (alloc_traits.h:638)
            n1: 201326592 0x43E5F2: std::_Vector_base<char, std::allocator<char> >::_M_allocate(unsigned long) (stl_vector.h:389)
             n1: 201326592 0x43B88C: std::_Vector_base<char, std::allocator<char> >::_M_create_storage(unsigned long) (stl_vector.h:407)
              n1: 201326592 0x437F12: std::_Vector_base<char, std::allocator<char> >::_Vector_base(unsigned long, std::allocator<char> const&) (stl_vector.h:341)
               n1: 201326592 0x4340BE: std::vector<char, std::allocator<char> >::vector(unsigned long, std::allocator<char> const&) (stl_vector.h:577)
                n1: 201326592 0x42FBF6: filewatch::FileWatch<std::__cxx11::basic_string<char, std::char_traits<char>, std::allocator<char> > >::monitor_directory() (FileWatch.hpp:617)
                 n1: 201326592 0x42A351: filewatch::FileWatch<std::__cxx11::basic_string<char, std::char_traits<char>, std::allocator<char> > >::init()::{lambda()#2}::operator()() const (FileWatch.hpp:349)
                  n1: 201326592 0x460E06: void std::__invoke_impl<void, filewatch::FileWatch<std::__cxx11::basic_string<char, std::char_traits<char>, std::allocator<char> > >::init()::{lambda()#2}>(std::__invoke_other, filewatch::FileWatch<std::__cxx11::basic_string<char, std::char_traits<char>, std::allocator<char> > >::init()::{lambda()#2}&&) (invoke.h:63)
                   n1: 201326592 0x460D1D: std::__invoke_result<filewatch::FileWatch<std::__cxx11::basic_string<char, std::char_traits<char>, std::allocator<char> > >::init()::{lambda()#2}>::type std::__invoke<filewatch::FileWatch<std::__cxx11::basic_string<char, std::char_traits<char>, std::allocator<char> > >::init()::{lambda()#2}>(filewatch::FileWatch<std::__cxx11::basic_string<char, std::char_traits<char>, std::allocator<char> > >::init()::{lambda()#2}&&) (invoke.h:98)
                    n1: 201326592 0x460C0F: void std::thread::_Invoker<std::tuple<filewatch::FileWatch<std::__cxx11::basic_string<char, std::char_traits<char>, std::allocator<char> > >::init()::{lambda()#2}> >::_M_invoke<0ul>(std::_Index_tuple<0ul>) (std_thread.h:303)
                     n1: 201326592 0x460B69: std::thread::_Invoker<std::tuple<filewatch::FileWatch<std::__cxx11::basic_string<char, std::char_traits<char>, std::allocator<char> > >::init()::{lambda()#2}> >::operator()() (std_thread.h:310)
                      n1: 201326592 0x460987: std::thread::_State_impl<std::thread::_Invoker<std::tuple<filewatch::FileWatch<std::__cxx11::basic_string<char, std::char_traits<char>, std::allocator<char> > >::init()::{lambda()#2}> > >::_M_run() (std_thread.h:255)
                       n1: 201326592 0xC1AF3B5: execute_native_thread_routine (thread.cc:105)
                        n1: 201326592 0xC5C7758: start_thread (pthread_create.c:454)
                         n0: 201326592 0xC64B733: clone (clone.S:100)
         n1: 67108864 0x43188E: std::__new_allocator<glm::vec<3, float, (glm::qualifier)0> >::allocate(unsigned long, void const*) (new_allocator.h:162)
          n1: 67108864 0x41EE5A: allocate (allocator.h:206)
           n1: 67108864 0x41EE5A: allocate (alloc_traits.h:638)
            n1: 67108864 0x41EE5A: std::_Vector_base<glm::vec<3, float, (glm::qualifier)0>, std::allocator<glm::vec<3, float, (glm::qualifier)0> > >::_M_allocate(unsigned long) (stl_vector.h:389)
             n1: 67108864 0x421E4D: glm::vec<3, float, (glm::qualifier)0>* std::vector<glm::vec<3, float, (glm::qualifier)0>, std::allocator<glm::vec<3, float, (glm::qualifier)0> > >::_M_allocate_and_copy<__gnu_cxx::__normal_iterator<glm::vec<3, float, (glm::qualifier)0> const*, std::vector<glm::vec<3, float, (glm::qualifier)0>, std::allocator<glm::vec<3, float, (glm::qualifier)0> > > > >(unsigned long, __gnu_cxx::__normal_iterator<glm::vec<3, float, (glm::qualifier)0> const*, std::vector<glm::vec<3, float, (glm::qualifier)0>, std::allocator<glm::vec<3, float, (glm::qualifier)0> > > >, __gnu_cxx::__normal_iterator<glm::vec<3, float, (glm::qualifier)0> const*, std::vector<glm::vec<3, float, (glm::qualifier)0>, std::allocator<glm::vec<3, float, (glm::qualifier)0> > > >) (stl_vector.h:1900)
              n1: 67108864 0x418DC7: std::vector<glm::vec<3, float, (glm::qualifier)0>, std::allocator<glm::vec<3, float, (glm::qualifier)0> > >::operator=(std::vector<glm::vec<3, float, (glm::qualifier)0>, std::allocator<glm::vec<3, float, (glm::qualifier)0> > > const&) (vector.tcc:242)
               n1: 67108864 0x401482: worldThread() (main.cpp:123)
                n1: 67108864 0x460E7D: void std::__invoke_impl<void, void (*)()>(std::__invoke_other, void (*&&)()) (invoke.h:63)
                 n1: 67108864 0x460DC9: std::__invoke_result<void (*)()>::type std::__invoke<void (*)()>(void (*&&)()) (invoke.h:98)
                  n1: 67108864 0x460C81: void std::thread::_Invoker<std::tuple<void (*)()> >::_M_invoke<0ul>(std::_Index_tuple<0ul>) (std_thread.h:303)
                   n1: 67108864 0x460BBB: std::thread::_Invoker<std::tuple<void (*)()> >::operator()() (std_thread.h:310)
                    n1: 67108864 0x460B17: std::thread::_State_impl<std::thread::_Invoker<std::tuple<void (*)()> > >::_M_run() (std_thread.h:255)
                     n1: 67108864 0xC1AF3B5: execute_native_thread_routine (thread.cc:105)
                      n1: 67108864 0xC5C7758: start_thread (pthread_create.c:454)
                       n0: 67108864 0xC64B733: clone (clone.S:100)
   n2: 536870912 0xC5D44D5: alloc_new_heap (arena.c:395)
    n1: 469762048 0xC5D58FB: sysmalloc (malloc.c:2395)
     n1: 469762048 0xC5D6C17: _int_malloc (malloc.c:4334)
      n1: 469762048 0xC5D6EED: __libc_malloc2 (malloc.c:3261)
       n1: 469762048 0xC17E2FB: operator new(unsigned long) (new_op.cc:50)
        n1: 469762048 0x46F3E0: std::__detail::_MakeUniq<std::array<Chunk, 7ul> >::__single_object std::make_unique<std::array<Chunk, 7ul>>() (unique_ptr.h:1105)
         n1: 469762048 0x46E643: Chunk& ContiguousStorage<Chunk, 16777216ul, glm::vec<3, int, (glm::qualifier)0>, MathHelpers::glmVecLexicoGraphic<int, 3ul> >::emplace<World*, glm::vec<3, int, (glm::qualifier)0> const&, GenType&>(glm::vec<3, int, (glm::qualifier)0>, World*&&, glm::vec<3, int, (glm::qualifier)0> const&, GenType&) (Helpers.hpp:320)
          n1: 469762048 0x46D041: World::addChunk(glm::vec<3, int, (glm::qualifier)0> const&) (World.cpp:27)
           n1: 469762048 0x46DA55: World::generate(std::vector<glm::vec<3, float, (glm::qualifier)0>, std::allocator<glm::vec<3, float, (glm::qualifier)0> > > const&) (World.cpp:132)
            n1: 469762048 0x46DB3A: World::selfUpdate(std::vector<glm::vec<3, float, (glm::qualifier)0>, std::allocator<glm::vec<3, float, (glm::qualifier)0> > > const&) (World.cpp:141)
             n1: 469762048 0x401559: worldThread() (main.cpp:137)
              n1: 469762048 0x460E7D: void std::__invoke_impl<void, void (*)()>(std::__invoke_other, void (*&&)()) (invoke.h:63)
               n1: 469762048 0x460DC9: std::__invoke_result<void (*)()>::type std::__invoke<void (*)()>(void (*&&)()) (invoke.h:98)
                n1: 469762048 0x460C81: void std::thread::_Invoker<std::tuple<void (*)()> >::_M_invoke<0ul>(std::_Index_tuple<0ul>) (std_thread.h:303)
                 n1: 469762048 0x460BBB: std::thread::_Invoker<std::tuple<void (*)()> >::operator()() (std_thread.h:310)
                  n1: 469762048 0x460B17: std::thread::_State_impl<std::thread::_Invoker<std::tuple<void (*)()> > >::_M_run() (std_thread.h:255)
                   n1: 469762048 0xC1AF3B5: execute_native_thread_routine (thread.cc:105)
                    n1: 469762048 0xC5C7758: start_thread (pthread_create.c:454)
                     n0: 469762048 0xC64B733: clone (clone.S:100)
    n1: 67108864 0xC5D4A89: _int_new_arena (arena.c:637)
     n1: 67108864 0xC5D4A89: arena_get2 (arena.c:856)
      n1: 67108864 0xC5D4A89: arena_get2 (arena.c:817)
       n1: 67108864 0xC5D6F36: __libc_malloc2 (malloc.c:3259)
        n1: 67108864 0xC17E2FB: operator new(unsigned long) (new_op.cc:50)
         n1: 67108864 0x436996: std::__new_allocator<char>::allocate(unsigned long, void const*) (new_allocator.h:162)
          n1: 67108864 0x43E5F2: allocate (allocator.h:206)
           n1: 67108864 0x43E5F2: allocate (alloc_traits.h:638)
            n1: 67108864 0x43E5F2: std::_Vector_base<char, std::allocator<char> >::_M_allocate(unsigned long) (stl_vector.h:389)
             n1: 67108864 0x43B88C: std::_Vector_base<char, std::allocator<char> >::_M_create_storage(unsigned long) (stl_vector.h:407)
              n1: 67108864 0x437F12: std::_Vector_base<char, std::allocator<char> >::_Vector_base(unsigned long, std::allocator<char> const&) (stl_vector.h:341)
               n1: 67108864 0x4340BE: std::vector<char, std::allocator<char> >::vector(unsigned long, std::allocator<char> const&) (stl_vector.h:577)
                n1: 67108864 0x42FBF6: filewatch::FileWatch<std::__cxx11::basic_string<char, std::char_traits<char>, std::allocator<char> > >::monitor_directory() (FileWatch.hpp:617)
                 n1: 67108864 0x42A351: filewatch::FileWatch<std::__cxx11::basic_string<char, std::char_traits<char>, std::allocator<char> > >::init()::{lambda()#2}::operator()() const (FileWatch.hpp:349)
                  n1: 67108864 0x460E06: void std::__invoke_impl<void, filewatch::FileWatch<std::__cxx11::basic_string<char, std::char_traits<char>, std::allocator<char> > >::init()::{lambda()#2}>(std::__invoke_other, filewatch::FileWatch<std::__cxx11::basic_string<char, std::char_traits<char>, std::allocator<char> > >::init()::{lambda()#2}&&) (invoke.h:63)
                   n1: 67108864 0x460D1D: std::__invoke_result<filewatch::FileWatch<std::__cxx11::basic_string<char, std::char_traits<char>, std::allocator<char> > >::init()::{lambda()#2}>::type std::__invoke<filewatch::FileWatch<std::__cxx11::basic_string<char, std::char_traits<char>, std::allocator<char> > >::init()::{lambda()#2}>(filewatch::FileWatch<std::__cxx11::basic_string<char, std::char_traits<char>, std::allocator<char> > >::init()::{lambda()#2}&&) (invoke.h:98)
                    n1: 67108864 0x460C0F: void std::thread::_Invoker<std::tuple<filewatch::FileWatch<std::__cxx11::basic_string<char, std::char_traits<char>, std::allocator<char> > >::init()::{lambda()#2}> >::_M_invoke<0ul>(std::_Index_tuple<0ul>) (std_thread.h:303)
                     n1: 67108864 0x460B69: std::thread::_Invoker<std::tuple<filewatch::FileWatch<std::__cxx11::basic_string<char, std::char_traits<char>, std::allocator<char> > >::init()::{lambda()#2}> >::operator()() (std_thread.h:310)
                      n1: 67108864 0x460987: std::thread::_State_impl<std::thread::_Invoker<std::tuple<filewatch::FileWatch<std::__cxx11::basic_string<char, std::char_traits<char>, std::allocator<char> > >::init()::{lambda()#2}> > >::_M_run() (std_thread.h:255)
                       n1: 67108864 0xC1AF3B5: execute_native_thread_routine (thread.cc:105)
                        n1: 67108864 0xC5C7758: start_thread (pthread_create.c:454)
                         n0: 67108864 0xC64B733: clone (clone.S:100)
   n1: 138039296 0xC5D5CBD: sysmalloc_mmap_fallback (malloc.c:2289)
    n1: 138039296 0xC5D5CBD: sysmalloc (malloc.c:2501)
     n2: 138039296 0xC5D6C17: _int_malloc (malloc.c:4334)
      n2: 91361280 0xC5D6EED: __libc_malloc2 (malloc.c:3261)
       n1: 90312704 0xD46AD81: ??? (in /usr/lib64/libnvidia-glcore.so.595.71.05)
        n2: 90312704 0xD1D01EA: ??? (in /usr/lib64/libnvidia-glcore.so.595.71.05)
         n1: 73400320 0xD1B3595: ??? (in /usr/lib64/libnvidia-glcore.so.595.71.05)
          n2: 73400320 0xD1B3AC1: ??? (in /usr/lib64/libnvidia-glcore.so.595.71.05)
           n1: 58720256 0x473BE0: ChunkRenderer::updateShaderData(glm::vec<3, float, (glm::qualifier)0> const&) (Chunk.cpp:360)
            n1: 58720256 0x4615E9: WorldRenderer::renderChunks(ShaderProgram&, Camera::Frustum const&, glm::vec<3, float, (glm::qualifier)0> const&)::{lambda(ChunkRenderer&)#1}::operator()(ChunkRenderer&) const (WorldRenderer.cpp:64)
             n1: 58720256 0x463438: void std::__invoke_impl<void, WorldRenderer::renderChunks(ShaderProgram&, Camera::Frustum const&, glm::vec<3, float, (glm::qualifier)0> const&)::{lambda(ChunkRenderer&)#1}&, ChunkRenderer&>(std::__invoke_other, WorldRenderer::renderChunks(ShaderProgram&, Camera::Frustum const&, glm::vec<3, float, (glm::qualifier)0> const&)::{lambda(ChunkRenderer&)#1}&, ChunkRenderer&) (invoke.h:63)
              n1: 58720256 0x462F22: std::enable_if<is_invocable_r_v<void, WorldRenderer::renderChunks(ShaderProgram&, Camera::Frustum const&, glm::vec<3, float, (glm::qualifier)0> const&)::{lambda(ChunkRenderer&)#1}&, ChunkRenderer&>, void>::type std::__invoke_r<void, WorldRenderer::renderChunks(ShaderProgram&, Camera::Frustum const&, glm::vec<3, float, (glm::qualifier)0> const&)::{lambda(ChunkRenderer&)#1}&, ChunkRenderer&>(WorldRenderer::renderChunks(ShaderProgram&, Camera::Frustum const&, glm::vec<3, float, (glm::qualifier)0> const&)::{lambda(ChunkRenderer&)#1}&, ChunkRenderer&) (invoke.h:113)
               n1: 58720256 0x462A7C: std::_Function_handler<void (ChunkRenderer&), WorldRenderer::renderChunks(ShaderProgram&, Camera::Frustum const&, glm::vec<3, float, (glm::qualifier)0> const&)::{lambda(ChunkRenderer&)#1}>::_M_invoke(std::_Any_data const&, ChunkRenderer&) (std_function.h:295)
                n1: 58720256 0x466E80: std::function<void (ChunkRenderer&)>::operator()(ChunkRenderer&) const (std_function.h:581)
                 n1: 58720256 0x4652BB: ContiguousStorage<ChunkRenderer, 784ul, glm::vec<3, int, (glm::qualifier)0>, MathHelpers::glmVecLexicoGraphic<int, 3ul> >::forEach(std::function<void (ChunkRenderer&)>) (Helpers.hpp:383)
                  n1: 58720256 0x461A9A: WorldRenderer::renderChunks(ShaderProgram&, Camera::Frustum const&, glm::vec<3, float, (glm::qualifier)0> const&) (WorldRenderer.cpp:59)
                   n0: 58720256 0x40317E: main (main.cpp:422)
           n0: 14680064 in 2 places, all below massif's threshold (1.00%)
         n0: 16912384 in 1 place, below massif's threshold (1.00%)
       n0: 1048576 in 1 place, below massif's threshold (1.00%)
      n2: 46678016 0xC5D6F8E: __libc_malloc2 (malloc.c:3253)
       n2: 42078208 0xD46AD81: ??? (in /usr/lib64/libnvidia-glcore.so.595.71.05)
        n2: 41029632 0xCDA4325: ??? (in /usr/lib64/libnvidia-glcore.so.595.71.05)
         n1: 37748736 0xCDA4441: ??? (in /usr/lib64/libnvidia-glcore.so.595.71.05)
          n0: 37748736 in 12 places, all below massif's threshold (1.00%)
         n0: 3280896 in 1 place, below massif's threshold (1.00%)
        n0: 1048576 in 1 place, below massif's threshold (1.00%)
       n0: 4599808 in 2 places, all below massif's threshold (1.00%)
   n1: 75534336 0xC5C8410: allocate_thread_stack (allocatestack.c:169)
    n1: 75534336 0xC5C8410: allocate_stack (allocatestack.c:508)
     n1: 75534336 0xC5C8410: pthread_create@@GLIBC_2.34 (pthread_create.c:680)
      n1: 75534336 0xC1AF488: __gthread_create (gthr-default.h:709)
       n3: 75534336 0xC1AF488: std::thread::_M_start_thread(std::unique_ptr<std::thread::_State, std::default_delete<std::thread::_State> >, void (*)()) (thread.cc:173)
        n1: 33570816 0x42FA05: std::thread::thread<filewatch::FileWatch<std::__cxx11::basic_string<char, std::char_traits<char>, std::allocator<char> > >::init()::{lambda()#1}, , void>(filewatch::FileWatch<std::__cxx11::basic_string<char, std::char_traits<char>, std::allocator<char> > >::init()::{lambda()#1}&&) (std_thread.h:175)
         n1: 33570816 0x42A3F9: filewatch::FileWatch<std::__cxx11::basic_string<char, std::char_traits<char>, std::allocator<char> > >::init() (FileWatch.hpp:336)
          n1: 33570816 0x422F7B: filewatch::FileWatch<std::__cxx11::basic_string<char, std::char_traits<char>, std::allocator<char> > >::FileWatch(std::__cxx11::basic_string<char, std::char_traits<char>, std::allocator<char> >, std::__cxx11::basic_regex<char, std::__cxx11::regex_traits<char> >, std::function<void (std::__cxx11::basic_string<char, std::char_traits<char>, std::allocator<char> > const&, filewatch::Event)>) (FileWatch.hpp:187)
           n2: 33570816 0x419E1F: filewatch::FileWatch<std::__cxx11::basic_string<char, std::char_traits<char>, std::allocator<char> > >::FileWatch(std::__cxx11::basic_string<char, std::char_traits<char>, std::allocator<char> >, std::function<void (std::__cxx11::basic_string<char, std::char_traits<char>, std::allocator<char> > const&, filewatch::Event)>) (FileWatch.hpp:191)
            n1: 25178112 0x401C7B: auto makeTextureWatcher<main::{lambda(std::__cxx11::basic_string<char, std::char_traits<char>, std::allocator<char> > const&, filewatch::Event)#2}&>(std::__cxx11::basic_string<char, std::char_traits<char>, std::allocator<char> > const&, main::{lambda(std::__cxx11::basic_string<char, std::char_traits<char>, std::allocator<char> > const&, filewatch::Event)#2}&) (main.cpp:162)
             n0: 25178112 in 3 places, all below massif's threshold (1.00%)
            n0: 8392704 in 1 place, below massif's threshold (1.00%)
        n1: 33570816 0x430295: std::thread::thread<filewatch::FileWatch<std::__cxx11::basic_string<char, std::char_traits<char>, std::allocator<char> > >::init()::{lambda()#2}, , void>(filewatch::FileWatch<std::__cxx11::basic_string<char, std::char_traits<char>, std::allocator<char> > >::init()::{lambda()#2}&&) (std_thread.h:175)
         n1: 33570816 0x42A43A: filewatch::FileWatch<std::__cxx11::basic_string<char, std::char_traits<char>, std::allocator<char> > >::init() (FileWatch.hpp:347)
          n1: 33570816 0x422F7B: filewatch::FileWatch<std::__cxx11::basic_string<char, std::char_traits<char>, std::allocator<char> > >::FileWatch(std::__cxx11::basic_string<char, std::char_traits<char>, std::allocator<char> >, std::__cxx11::basic_regex<char, std::__cxx11::regex_traits<char> >, std::function<void (std::__cxx11::basic_string<char, std::char_traits<char>, std::allocator<char> > const&, filewatch::Event)>) (FileWatch.hpp:187)
           n2: 33570816 0x419E1F: filewatch::FileWatch<std::__cxx11::basic_string<char, std::char_traits<char>, std::allocator<char> > >::FileWatch(std::__cxx11::basic_string<char, std::char_traits<char>, std::allocator<char> >, std::function<void (std::__cxx11::basic_string<char, std::char_traits<char>, std::allocator<char> > const&, filewatch::Event)>) (FileWatch.hpp:191)
            n1: 25178112 0x401C7B: auto makeTextureWatcher<main::{lambda(std::__cxx11::basic_string<char, std::char_traits<char>, std::allocator<char> > const&, filewatch::Event)#2}&>(std::__cxx11::basic_string<char, std::char_traits<char>, std::allocator<char> > const&, main::{lambda(std::__cxx11::basic_string<char, std::char_traits<char>, std::allocator<char> > const&, filewatch::Event)#2}&) (main.cpp:162)
             n0: 25178112 in 3 places, all below massif's threshold (1.00%)
            n0: 8392704 in 1 place, below massif's threshold (1.00%)
        n0: 8392704 in 1 place, below massif's threshold (1.00%)
   n2: 26939392 0xDAE1CDA: ??? (in /usr/lib64/libnvidia-glcore.so.595.71.05)
    n2: 26939392 0xD9EB30A: ??? (in /usr/lib64/libnvidia-glcore.so.595.71.05)
     n2: 26869760 0xD51BDF6: ??? (in /usr/lib64/libnvidia-glcore.so.595.71.05)
      n1: 26791936 0xD49D1CA: ??? (in /usr/lib64/libnvidia-glcore.so.595.71.05)
       n0: 26791936 in 3 places, all below massif's threshold (1.00%)
      n0: 77824 in 1 place, below massif's threshold (1.00%)
     n0: 69632 in 2 places, all below massif's threshold (1.00%)
    n0: 0 in 1 place, below massif's threshold (1.00%)
   n0: 15831040 in 6 places, all below massif's threshold (1.00%)
 n1: 254623744 0xB34F85C: __mmap64 (mmap64.c:58)
  n3: 254623744 0xB34F85C: mmap (mmap64.c:46)
   n1: 152305664 0xB332822: _dl_map_segment (dl-map-segments.h:30)
    n1: 152305664 0xB332822: _dl_map_segments (dl-map-segments.h:102)
     n1: 152305664 0xB332822: _dl_map_object_from_fd (dl-load.c:1259)
      n2: 152305664 0xB334008: _dl_map_new_object (dl-load.c:2187)
       n1: 149884928 0xB32DABC: openaux (dl-deps.c:64)
        n1: 149884928 0xB32C728: _dl_catch_exception (dl-catch.c:241)
         n2: 149884928 0xB32DEEE: _dl_map_object_deps (dl-deps.c:232)
          n1: 136835072 0xB337FCF: dl_open_worker_begin (dl-open.c:609)
           n1: 136835072 0xB32C728: _dl_catch_exception (dl-catch.c:241)
            n1: 136835072 0xB337542: dl_open_worker (dl-open.c:762)
             n1: 136835072 0xB32C728: _dl_catch_exception (dl-catch.c:241)
              n1: 136835072 0xB337AA9: _dl_open (dl-open.c:900)
               n1: 136835072 0xC5C3C03: dlopen_doit (dlopen.c:56)
                n1: 136835072 0xB32C728: _dl_catch_exception (dl-catch.c:241)
                 n1: 136835072 0xB32C878: _dl_catch_error (dl-catch.c:260)
                  n1: 136835072 0xC5C36F2: _dlerror_run (dlerror.c:138)
                   n1: 136835072 0xC5C3CBA: dlopen_implementation (dlopen.c:71)
                    n2: 136835072 0xC5C3CBA: dlopen@@GLIBC_2.34 (dlopen.c:81)
                     n1: 135471104 0xBEF6F63: __glXLookupVendorByName.part.0 (libglxmapping.c:428)
                      n1: 135471104 0xBEF7D19: __glXLookupVendorByName (libglxmapping.c:391)
                       n1: 135471104 0xBEF7D19: __glXLookupVendorByScreen.part.0 (libglxmapping.c:572)
                        n1: 135471104 0xBEF8CB1: __glXLookupVendorByScreen (libglxmapping.c:524)
                         n1: 135471104 0xBEF8CB1: __glXGetDynDispatch (libglxmapping.c:610)
                          n1: 135471104 0xBEF8CB1: glXQueryExtensionsString (libglx.c:1473)
                           n1: 135471104 0xC0EB7AC: extensionSupportedGLX (in /home/leo/Cours/S8/HAI819I_moteur_jeux/build/external/glfw/src/libglfw.so.3.4)
                            n1: 135471104 0xC0EBEEA: _glfwInitGLX (in /home/leo/Cours/S8/HAI819I_moteur_jeux/build/external/glfw/src/libglfw.so.3.4)
                             n1: 135471104 0xC0E79BE: _glfwCreateWindowX11 (in /home/leo/Cours/S8/HAI819I_moteur_jeux/build/external/glfw/src/libglfw.so.3.4)
                              n1: 135471104 0xC0D374D: glfwCreateWindow (in /home/leo/Cours/S8/HAI819I_moteur_jeux/build/external/glfw/src/libglfw.so.3.4)
                               n1: 135471104 0x40A1A7: Window::init() (Window.hpp:241)
                                n1: 135471104 0x4012FC: globalInit(Window&) (main.cpp:53)
                                 n0: 135471104 0x401CE1: main (main.cpp:166)
                     n0: 1363968 in 2 places, all below massif's threshold (1.00%)
          n0: 13049856 in 1 place, below massif's threshold (1.00%)
       n0: 2420736 in 2 places, all below massif's threshold (1.00%)
   n1: 100982784 0xB332974: _dl_map_segments (dl-map-segments.h:140)
    n1: 100982784 0xB332974: _dl_map_object_from_fd (dl-load.c:1259)
     n2: 100982784 0xB334008: _dl_map_new_object (dl-load.c:2187)
      n1: 99446784 0xB32DABC: openaux (dl-deps.c:64)
       n1: 99446784 0xB32C728: _dl_catch_exception (dl-catch.c:241)
        n2: 99446784 0xB32DEEE: _dl_map_object_deps (dl-deps.c:232)
         n1: 93831168 0xB337FCF: dl_open_worker_begin (dl-open.c:609)
          n1: 93831168 0xB32C728: _dl_catch_exception (dl-catch.c:241)
           n1: 93831168 0xB337542: dl_open_worker (dl-open.c:762)
            n1: 93831168 0xB32C728: _dl_catch_exception (dl-catch.c:241)
             n1: 93831168 0xB337AA9: _dl_open (dl-open.c:900)
              n1: 93831168 0xC5C3C03: dlopen_doit (dlopen.c:56)
               n1: 93831168 0xB32C728: _dl_catch_exception (dl-catch.c:241)
                n1: 93831168 0xB32C878: _dl_catch_error (dl-catch.c:260)
                 n1: 93831168 0xC5C36F2: _dlerror_run (dlerror.c:138)
                  n1: 93831168 0xC5C3CBA: dlopen_implementation (dlopen.c:71)
                   n2: 93831168 0xC5C3CBA: dlopen@@GLIBC_2.34 (dlopen.c:81)
                    n1: 93372416 0xBEF6F63: __glXLookupVendorByName.part.0 (libglxmapping.c:428)
                     n1: 93372416 0xBEF7D19: __glXLookupVendorByName (libglxmapping.c:391)
                      n1: 93372416 0xBEF7D19: __glXLookupVendorByScreen.part.0 (libglxmapping.c:572)
                       n1: 93372416 0xBEF8CB1: __glXLookupVendorByScreen (libglxmapping.c:524)
                        n1: 93372416 0xBEF8CB1: __glXGetDynDispatch (libglxmapping.c:610)
                         n1: 93372416 0xBEF8CB1: glXQueryExtensionsString (libglx.c:1473)
                          n1: 93372416 0xC0EB7AC: extensionSupportedGLX (in /home/leo/Cours/S8/HAI819I_moteur_jeux/build/external/glfw/src/libglfw.so.3.4)
                           n1: 93372416 0xC0EBEEA: _glfwInitGLX (in /home/leo/Cours/S8/HAI819I_moteur_jeux/build/external/glfw/src/libglfw.so.3.4)
                            n1: 93372416 0xC0E79BE: _glfwCreateWindowX11 (in /home/leo/Cours/S8/HAI819I_moteur_jeux/build/external/glfw/src/libglfw.so.3.4)
                             n1: 93372416 0xC0D374D: glfwCreateWindow (in /home/leo/Cours/S8/HAI819I_moteur_jeux/build/external/glfw/src/libglfw.so.3.4)
                              n1: 93372416 0x40A1A7: Window::init() (Window.hpp:241)
                               n1: 93372416 0x4012FC: globalInit(Window&) (main.cpp:53)
                                n0: 93372416 0x401CE1: main (main.cpp:166)
                    n0: 458752 in 2 places, all below massif's threshold (1.00%)
         n0: 5615616 in 1 place, below massif's threshold (1.00%)
      n0: 1536000 in 2 places, all below massif's threshold (1.00%)
   n0: 1335296 in 3 places, all below massif's threshold (1.00%)
 n0: 183943168 0x0: ???
 n0: 8376320 in 3 places, all below massif's threshold (1.00%)
#-----------
snapshot=18
#-----------
time=62874110377
mem_heap_B=2313900032
mem_heap_extra_B=0
mem_stacks_B=0
heap_tree=detailed
n4: 2313900032 (page allocation syscalls) mmap/mremap/brk, --alloc-fns, etc.
 n1: 1866956800 0xC647B7C: __mmap64 (mmap64.c:58)
  n6: 1866956800 0xC647B7C: mmap (mmap64.c:46)
   n2: 1006632960 0xC5D45C6: alloc_new_heap (arena.c:405)
    n1: 738197504 0xC5D58FB: sysmalloc (malloc.c:2395)
     n1: 738197504 0xC5D6C17: _int_malloc (malloc.c:4334)
      n1: 738197504 0xC5D6EED: __libc_malloc2 (malloc.c:3261)
       n1: 738197504 0xC17E2FB: operator new(unsigned long) (new_op.cc:50)
        n1: 738197504 0x46F3E0: std::__detail::_MakeUniq<std::array<Chunk, 7ul> >::__single_object std::make_unique<std::array<Chunk, 7ul>>() (unique_ptr.h:1105)
         n1: 738197504 0x46E643: Chunk& ContiguousStorage<Chunk, 16777216ul, glm::vec<3, int, (glm::qualifier)0>, MathHelpers::glmVecLexicoGraphic<int, 3ul> >::emplace<World*, glm::vec<3, int, (glm::qualifier)0> const&, GenType&>(glm::vec<3, int, (glm::qualifier)0>, World*&&, glm::vec<3, int, (glm::qualifier)0> const&, GenType&) (Helpers.hpp:320)
          n1: 738197504 0x46D041: World::addChunk(glm::vec<3, int, (glm::qualifier)0> const&) (World.cpp:27)
           n1: 738197504 0x46DA55: World::generate(std::vector<glm::vec<3, float, (glm::qualifier)0>, std::allocator<glm::vec<3, float, (glm::qualifier)0> > > const&) (World.cpp:132)
            n1: 738197504 0x46DB3A: World::selfUpdate(std::vector<glm::vec<3, float, (glm::qualifier)0>, std::allocator<glm::vec<3, float, (glm::qualifier)0> > > const&) (World.cpp:141)
             n1: 738197504 0x401559: worldThread() (main.cpp:137)
              n1: 738197504 0x460E7D: void std::__invoke_impl<void, void (*)()>(std::__invoke_other, void (*&&)()) (invoke.h:63)
               n1: 738197504 0x460DC9: std::__invoke_result<void (*)()>::type std::__invoke<void (*)()>(void (*&&)()) (invoke.h:98)
                n1: 738197504 0x460C81: void std::thread::_Invoker<std::tuple<void (*)()> >::_M_invoke<0ul>(std::_Index_tuple<0ul>) (std_thread.h:303)
                 n1: 738197504 0x460BBB: std::thread::_Invoker<std::tuple<void (*)()> >::operator()() (std_thread.h:310)
                  n1: 738197504 0x460B17: std::thread::_State_impl<std::thread::_Invoker<std::tuple<void (*)()> > >::_M_run() (std_thread.h:255)
                   n1: 738197504 0xC1AF3B5: execute_native_thread_routine (thread.cc:105)
                    n1: 738197504 0xC5C7758: start_thread (pthread_create.c:454)
                     n0: 738197504 0xC64B733: clone (clone.S:100)
    n1: 268435456 0xC5D4A89: _int_new_arena (arena.c:637)
     n1: 268435456 0xC5D4A89: arena_get2 (arena.c:856)
      n1: 268435456 0xC5D4A89: arena_get2 (arena.c:817)
       n1: 268435456 0xC5D6F36: __libc_malloc2 (malloc.c:3259)
        n2: 268435456 0xC17E2FB: operator new(unsigned long) (new_op.cc:50)
         n1: 201326592 0x436996: std::__new_allocator<char>::allocate(unsigned long, void const*) (new_allocator.h:162)
          n1: 201326592 0x43E5F2: allocate (allocator.h:206)
           n1: 201326592 0x43E5F2: allocate (alloc_traits.h:638)
            n1: 201326592 0x43E5F2: std::_Vector_base<char, std::allocator<char> >::_M_allocate(unsigned long) (stl_vector.h:389)
             n1: 201326592 0x43B88C: std::_Vector_base<char, std::allocator<char> >::_M_create_storage(unsigned long) (stl_vector.h:407)
              n1: 201326592 0x437F12: std::_Vector_base<char, std::allocator<char> >::_Vector_base(unsigned long, std::allocator<char> const&) (stl_vector.h:341)
               n1: 201326592 0x4340BE: std::vector<char, std::allocator<char> >::vector(unsigned long, std::allocator<char> const&) (stl_vector.h:577)
                n1: 201326592 0x42FBF6: filewatch::FileWatch<std::__cxx11::basic_string<char, std::char_traits<char>, std::allocator<char> > >::monitor_directory() (FileWatch.hpp:617)
                 n1: 201326592 0x42A351: filewatch::FileWatch<std::__cxx11::basic_string<char, std::char_traits<char>, std::allocator<char> > >::init()::{lambda()#2}::operator()() const (FileWatch.hpp:349)
                  n1: 201326592 0x460E06: void std::__invoke_impl<void, filewatch::FileWatch<std::__cxx11::basic_string<char, std::char_traits<char>, std::allocator<char> > >::init()::{lambda()#2}>(std::__invoke_other, filewatch::FileWatch<std::__cxx11::basic_string<char, std::char_traits<char>, std::allocator<char> > >::init()::{lambda()#2}&&) (invoke.h:63)
                   n1: 201326592 0x460D1D: std::__invoke_result<filewatch::FileWatch<std::__cxx11::basic_string<char, std::char_traits<char>, std::allocator<char> > >::init()::{lambda()#2}>::type std::__invoke<filewatch::FileWatch<std::__cxx11::basic_string<char, std::char_traits<char>, std::allocator<char> > >::init()::{lambda()#2}>(filewatch::FileWatch<std::__cxx11::basic_string<char, std::char_traits<char>, std::allocator<char> > >::init()::{lambda()#2}&&) (invoke.h:98)
                    n1: 201326592 0x460C0F: void std::thread::_Invoker<std::tuple<filewatch::FileWatch<std::__cxx11::basic_string<char, std::char_traits<char>, std::allocator<char> > >::init()::{lambda()#2}> >::_M_invoke<0ul>(std::_Index_tuple<0ul>) (std_thread.h:303)
                     n1: 201326592 0x460B69: std::thread::_Invoker<std::tuple<filewatch::FileWatch<std::__cxx11::basic_string<char, std::char_traits<char>, std::allocator<char> > >::init()::{lambda()#2}> >::operator()() (std_thread.h:310)
                      n1: 201326592 0x460987: std::thread::_State_impl<std::thread::_Invoker<std::tuple<filewatch::FileWatch<std::__cxx11::basic_string<char, std::char_traits<char>, std::allocator<char> > >::init()::{lambda()#2}> > >::_M_run() (std_thread.h:255)
                       n1: 201326592 0xC1AF3B5: execute_native_thread_routine (thread.cc:105)
                        n1: 201326592 0xC5C7758: start_thread (pthread_create.c:454)
                         n0: 201326592 0xC64B733: clone (clone.S:100)
         n1: 67108864 0x43188E: std::__new_allocator<glm::vec<3, float, (glm::qualifier)0> >::allocate(unsigned long, void const*) (new_allocator.h:162)
          n1: 67108864 0x41EE5A: allocate (allocator.h:206)
           n1: 67108864 0x41EE5A: allocate (alloc_traits.h:638)
            n1: 67108864 0x41EE5A: std::_Vector_base<glm::vec<3, float, (glm::qualifier)0>, std::allocator<glm::vec<3, float, (glm::qualifier)0> > >::_M_allocate(unsigned long) (stl_vector.h:389)
             n1: 67108864 0x421E4D: glm::vec<3, float, (glm::qualifier)0>* std::vector<glm::vec<3, float, (glm::qualifier)0>, std::allocator<glm::vec<3, float, (glm::qualifier)0> > >::_M_allocate_and_copy<__gnu_cxx::__normal_iterator<glm::vec<3, float, (glm::qualifier)0> const*, std::vector<glm::vec<3, float, (glm::qualifier)0>, std::allocator<glm::vec<3, float, (glm::qualifier)0> > > > >(unsigned long, __gnu_cxx::__normal_iterator<glm::vec<3, float, (glm::qualifier)0> const*, std::vector<glm::vec<3, float, (glm::qualifier)0>, std::allocator<glm::vec<3, float, (glm::qualifier)0> > > >, __gnu_cxx::__normal_iterator<glm::vec<3, float, (glm::qualifier)0> const*, std::vector<glm::vec<3, float, (glm::qualifier)0>, std::allocator<glm::vec<3, float, (glm::qualifier)0> > > >) (stl_vector.h:1900)
              n1: 67108864 0x418DC7: std::vector<glm::vec<3, float, (glm::qualifier)0>, std::allocator<glm::vec<3, float, (glm::qualifier)0> > >::operator=(std::vector<glm::vec<3, float, (glm::qualifier)0>, std::allocator<glm::vec<3, float, (glm::qualifier)0> > > const&) (vector.tcc:242)
               n1: 67108864 0x401482: worldThread() (main.cpp:123)
                n1: 67108864 0x460E7D: void std::__invoke_impl<void, void (*)()>(std::__invoke_other, void (*&&)()) (invoke.h:63)
                 n1: 67108864 0x460DC9: std::__invoke_result<void (*)()>::type std::__invoke<void (*)()>(void (*&&)()) (invoke.h:98)
                  n1: 67108864 0x460C81: void std::thread::_Invoker<std::tuple<void (*)()> >::_M_invoke<0ul>(std::_Index_tuple<0ul>) (std_thread.h:303)
                   n1: 67108864 0x460BBB: std::thread::_Invoker<std::tuple<void (*)()> >::operator()() (std_thread.h:310)
                    n1: 67108864 0x460B17: std::thread::_State_impl<std::thread::_Invoker<std::tuple<void (*)()> > >::_M_run() (std_thread.h:255)
                     n1: 67108864 0xC1AF3B5: execute_native_thread_routine (thread.cc:105)
                      n1: 67108864 0xC5C7758: start_thread (pthread_create.c:454)
                       n0: 67108864 0xC64B733: clone (clone.S:100)
   n2: 603979776 0xC5D44D5: alloc_new_heap (arena.c:395)
    n1: 536870912 0xC5D58FB: sysmalloc (malloc.c:2395)
     n1: 536870912 0xC5D6C17: _int_malloc (malloc.c:4334)
      n1: 536870912 0xC5D6EED: __libc_malloc2 (malloc.c:3261)
       n1: 536870912 0xC17E2FB: operator new(unsigned long) (new_op.cc:50)
        n1: 536870912 0x46F3E0: std::__detail::_MakeUniq<std::array<Chunk, 7ul> >::__single_object std::make_unique<std::array<Chunk, 7ul>>() (unique_ptr.h:1105)
         n1: 536870912 0x46E643: Chunk& ContiguousStorage<Chunk, 16777216ul, glm::vec<3, int, (glm::qualifier)0>, MathHelpers::glmVecLexicoGraphic<int, 3ul> >::emplace<World*, glm::vec<3, int, (glm::qualifier)0> const&, GenType&>(glm::vec<3, int, (glm::qualifier)0>, World*&&, glm::vec<3, int, (glm::qualifier)0> const&, GenType&) (Helpers.hpp:320)
          n1: 536870912 0x46D041: World::addChunk(glm::vec<3, int, (glm::qualifier)0> const&) (World.cpp:27)
           n1: 536870912 0x46DA55: World::generate(std::vector<glm::vec<3, float, (glm::qualifier)0>, std::allocator<glm::vec<3, float, (glm::qualifier)0> > > const&) (World.cpp:132)
            n1: 536870912 0x46DB3A: World::selfUpdate(std::vector<glm::vec<3, float, (glm::qualifier)0>, std::allocator<glm::vec<3, float, (glm::qualifier)0> > > const&) (World.cpp:141)
             n1: 536870912 0x401559: worldThread() (main.cpp:137)
              n1: 536870912 0x460E7D: void std::__invoke_impl<void, void (*)()>(std::__invoke_other, void (*&&)()) (invoke.h:63)
               n1: 536870912 0x460DC9: std::__invoke_result<void (*)()>::type std::__invoke<void (*)()>(void (*&&)()) (invoke.h:98)
                n1: 536870912 0x460C81: void std::thread::_Invoker<std::tuple<void (*)()> >::_M_invoke<0ul>(std::_Index_tuple<0ul>) (std_thread.h:303)
                 n1: 536870912 0x460BBB: std::thread::_Invoker<std::tuple<void (*)()> >::operator()() (std_thread.h:310)
                  n1: 536870912 0x460B17: std::thread::_State_impl<std::thread::_Invoker<std::tuple<void (*)()> > >::_M_run() (std_thread.h:255)
                   n1: 536870912 0xC1AF3B5: execute_native_thread_routine (thread.cc:105)
                    n1: 536870912 0xC5C7758: start_thread (pthread_create.c:454)
                     n0: 536870912 0xC64B733: clone (clone.S:100)
    n1: 67108864 0xC5D4A89: _int_new_arena (arena.c:637)
     n1: 67108864 0xC5D4A89: arena_get2 (arena.c:856)
      n1: 67108864 0xC5D4A89: arena_get2 (arena.c:817)
       n1: 67108864 0xC5D6F36: __libc_malloc2 (malloc.c:3259)
        n1: 67108864 0xC17E2FB: operator new(unsigned long) (new_op.cc:50)
         n1: 67108864 0x436996: std::__new_allocator<char>::allocate(unsigned long, void const*) (new_allocator.h:162)
          n1: 67108864 0x43E5F2: allocate (allocator.h:206)
           n1: 67108864 0x43E5F2: allocate (alloc_traits.h:638)
            n1: 67108864 0x43E5F2: std::_Vector_base<char, std::allocator<char> >::_M_allocate(unsigned long) (stl_vector.h:389)
             n1: 67108864 0x43B88C: std::_Vector_base<char, std::allocator<char> >::_M_create_storage(unsigned long) (stl_vector.h:407)
              n1: 67108864 0x437F12: std::_Vector_base<char, std::allocator<char> >::_Vector_base(unsigned long, std::allocator<char> const&) (stl_vector.h:341)
               n1: 67108864 0x4340BE: std::vector<char, std::allocator<char> >::vector(unsigned long, std::allocator<char> const&) (stl_vector.h:577)
                n1: 67108864 0x42FBF6: filewatch::FileWatch<std::__cxx11::basic_string<char, std::char_traits<char>, std::allocator<char> > >::monitor_directory() (FileWatch.hpp:617)
                 n1: 67108864 0x42A351: filewatch::FileWatch<std::__cxx11::basic_string<char, std::char_traits<char>, std::allocator<char> > >::init()::{lambda()#2}::operator()() const (FileWatch.hpp:349)
                  n1: 67108864 0x460E06: void std::__invoke_impl<void, filewatch::FileWatch<std::__cxx11::basic_string<char, std::char_traits<char>, std::allocator<char> > >::init()::{lambda()#2}>(std::__invoke_other, filewatch::FileWatch<std::__cxx11::basic_string<char, std::char_traits<char>, std::allocator<char> > >::init()::{lambda()#2}&&) (invoke.h:63)
                   n1: 67108864 0x460D1D: std::__invoke_result<filewatch::FileWatch<std::__cxx11::basic_string<char, std::char_traits<char>, std::allocator<char> > >::init()::{lambda()#2}>::type std::__invoke<filewatch::FileWatch<std::__cxx11::basic_string<char, std::char_traits<char>, std::allocator<char> > >::init()::{lambda()#2}>(filewatch::FileWatch<std::__cxx11::basic_string<char, std::char_traits<char>, std::allocator<char> > >::init()::{lambda()#2}&&) (invoke.h:98)
                    n1: 67108864 0x460C0F: void std::thread::_Invoker<std::tuple<filewatch::FileWatch<std::__cxx11::basic_string<char, std::char_traits<char>, std::allocator<char> > >::init()::{lambda()#2}> >::_M_invoke<0ul>(std::_Index_tuple<0ul>) (std_thread.h:303)
                     n1: 67108864 0x460B69: std::thread::_Invoker<std::tuple<filewatch::FileWatch<std::__cxx11::basic_string<char, std::char_traits<char>, std::allocator<char> > >::init()::{lambda()#2}> >::operator()() (std_thread.h:310)
                      n1: 67108864 0x460987: std::thread::_State_impl<std::thread::_Invoker<std::tuple<filewatch::FileWatch<std::__cxx11::basic_string<char, std::char_traits<char>, std::allocator<char> > >::init()::{lambda()#2}> > >::_M_run() (std_thread.h:255)
                       n1: 67108864 0xC1AF3B5: execute_native_thread_routine (thread.cc:105)
                        n1: 67108864 0xC5C7758: start_thread (pthread_create.c:454)
                         n0: 67108864 0xC64B733: clone (clone.S:100)
   n1: 138039296 0xC5D5CBD: sysmalloc_mmap_fallback (malloc.c:2289)
    n1: 138039296 0xC5D5CBD: sysmalloc (malloc.c:2501)
     n2: 138039296 0xC5D6C17: _int_malloc (malloc.c:4334)
      n2: 91361280 0xC5D6EED: __libc_malloc2 (malloc.c:3261)
       n1: 90312704 0xD46AD81: ??? (in /usr/lib64/libnvidia-glcore.so.595.71.05)
        n2: 90312704 0xD1D01EA: ??? (in /usr/lib64/libnvidia-glcore.so.595.71.05)
         n1: 73400320 0xD1B3595: ??? (in /usr/lib64/libnvidia-glcore.so.595.71.05)
          n2: 73400320 0xD1B3AC1: ??? (in /usr/lib64/libnvidia-glcore.so.595.71.05)
           n1: 58720256 0x473BE0: ChunkRenderer::updateShaderData(glm::vec<3, float, (glm::qualifier)0> const&) (Chunk.cpp:360)
            n1: 58720256 0x4615E9: WorldRenderer::renderChunks(ShaderProgram&, Camera::Frustum const&, glm::vec<3, float, (glm::qualifier)0> const&)::{lambda(ChunkRenderer&)#1}::operator()(ChunkRenderer&) const (WorldRenderer.cpp:64)
             n1: 58720256 0x463438: void std::__invoke_impl<void, WorldRenderer::renderChunks(ShaderProgram&, Camera::Frustum const&, glm::vec<3, float, (glm::qualifier)0> const&)::{lambda(ChunkRenderer&)#1}&, ChunkRenderer&>(std::__invoke_other, WorldRenderer::renderChunks(ShaderProgram&, Camera::Frustum const&, glm::vec<3, float, (glm::qualifier)0> const&)::{lambda(ChunkRenderer&)#1}&, ChunkRenderer&) (invoke.h:63)
              n1: 58720256 0x462F22: std::enable_if<is_invocable_r_v<void, WorldRenderer::renderChunks(ShaderProgram&, Camera::Frustum const&, glm::vec<3, float, (glm::qualifier)0> const&)::{lambda(ChunkRenderer&)#1}&, ChunkRenderer&>, void>::type std::__invoke_r<void, WorldRenderer::renderChunks(ShaderProgram&, Camera::Frustum const&, glm::vec<3, float, (glm::qualifier)0> const&)::{lambda(ChunkRenderer&)#1}&, ChunkRenderer&>(WorldRenderer::renderChunks(ShaderProgram&, Camera::Frustum const&, glm::vec<3, float, (glm::qualifier)0> const&)::{lambda(ChunkRenderer&)#1}&, ChunkRenderer&) (invoke.h:113)
               n1: 58720256 0x462A7C: std::_Function_handler<void (ChunkRenderer&), WorldRenderer::renderChunks(ShaderProgram&, Camera::Frustum const&, glm::vec<3, float, (glm::qualifier)0> const&)::{lambda(ChunkRenderer&)#1}>::_M_invoke(std::_Any_data const&, ChunkRenderer&) (std_function.h:295)
                n1: 58720256 0x466E80: std::function<void (ChunkRenderer&)>::operator()(ChunkRenderer&) const (std_function.h:581)
                 n1: 58720256 0x4652BB: ContiguousStorage<ChunkRenderer, 784ul, glm::vec<3, int, (glm::qualifier)0>, MathHelpers::glmVecLexicoGraphic<int, 3ul> >::forEach(std::function<void (ChunkRenderer&)>) (Helpers.hpp:383)
                  n1: 58720256 0x461A9A: WorldRenderer::renderChunks(ShaderProgram&, Camera::Frustum const&, glm::vec<3, float, (glm::qualifier)0> const&) (WorldRenderer.cpp:59)
                   n0: 58720256 0x40317E: main (main.cpp:422)
           n0: 14680064 in 2 places, all below massif's threshold (1.00%)
         n0: 16912384 in 1 place, below massif's threshold (1.00%)
       n0: 1048576 in 1 place, below massif's threshold (1.00%)
      n2: 46678016 0xC5D6F8E: __libc_malloc2 (malloc.c:3253)
       n2: 42078208 0xD46AD81: ??? (in /usr/lib64/libnvidia-glcore.so.595.71.05)
        n2: 41029632 0xCDA4325: ??? (in /usr/lib64/libnvidia-glcore.so.595.71.05)
         n1: 37748736 0xCDA4441: ??? (in /usr/lib64/libnvidia-glcore.so.595.71.05)
          n0: 37748736 in 12 places, all below massif's threshold (1.00%)
         n0: 3280896 in 1 place, below massif's threshold (1.00%)
        n0: 1048576 in 1 place, below massif's threshold (1.00%)
       n0: 4599808 in 2 places, all below massif's threshold (1.00%)
   n1: 75534336 0xC5C8410: allocate_thread_stack (allocatestack.c:169)
    n1: 75534336 0xC5C8410: allocate_stack (allocatestack.c:508)
     n1: 75534336 0xC5C8410: pthread_create@@GLIBC_2.34 (pthread_create.c:680)
      n1: 75534336 0xC1AF488: __gthread_create (gthr-default.h:709)
       n3: 75534336 0xC1AF488: std::thread::_M_start_thread(std::unique_ptr<std::thread::_State, std::default_delete<std::thread::_State> >, void (*)()) (thread.cc:173)
        n1: 33570816 0x42FA05: std::thread::thread<filewatch::FileWatch<std::__cxx11::basic_string<char, std::char_traits<char>, std::allocator<char> > >::init()::{lambda()#1}, , void>(filewatch::FileWatch<std::__cxx11::basic_string<char, std::char_traits<char>, std::allocator<char> > >::init()::{lambda()#1}&&) (std_thread.h:175)
         n1: 33570816 0x42A3F9: filewatch::FileWatch<std::__cxx11::basic_string<char, std::char_traits<char>, std::allocator<char> > >::init() (FileWatch.hpp:336)
          n1: 33570816 0x422F7B: filewatch::FileWatch<std::__cxx11::basic_string<char, std::char_traits<char>, std::allocator<char> > >::FileWatch(std::__cxx11::basic_string<char, std::char_traits<char>, std::allocator<char> >, std::__cxx11::basic_regex<char, std::__cxx11::regex_traits<char> >, std::function<void (std::__cxx11::basic_string<char, std::char_traits<char>, std::allocator<char> > const&, filewatch::Event)>) (FileWatch.hpp:187)
           n2: 33570816 0x419E1F: filewatch::FileWatch<std::__cxx11::basic_string<char, std::char_traits<char>, std::allocator<char> > >::FileWatch(std::__cxx11::basic_string<char, std::char_traits<char>, std::allocator<char> >, std::function<void (std::__cxx11::basic_string<char, std::char_traits<char>, std::allocator<char> > const&, filewatch::Event)>) (FileWatch.hpp:191)
            n1: 25178112 0x401C7B: auto makeTextureWatcher<main::{lambda(std::__cxx11::basic_string<char, std::char_traits<char>, std::allocator<char> > const&, filewatch::Event)#2}&>(std::__cxx11::basic_string<char, std::char_traits<char>, std::allocator<char> > const&, main::{lambda(std::__cxx11::basic_string<char, std::char_traits<char>, std::allocator<char> > const&, filewatch::Event)#2}&) (main.cpp:162)
             n0: 25178112 in 3 places, all below massif's threshold (1.00%)
            n0: 8392704 in 1 place, below massif's threshold (1.00%)
        n1: 33570816 0x430295: std::thread::thread<filewatch::FileWatch<std::__cxx11::basic_string<char, std::char_traits<char>, std::allocator<char> > >::init()::{lambda()#2}, , void>(filewatch::FileWatch<std::__cxx11::basic_string<char, std::char_traits<char>, std::allocator<char> > >::init()::{lambda()#2}&&) (std_thread.h:175)
         n1: 33570816 0x42A43A: filewatch::FileWatch<std::__cxx11::basic_string<char, std::char_traits<char>, std::allocator<char> > >::init() (FileWatch.hpp:347)
          n1: 33570816 0x422F7B: filewatch::FileWatch<std::__cxx11::basic_string<char, std::char_traits<char>, std::allocator<char> > >::FileWatch(std::__cxx11::basic_string<char, std::char_traits<char>, std::allocator<char> >, std::__cxx11::basic_regex<char, std::__cxx11::regex_traits<char> >, std::function<void (std::__cxx11::basic_string<char, std::char_traits<char>, std::allocator<char> > const&, filewatch::Event)>) (FileWatch.hpp:187)
           n2: 33570816 0x419E1F: filewatch::FileWatch<std::__cxx11::basic_string<char, std::char_traits<char>, std::allocator<char> > >::FileWatch(std::__cxx11::basic_string<char, std::char_traits<char>, std::allocator<char> >, std::function<void (std::__cxx11::basic_string<char, std::char_traits<char>, std::allocator<char> > const&, filewatch::Event)>) (FileWatch.hpp:191)
            n1: 25178112 0x401C7B: auto makeTextureWatcher<main::{lambda(std::__cxx11::basic_string<char, std::char_traits<char>, std::allocator<char> > const&, filewatch::Event)#2}&>(std::__cxx11::basic_string<char, std::char_traits<char>, std::allocator<char> > const&, main::{lambda(std::__cxx11::basic_string<char, std::char_traits<char>, std::allocator<char> > const&, filewatch::Event)#2}&) (main.cpp:162)
             n0: 25178112 in 3 places, all below massif's threshold (1.00%)
            n0: 8392704 in 1 place, below massif's threshold (1.00%)
        n0: 8392704 in 1 place, below massif's threshold (1.00%)
   n2: 26939392 0xDAE1CDA: ??? (in /usr/lib64/libnvidia-glcore.so.595.71.05)
    n2: 26939392 0xD9EB30A: ??? (in /usr/lib64/libnvidia-glcore.so.595.71.05)
     n2: 26869760 0xD51BDF6: ??? (in /usr/lib64/libnvidia-glcore.so.595.71.05)
      n1: 26791936 0xD49D1CA: ??? (in /usr/lib64/libnvidia-glcore.so.595.71.05)
       n0: 26791936 in 3 places, all below massif's threshold (1.00%)
      n0: 77824 in 1 place, below massif's threshold (1.00%)
     n0: 69632 in 2 places, all below massif's threshold (1.00%)
    n0: 0 in 1 place, below massif's threshold (1.00%)
   n0: 15831040 in 6 places, all below massif's threshold (1.00%)
 n1: 254623744 0xB34F85C: __mmap64 (mmap64.c:58)
  n3: 254623744 0xB34F85C: mmap (mmap64.c:46)
   n1: 152305664 0xB332822: _dl_map_segment (dl-map-segments.h:30)
    n1: 152305664 0xB332822: _dl_map_segments (dl-map-segments.h:102)
     n1: 152305664 0xB332822: _dl_map_object_from_fd (dl-load.c:1259)
      n2: 152305664 0xB334008: _dl_map_new_object (dl-load.c:2187)
       n1: 149884928 0xB32DABC: openaux (dl-deps.c:64)
        n1: 149884928 0xB32C728: _dl_catch_exception (dl-catch.c:241)
         n2: 149884928 0xB32DEEE: _dl_map_object_deps (dl-deps.c:232)
          n1: 136835072 0xB337FCF: dl_open_worker_begin (dl-open.c:609)
           n1: 136835072 0xB32C728: _dl_catch_exception (dl-catch.c:241)
            n1: 136835072 0xB337542: dl_open_worker (dl-open.c:762)
             n1: 136835072 0xB32C728: _dl_catch_exception (dl-catch.c:241)
              n1: 136835072 0xB337AA9: _dl_open (dl-open.c:900)
               n1: 136835072 0xC5C3C03: dlopen_doit (dlopen.c:56)
                n1: 136835072 0xB32C728: _dl_catch_exception (dl-catch.c:241)
                 n1: 136835072 0xB32C878: _dl_catch_error (dl-catch.c:260)
                  n1: 136835072 0xC5C36F2: _dlerror_run (dlerror.c:138)
                   n1: 136835072 0xC5C3CBA: dlopen_implementation (dlopen.c:71)
                    n2: 136835072 0xC5C3CBA: dlopen@@GLIBC_2.34 (dlopen.c:81)
                     n1: 135471104 0xBEF6F63: __glXLookupVendorByName.part.0 (libglxmapping.c:428)
                      n1: 135471104 0xBEF7D19: __glXLookupVendorByName (libglxmapping.c:391)
                       n1: 135471104 0xBEF7D19: __glXLookupVendorByScreen.part.0 (libglxmapping.c:572)
                        n1: 135471104 0xBEF8CB1: __glXLookupVendorByScreen (libglxmapping.c:524)
                         n1: 135471104 0xBEF8CB1: __glXGetDynDispatch (libglxmapping.c:610)
                          n1: 135471104 0xBEF8CB1: glXQueryExtensionsString (libglx.c:1473)
                           n1: 135471104 0xC0EB7AC: extensionSupportedGLX (in /home/leo/Cours/S8/HAI819I_moteur_jeux/build/external/glfw/src/libglfw.so.3.4)
                            n1: 135471104 0xC0EBEEA: _glfwInitGLX (in /home/leo/Cours/S8/HAI819I_moteur_jeux/build/external/glfw/src/libglfw.so.3.4)
                             n1: 135471104 0xC0E79BE: _glfwCreateWindowX11 (in /home/leo/Cours/S8/HAI819I_moteur_jeux/build/external/glfw/src/libglfw.so.3.4)
                              n1: 135471104 0xC0D374D: glfwCreateWindow (in /home/leo/Cours/S8/HAI819I_moteur_jeux/build/external/glfw/src/libglfw.so.3.4)
                               n1: 135471104 0x40A1A7: Window::init() (Window.hpp:241)
                                n1: 135471104 0x4012FC: globalInit(Window&) (main.cpp:53)
                                 n0: 135471104 0x401CE1: main (main.cpp:166)
                     n0: 1363968 in 2 places, all below massif's threshold (1.00%)
          n0: 13049856 in 1 place, below massif's threshold (1.00%)
       n0: 2420736 in 2 places, all below massif's threshold (1.00%)
   n1: 100982784 0xB332974: _dl_map_segments (dl-map-segments.h:140)
    n1: 100982784 0xB332974: _dl_map_object_from_fd (dl-load.c:1259)
     n2: 100982784 0xB334008: _dl_map_new_object (dl-load.c:2187)
      n1: 99446784 0xB32DABC: openaux (dl-deps.c:64)
       n1: 99446784 0xB32C728: _dl_catch_exception (dl-catch.c:241)
        n2: 99446784 0xB32DEEE: _dl_map_object_deps (dl-deps.c:232)
         n1: 93831168 0xB337FCF: dl_open_worker_begin (dl-open.c:609)
          n1: 93831168 0xB32C728: _dl_catch_exception (dl-catch.c:241)
           n1: 93831168 0xB337542: dl_open_worker (dl-open.c:762)
            n1: 93831168 0xB32C728: _dl_catch_exception (dl-catch.c:241)
             n1: 93831168 0xB337AA9: _dl_open (dl-open.c:900)
              n1: 93831168 0xC5C3C03: dlopen_doit (dlopen.c:56)
               n1: 93831168 0xB32C728: _dl_catch_exception (dl-catch.c:241)
                n1: 93831168 0xB32C878: _dl_catch_error (dl-catch.c:260)
                 n1: 93831168 0xC5C36F2: _dlerror_run (dlerror.c:138)
                  n1: 93831168 0xC5C3CBA: dlopen_implementation (dlopen.c:71)
                   n2: 93831168 0xC5C3CBA: dlopen@@GLIBC_2.34 (dlopen.c:81)
                    n1: 93372416 0xBEF6F63: __glXLookupVendorByName.part.0 (libglxmapping.c:428)
                     n1: 93372416 0xBEF7D19: __glXLookupVendorByName (libglxmapping.c:391)
                      n1: 93372416 0xBEF7D19: __glXLookupVendorByScreen.part.0 (libglxmapping.c:572)
                       n1: 93372416 0xBEF8CB1: __glXLookupVendorByScreen (libglxmapping.c:524)
                        n1: 93372416 0xBEF8CB1: __glXGetDynDispatch (libglxmapping.c:610)
                         n1: 93372416 0xBEF8CB1: glXQueryExtensionsString (libglx.c:1473)
                          n1: 93372416 0xC0EB7AC: extensionSupportedGLX (in /home/leo/Cours/S8/HAI819I_moteur_jeux/build/external/glfw/src/libglfw.so.3.4)
                           n1: 93372416 0xC0EBEEA: _glfwInitGLX (in /home/leo/Cours/S8/HAI819I_moteur_jeux/build/external/glfw/src/libglfw.so.3.4)
                            n1: 93372416 0xC0E79BE: _glfwCreateWindowX11 (in /home/leo/Cours/S8/HAI819I_moteur_jeux/build/external/glfw/src/libglfw.so.3.4)
                             n1: 93372416 0xC0D374D: glfwCreateWindow (in /home/leo/Cours/S8/HAI819I_moteur_jeux/build/external/glfw/src/libglfw.so.3.4)
                              n1: 93372416 0x40A1A7: Window::init() (Window.hpp:241)
                               n1: 93372416 0x4012FC: globalInit(Window&) (main.cpp:53)
                                n0: 93372416 0x401CE1: main (main.cpp:166)
                    n0: 458752 in 2 places, all below massif's threshold (1.00%)
         n0: 5615616 in 1 place, below massif's threshold (1.00%)
      n0: 1536000 in 2 places, all below massif's threshold (1.00%)
   n0: 1335296 in 3 places, all below massif's threshold (1.00%)
 n0: 183943168 0x0: ???
 n0: 8376320 in 3 places, all below massif's threshold (1.00%)
#-----------
snapshot=19
#-----------
time=65985030816
mem_heap_B=2448117760
mem_heap_extra_B=0
mem_stacks_B=0
heap_tree=detailed
n4: 2448117760 (page allocation syscalls) mmap/mremap/brk, --alloc-fns, etc.
 n1: 2001174528 0xC647B7C: __mmap64 (mmap64.c:58)
  n6: 2001174528 0xC647B7C: mmap (mmap64.c:46)
   n2: 1073741824 0xC5D45C6: alloc_new_heap (arena.c:405)
    n1: 805306368 0xC5D58FB: sysmalloc (malloc.c:2395)
     n1: 805306368 0xC5D6C17: _int_malloc (malloc.c:4334)
      n1: 805306368 0xC5D6EED: __libc_malloc2 (malloc.c:3261)
       n1: 805306368 0xC17E2FB: operator new(unsigned long) (new_op.cc:50)
        n1: 805306368 0x46F3E0: std::__detail::_MakeUniq<std::array<Chunk, 7ul> >::__single_object std::make_unique<std::array<Chunk, 7ul>>() (unique_ptr.h:1105)
         n1: 805306368 0x46E643: Chunk& ContiguousStorage<Chunk, 16777216ul, glm::vec<3, int, (glm::qualifier)0>, MathHelpers::glmVecLexicoGraphic<int, 3ul> >::emplace<World*, glm::vec<3, int, (glm::qualifier)0> const&, GenType&>(glm::vec<3, int, (glm::qualifier)0>, World*&&, glm::vec<3, int, (glm::qualifier)0> const&, GenType&) (Helpers.hpp:320)
          n1: 805306368 0x46D041: World::addChunk(glm::vec<3, int, (glm::qualifier)0> const&) (World.cpp:27)
           n1: 805306368 0x46DA55: World::generate(std::vector<glm::vec<3, float, (glm::qualifier)0>, std::allocator<glm::vec<3, float, (glm::qualifier)0> > > const&) (World.cpp:132)
            n1: 805306368 0x46DB3A: World::selfUpdate(std::vector<glm::vec<3, float, (glm::qualifier)0>, std::allocator<glm::vec<3, float, (glm::qualifier)0> > > const&) (World.cpp:141)
             n1: 805306368 0x401559: worldThread() (main.cpp:137)
              n1: 805306368 0x460E7D: void std::__invoke_impl<void, void (*)()>(std::__invoke_other, void (*&&)()) (invoke.h:63)
               n1: 805306368 0x460DC9: std::__invoke_result<void (*)()>::type std::__invoke<void (*)()>(void (*&&)()) (invoke.h:98)
                n1: 805306368 0x460C81: void std::thread::_Invoker<std::tuple<void (*)()> >::_M_invoke<0ul>(std::_Index_tuple<0ul>) (std_thread.h:303)
                 n1: 805306368 0x460BBB: std::thread::_Invoker<std::tuple<void (*)()> >::operator()() (std_thread.h:310)
                  n1: 805306368 0x460B17: std::thread::_State_impl<std::thread::_Invoker<std::tuple<void (*)()> > >::_M_run() (std_thread.h:255)
                   n1: 805306368 0xC1AF3B5: execute_native_thread_routine (thread.cc:105)
                    n1: 805306368 0xC5C7758: start_thread (pthread_create.c:454)
                     n0: 805306368 0xC64B733: clone (clone.S:100)
    n1: 268435456 0xC5D4A89: _int_new_arena (arena.c:637)
     n1: 268435456 0xC5D4A89: arena_get2 (arena.c:856)
      n1: 268435456 0xC5D4A89: arena_get2 (arena.c:817)
       n1: 268435456 0xC5D6F36: __libc_malloc2 (malloc.c:3259)
        n2: 268435456 0xC17E2FB: operator new(unsigned long) (new_op.cc:50)
         n1: 201326592 0x436996: std::__new_allocator<char>::allocate(unsigned long, void const*) (new_allocator.h:162)
          n1: 201326592 0x43E5F2: allocate (allocator.h:206)
           n1: 201326592 0x43E5F2: allocate (alloc_traits.h:638)
            n1: 201326592 0x43E5F2: std::_Vector_base<char, std::allocator<char> >::_M_allocate(unsigned long) (stl_vector.h:389)
             n1: 201326592 0x43B88C: std::_Vector_base<char, std::allocator<char> >::_M_create_storage(unsigned long) (stl_vector.h:407)
              n1: 201326592 0x437F12: std::_Vector_base<char, std::allocator<char> >::_Vector_base(unsigned long, std::allocator<char> const&) (stl_vector.h:341)
               n1: 201326592 0x4340BE: std::vector<char, std::allocator<char> >::vector(unsigned long, std::allocator<char> const&) (stl_vector.h:577)
                n1: 201326592 0x42FBF6: filewatch::FileWatch<std::__cxx11::basic_string<char, std::char_traits<char>, std::allocator<char> > >::monitor_directory() (FileWatch.hpp:617)
                 n1: 201326592 0x42A351: filewatch::FileWatch<std::__cxx11::basic_string<char, std::char_traits<char>, std::allocator<char> > >::init()::{lambda()#2}::operator()() const (FileWatch.hpp:349)
                  n1: 201326592 0x460E06: void std::__invoke_impl<void, filewatch::FileWatch<std::__cxx11::basic_string<char, std::char_traits<char>, std::allocator<char> > >::init()::{lambda()#2}>(std::__invoke_other, filewatch::FileWatch<std::__cxx11::basic_string<char, std::char_traits<char>, std::allocator<char> > >::init()::{lambda()#2}&&) (invoke.h:63)
                   n1: 201326592 0x460D1D: std::__invoke_result<filewatch::FileWatch<std::__cxx11::basic_string<char, std::char_traits<char>, std::allocator<char> > >::init()::{lambda()#2}>::type std::__invoke<filewatch::FileWatch<std::__cxx11::basic_string<char, std::char_traits<char>, std::allocator<char> > >::init()::{lambda()#2}>(filewatch::FileWatch<std::__cxx11::basic_string<char, std::char_traits<char>, std::allocator<char> > >::init()::{lambda()#2}&&) (invoke.h:98)
                    n1: 201326592 0x460C0F: void std::thread::_Invoker<std::tuple<filewatch::FileWatch<std::__cxx11::basic_string<char, std::char_traits<char>, std::allocator<char> > >::init()::{lambda()#2}> >::_M_invoke<0ul>(std::_Index_tuple<0ul>) (std_thread.h:303)
                     n1: 201326592 0x460B69: std::thread::_Invoker<std::tuple<filewatch::FileWatch<std::__cxx11::basic_string<char, std::char_traits<char>, std::allocator<char> > >::init()::{lambda()#2}> >::operator()() (std_thread.h:310)
                      n1: 201326592 0x460987: std::thread::_State_impl<std::thread::_Invoker<std::tuple<filewatch::FileWatch<std::__cxx11::basic_string<char, std::char_traits<char>, std::allocator<char> > >::init()::{lambda()#2}> > >::_M_run() (std_thread.h:255)
                       n1: 201326592 0xC1AF3B5: execute_native_thread_routine (thread.cc:105)
                        n1: 201326592 0xC5C7758: start_thread (pthread_create.c:454)
                         n0: 201326592 0xC64B733: clone (clone.S:100)
         n1: 67108864 0x43188E: std::__new_allocator<glm::vec<3, float, (glm::qualifier)0> >::allocate(unsigned long, void const*) (new_allocator.h:162)
          n1: 67108864 0x41EE5A: allocate (allocator.h:206)
           n1: 67108864 0x41EE5A: allocate (alloc_traits.h:638)
            n1: 67108864 0x41EE5A: std::_Vector_base<glm::vec<3, float, (glm::qualifier)0>, std::allocator<glm::vec<3, float, (glm::qualifier)0> > >::_M_allocate(unsigned long) (stl_vector.h:389)
             n1: 67108864 0x421E4D: glm::vec<3, float, (glm::qualifier)0>* std::vector<glm::vec<3, float, (glm::qualifier)0>, std::allocator<glm::vec<3, float, (glm::qualifier)0> > >::_M_allocate_and_copy<__gnu_cxx::__normal_iterator<glm::vec<3, float, (glm::qualifier)0> const*, std::vector<glm::vec<3, float, (glm::qualifier)0>, std::allocator<glm::vec<3, float, (glm::qualifier)0> > > > >(unsigned long, __gnu_cxx::__normal_iterator<glm::vec<3, float, (glm::qualifier)0> const*, std::vector<glm::vec<3, float, (glm::qualifier)0>, std::allocator<glm::vec<3, float, (glm::qualifier)0> > > >, __gnu_cxx::__normal_iterator<glm::vec<3, float, (glm::qualifier)0> const*, std::vector<glm::vec<3, float, (glm::qualifier)0>, std::allocator<glm::vec<3, float, (glm::qualifier)0> > > >) (stl_vector.h:1900)
              n1: 67108864 0x418DC7: std::vector<glm::vec<3, float, (glm::qualifier)0>, std::allocator<glm::vec<3, float, (glm::qualifier)0> > >::operator=(std::vector<glm::vec<3, float, (glm::qualifier)0>, std::allocator<glm::vec<3, float, (glm::qualifier)0> > > const&) (vector.tcc:242)
               n1: 67108864 0x401482: worldThread() (main.cpp:123)
                n1: 67108864 0x460E7D: void std::__invoke_impl<void, void (*)()>(std::__invoke_other, void (*&&)()) (invoke.h:63)
                 n1: 67108864 0x460DC9: std::__invoke_result<void (*)()>::type std::__invoke<void (*)()>(void (*&&)()) (invoke.h:98)
                  n1: 67108864 0x460C81: void std::thread::_Invoker<std::tuple<void (*)()> >::_M_invoke<0ul>(std::_Index_tuple<0ul>) (std_thread.h:303)
                   n1: 67108864 0x460BBB: std::thread::_Invoker<std::tuple<void (*)()> >::operator()() (std_thread.h:310)
                    n1: 67108864 0x460B17: std::thread::_State_impl<std::thread::_Invoker<std::tuple<void (*)()> > >::_M_run() (std_thread.h:255)
                     n1: 67108864 0xC1AF3B5: execute_native_thread_routine (thread.cc:105)
                      n1: 67108864 0xC5C7758: start_thread (pthread_create.c:454)
                       n0: 67108864 0xC64B733: clone (clone.S:100)
   n2: 671088640 0xC5D44D5: alloc_new_heap (arena.c:395)
    n1: 603979776 0xC5D58FB: sysmalloc (malloc.c:2395)
     n1: 603979776 0xC5D6C17: _int_malloc (malloc.c:4334)
      n1: 603979776 0xC5D6EED: __libc_malloc2 (malloc.c:3261)
       n1: 603979776 0xC17E2FB: operator new(unsigned long) (new_op.cc:50)
        n1: 603979776 0x46F3E0: std::__detail::_MakeUniq<std::array<Chunk, 7ul> >::__single_object std::make_unique<std::array<Chunk, 7ul>>() (unique_ptr.h:1105)
         n1: 603979776 0x46E643: Chunk& ContiguousStorage<Chunk, 16777216ul, glm::vec<3, int, (glm::qualifier)0>, MathHelpers::glmVecLexicoGraphic<int, 3ul> >::emplace<World*, glm::vec<3, int, (glm::qualifier)0> const&, GenType&>(glm::vec<3, int, (glm::qualifier)0>, World*&&, glm::vec<3, int, (glm::qualifier)0> const&, GenType&) (Helpers.hpp:320)
          n1: 603979776 0x46D041: World::addChunk(glm::vec<3, int, (glm::qualifier)0> const&) (World.cpp:27)
           n1: 603979776 0x46DA55: World::generate(std::vector<glm::vec<3, float, (glm::qualifier)0>, std::allocator<glm::vec<3, float, (glm::qualifier)0> > > const&) (World.cpp:132)
            n1: 603979776 0x46DB3A: World::selfUpdate(std::vector<glm::vec<3, float, (glm::qualifier)0>, std::allocator<glm::vec<3, float, (glm::qualifier)0> > > const&) (World.cpp:141)
             n1: 603979776 0x401559: worldThread() (main.cpp:137)
              n1: 603979776 0x460E7D: void std::__invoke_impl<void, void (*)()>(std::__invoke_other, void (*&&)()) (invoke.h:63)
               n1: 603979776 0x460DC9: std::__invoke_result<void (*)()>::type std::__invoke<void (*)()>(void (*&&)()) (invoke.h:98)
                n1: 603979776 0x460C81: void std::thread::_Invoker<std::tuple<void (*)()> >::_M_invoke<0ul>(std::_Index_tuple<0ul>) (std_thread.h:303)
                 n1: 603979776 0x460BBB: std::thread::_Invoker<std::tuple<void (*)()> >::operator()() (std_thread.h:310)
                  n1: 603979776 0x460B17: std::thread::_State_impl<std::thread::_Invoker<std::tuple<void (*)()> > >::_M_run() (std_thread.h:255)
                   n1: 603979776 0xC1AF3B5: execute_native_thread_routine (thread.cc:105)
                    n1: 603979776 0xC5C7758: start_thread (pthread_create.c:454)
                     n0: 603979776 0xC64B733: clone (clone.S:100)
    n1: 67108864 0xC5D4A89: _int_new_arena (arena.c:637)
     n1: 67108864 0xC5D4A89: arena_get2 (arena.c:856)
      n1: 67108864 0xC5D4A89: arena_get2 (arena.c:817)
       n1: 67108864 0xC5D6F36: __libc_malloc2 (malloc.c:3259)
        n1: 67108864 0xC17E2FB: operator new(unsigned long) (new_op.cc:50)
         n1: 67108864 0x436996: std::__new_allocator<char>::allocate(unsigned long, void const*) (new_allocator.h:162)
          n1: 67108864 0x43E5F2: allocate (allocator.h:206)
           n1: 67108864 0x43E5F2: allocate (alloc_traits.h:638)
            n1: 67108864 0x43E5F2: std::_Vector_base<char, std::allocator<char> >::_M_allocate(unsigned long) (stl_vector.h:389)
             n1: 67108864 0x43B88C: std::_Vector_base<char, std::allocator<char> >::_M_create_storage(unsigned long) (stl_vector.h:407)
              n1: 67108864 0x437F12: std::_Vector_base<char, std::allocator<char> >::_Vector_base(unsigned long, std::allocator<char> const&) (stl_vector.h:341)
               n1: 67108864 0x4340BE: std::vector<char, std::allocator<char> >::vector(unsigned long, std::allocator<char> const&) (stl_vector.h:577)
                n1: 67108864 0x42FBF6: filewatch::FileWatch<std::__cxx11::basic_string<char, std::char_traits<char>, std::allocator<char> > >::monitor_directory() (FileWatch.hpp:617)
                 n1: 67108864 0x42A351: filewatch::FileWatch<std::__cxx11::basic_string<char, std::char_traits<char>, std::allocator<char> > >::init()::{lambda()#2}::operator()() const (FileWatch.hpp:349)
                  n1: 67108864 0x460E06: void std::__invoke_impl<void, filewatch::FileWatch<std::__cxx11::basic_string<char, std::char_traits<char>, std::allocator<char> > >::init()::{lambda()#2}>(std::__invoke_other, filewatch::FileWatch<std::__cxx11::basic_string<char, std::char_traits<char>, std::allocator<char> > >::init()::{lambda()#2}&&) (invoke.h:63)
                   n1: 67108864 0x460D1D: std::__invoke_result<filewatch::FileWatch<std::__cxx11::basic_string<char, std::char_traits<char>, std::allocator<char> > >::init()::{lambda()#2}>::type std::__invoke<filewatch::FileWatch<std::__cxx11::basic_string<char, std::char_traits<char>, std::allocator<char> > >::init()::{lambda()#2}>(filewatch::FileWatch<std::__cxx11::basic_string<char, std::char_traits<char>, std::allocator<char> > >::init()::{lambda()#2}&&) (invoke.h:98)
                    n1: 67108864 0x460C0F: void std::thread::_Invoker<std::tuple<filewatch::FileWatch<std::__cxx11::basic_string<char, std::char_traits<char>, std::allocator<char> > >::init()::{lambda()#2}> >::_M_invoke<0ul>(std::_Index_tuple<0ul>) (std_thread.h:303)
                     n1: 67108864 0x460B69: std::thread::_Invoker<std::tuple<filewatch::FileWatch<std::__cxx11::basic_string<char, std::char_traits<char>, std::allocator<char> > >::init()::{lambda()#2}> >::operator()() (std_thread.h:310)
                      n1: 67108864 0x460987: std::thread::_State_impl<std::thread::_Invoker<std::tuple<filewatch::FileWatch<std::__cxx11::basic_string<char, std::char_traits<char>, std::allocator<char> > >::init()::{lambda()#2}> > >::_M_run() (std_thread.h:255)
                       n1: 67108864 0xC1AF3B5: execute_native_thread_routine (thread.cc:105)
                        n1: 67108864 0xC5C7758: start_thread (pthread_create.c:454)
                         n0: 67108864 0xC64B733: clone (clone.S:100)
   n1: 138039296 0xC5D5CBD: sysmalloc_mmap_fallback (malloc.c:2289)
    n1: 138039296 0xC5D5CBD: sysmalloc (malloc.c:2501)
     n2: 138039296 0xC5D6C17: _int_malloc (malloc.c:4334)
      n2: 91361280 0xC5D6EED: __libc_malloc2 (malloc.c:3261)
       n1: 90312704 0xD46AD81: ??? (in /usr/lib64/libnvidia-glcore.so.595.71.05)
        n2: 90312704 0xD1D01EA: ??? (in /usr/lib64/libnvidia-glcore.so.595.71.05)
         n1: 73400320 0xD1B3595: ??? (in /usr/lib64/libnvidia-glcore.so.595.71.05)
          n2: 73400320 0xD1B3AC1: ??? (in /usr/lib64/libnvidia-glcore.so.595.71.05)
           n1: 58720256 0x473BE0: ChunkRenderer::updateShaderData(glm::vec<3, float, (glm::qualifier)0> const&) (Chunk.cpp:360)
            n1: 58720256 0x4615E9: WorldRenderer::renderChunks(ShaderProgram&, Camera::Frustum const&, glm::vec<3, float, (glm::qualifier)0> const&)::{lambda(ChunkRenderer&)#1}::operator()(ChunkRenderer&) const (WorldRenderer.cpp:64)
             n1: 58720256 0x463438: void std::__invoke_impl<void, WorldRenderer::renderChunks(ShaderProgram&, Camera::Frustum const&, glm::vec<3, float, (glm::qualifier)0> const&)::{lambda(ChunkRenderer&)#1}&, ChunkRenderer&>(std::__invoke_other, WorldRenderer::renderChunks(ShaderProgram&, Camera::Frustum const&, glm::vec<3, float, (glm::qualifier)0> const&)::{lambda(ChunkRenderer&)#1}&, ChunkRenderer&) (invoke.h:63)
              n1: 58720256 0x462F22: std::enable_if<is_invocable_r_v<void, WorldRenderer::renderChunks(ShaderProgram&, Camera::Frustum const&, glm::vec<3, float, (glm::qualifier)0> const&)::{lambda(ChunkRenderer&)#1}&, ChunkRenderer&>, void>::type std::__invoke_r<void, WorldRenderer::renderChunks(ShaderProgram&, Camera::Frustum const&, glm::vec<3, float, (glm::qualifier)0> const&)::{lambda(ChunkRenderer&)#1}&, ChunkRenderer&>(WorldRenderer::renderChunks(ShaderProgram&, Camera::Frustum const&, glm::vec<3, float, (glm::qualifier)0> const&)::{lambda(ChunkRenderer&)#1}&, ChunkRenderer&) (invoke.h:113)
               n1: 58720256 0x462A7C: std::_Function_handler<void (ChunkRenderer&), WorldRenderer::renderChunks(ShaderProgram&, Camera::Frustum const&, glm::vec<3, float, (glm::qualifier)0> const&)::{lambda(ChunkRenderer&)#1}>::_M_invoke(std::_Any_data const&, ChunkRenderer&) (std_function.h:295)
                n1: 58720256 0x466E80: std::function<void (ChunkRenderer&)>::operator()(ChunkRenderer&) const (std_function.h:581)
                 n1: 58720256 0x4652BB: ContiguousStorage<ChunkRenderer, 784ul, glm::vec<3, int, (glm::qualifier)0>, MathHelpers::glmVecLexicoGraphic<int, 3ul> >::forEach(std::function<void (ChunkRenderer&)>) (Helpers.hpp:383)
                  n1: 58720256 0x461A9A: WorldRenderer::renderChunks(ShaderProgram&, Camera::Frustum const&, glm::vec<3, float, (glm::qualifier)0> const&) (WorldRenderer.cpp:59)
                   n0: 58720256 0x40317E: main (main.cpp:422)
           n0: 14680064 in 2 places, all below massif's threshold (1.00%)
         n0: 16912384 in 1 place, below massif's threshold (1.00%)
       n0: 1048576 in 1 place, below massif's threshold (1.00%)
      n2: 46678016 0xC5D6F8E: __libc_malloc2 (malloc.c:3253)
       n2: 42078208 0xD46AD81: ??? (in /usr/lib64/libnvidia-glcore.so.595.71.05)
        n2: 41029632 0xCDA4325: ??? (in /usr/lib64/libnvidia-glcore.so.595.71.05)
         n1: 37748736 0xCDA4441: ??? (in /usr/lib64/libnvidia-glcore.so.595.71.05)
          n0: 37748736 in 12 places, all below massif's threshold (1.00%)
         n0: 3280896 in 1 place, below massif's threshold (1.00%)
        n0: 1048576 in 1 place, below massif's threshold (1.00%)
       n0: 4599808 in 2 places, all below massif's threshold (1.00%)
   n1: 75534336 0xC5C8410: allocate_thread_stack (allocatestack.c:169)
    n1: 75534336 0xC5C8410: allocate_stack (allocatestack.c:508)
     n1: 75534336 0xC5C8410: pthread_create@@GLIBC_2.34 (pthread_create.c:680)
      n1: 75534336 0xC1AF488: __gthread_create (gthr-default.h:709)
       n3: 75534336 0xC1AF488: std::thread::_M_start_thread(std::unique_ptr<std::thread::_State, std::default_delete<std::thread::_State> >, void (*)()) (thread.cc:173)
        n1: 33570816 0x42FA05: std::thread::thread<filewatch::FileWatch<std::__cxx11::basic_string<char, std::char_traits<char>, std::allocator<char> > >::init()::{lambda()#1}, , void>(filewatch::FileWatch<std::__cxx11::basic_string<char, std::char_traits<char>, std::allocator<char> > >::init()::{lambda()#1}&&) (std_thread.h:175)
         n1: 33570816 0x42A3F9: filewatch::FileWatch<std::__cxx11::basic_string<char, std::char_traits<char>, std::allocator<char> > >::init() (FileWatch.hpp:336)
          n1: 33570816 0x422F7B: filewatch::FileWatch<std::__cxx11::basic_string<char, std::char_traits<char>, std::allocator<char> > >::FileWatch(std::__cxx11::basic_string<char, std::char_traits<char>, std::allocator<char> >, std::__cxx11::basic_regex<char, std::__cxx11::regex_traits<char> >, std::function<void (std::__cxx11::basic_string<char, std::char_traits<char>, std::allocator<char> > const&, filewatch::Event)>) (FileWatch.hpp:187)
           n2: 33570816 0x419E1F: filewatch::FileWatch<std::__cxx11::basic_string<char, std::char_traits<char>, std::allocator<char> > >::FileWatch(std::__cxx11::basic_string<char, std::char_traits<char>, std::allocator<char> >, std::function<void (std::__cxx11::basic_string<char, std::char_traits<char>, std::allocator<char> > const&, filewatch::Event)>) (FileWatch.hpp:191)
            n1: 25178112 0x401C7B: auto makeTextureWatcher<main::{lambda(std::__cxx11::basic_string<char, std::char_traits<char>, std::allocator<char> > const&, filewatch::Event)#2}&>(std::__cxx11::basic_string<char, std::char_traits<char>, std::allocator<char> > const&, main::{lambda(std::__cxx11::basic_string<char, std::char_traits<char>, std::allocator<char> > const&, filewatch::Event)#2}&) (main.cpp:162)
             n0: 25178112 in 3 places, all below massif's threshold (1.00%)
            n0: 8392704 in 1 place, below massif's threshold (1.00%)
        n1: 33570816 0x430295: std::thread::thread<filewatch::FileWatch<std::__cxx11::basic_string<char, std::char_traits<char>, std::allocator<char> > >::init()::{lambda()#2}, , void>(filewatch::FileWatch<std::__cxx11::basic_string<char, std::char_traits<char>, std::allocator<char> > >::init()::{lambda()#2}&&) (std_thread.h:175)
         n1: 33570816 0x42A43A: filewatch::FileWatch<std::__cxx11::basic_string<char, std::char_traits<char>, std::allocator<char> > >::init() (FileWatch.hpp:347)
          n1: 33570816 0x422F7B: filewatch::FileWatch<std::__cxx11::basic_string<char, std::char_traits<char>, std::allocator<char> > >::FileWatch(std::__cxx11::basic_string<char, std::char_traits<char>, std::allocator<char> >, std::__cxx11::basic_regex<char, std::__cxx11::regex_traits<char> >, std::function<void (std::__cxx11::basic_string<char, std::char_traits<char>, std::allocator<char> > const&, filewatch::Event)>) (FileWatch.hpp:187)
           n2: 33570816 0x419E1F: filewatch::FileWatch<std::__cxx11::basic_string<char, std::char_traits<char>, std::allocator<char> > >::FileWatch(std::__cxx11::basic_string<char, std::char_traits<char>, std::allocator<char> >, std::function<void (std::__cxx11::basic_string<char, std::char_traits<char>, std::allocator<char> > const&, filewatch::Event)>) (FileWatch.hpp:191)
            n1: 25178112 0x401C7B: auto makeTextureWatcher<main::{lambda(std::__cxx11::basic_string<char, std::char_traits<char>, std::allocator<char> > const&, filewatch::Event)#2}&>(std::__cxx11::basic_string<char, std::char_traits<char>, std::allocator<char> > const&, main::{lambda(std::__cxx11::basic_string<char, std::char_traits<char>, std::allocator<char> > const&, filewatch::Event)#2}&) (main.cpp:162)
             n0: 25178112 in 3 places, all below massif's threshold (1.00%)
            n0: 8392704 in 1 place, below massif's threshold (1.00%)
        n0: 8392704 in 1 place, below massif's threshold (1.00%)
   n2: 26939392 0xDAE1CDA: ??? (in /usr/lib64/libnvidia-glcore.so.595.71.05)
    n2: 26939392 0xD9EB30A: ??? (in /usr/lib64/libnvidia-glcore.so.595.71.05)
     n2: 26869760 0xD51BDF6: ??? (in /usr/lib64/libnvidia-glcore.so.595.71.05)
      n1: 26791936 0xD49D1CA: ??? (in /usr/lib64/libnvidia-glcore.so.595.71.05)
       n0: 26791936 in 3 places, all below massif's threshold (1.00%)
      n0: 77824 in 1 place, below massif's threshold (1.00%)
     n0: 69632 in 2 places, all below massif's threshold (1.00%)
    n0: 0 in 1 place, below massif's threshold (1.00%)
   n0: 15831040 in 6 places, all below massif's threshold (1.00%)
 n1: 254623744 0xB34F85C: __mmap64 (mmap64.c:58)
  n3: 254623744 0xB34F85C: mmap (mmap64.c:46)
   n1: 152305664 0xB332822: _dl_map_segment (dl-map-segments.h:30)
    n1: 152305664 0xB332822: _dl_map_segments (dl-map-segments.h:102)
     n1: 152305664 0xB332822: _dl_map_object_from_fd (dl-load.c:1259)
      n2: 152305664 0xB334008: _dl_map_new_object (dl-load.c:2187)
       n1: 149884928 0xB32DABC: openaux (dl-deps.c:64)
        n1: 149884928 0xB32C728: _dl_catch_exception (dl-catch.c:241)
         n2: 149884928 0xB32DEEE: _dl_map_object_deps (dl-deps.c:232)
          n1: 136835072 0xB337FCF: dl_open_worker_begin (dl-open.c:609)
           n1: 136835072 0xB32C728: _dl_catch_exception (dl-catch.c:241)
            n1: 136835072 0xB337542: dl_open_worker (dl-open.c:762)
             n1: 136835072 0xB32C728: _dl_catch_exception (dl-catch.c:241)
              n1: 136835072 0xB337AA9: _dl_open (dl-open.c:900)
               n1: 136835072 0xC5C3C03: dlopen_doit (dlopen.c:56)
                n1: 136835072 0xB32C728: _dl_catch_exception (dl-catch.c:241)
                 n1: 136835072 0xB32C878: _dl_catch_error (dl-catch.c:260)
                  n1: 136835072 0xC5C36F2: _dlerror_run (dlerror.c:138)
                   n1: 136835072 0xC5C3CBA: dlopen_implementation (dlopen.c:71)
                    n2: 136835072 0xC5C3CBA: dlopen@@GLIBC_2.34 (dlopen.c:81)
                     n1: 135471104 0xBEF6F63: __glXLookupVendorByName.part.0 (libglxmapping.c:428)
                      n1: 135471104 0xBEF7D19: __glXLookupVendorByName (libglxmapping.c:391)
                       n1: 135471104 0xBEF7D19: __glXLookupVendorByScreen.part.0 (libglxmapping.c:572)
                        n1: 135471104 0xBEF8CB1: __glXLookupVendorByScreen (libglxmapping.c:524)
                         n1: 135471104 0xBEF8CB1: __glXGetDynDispatch (libglxmapping.c:610)
                          n1: 135471104 0xBEF8CB1: glXQueryExtensionsString (libglx.c:1473)
                           n1: 135471104 0xC0EB7AC: extensionSupportedGLX (in /home/leo/Cours/S8/HAI819I_moteur_jeux/build/external/glfw/src/libglfw.so.3.4)
                            n1: 135471104 0xC0EBEEA: _glfwInitGLX (in /home/leo/Cours/S8/HAI819I_moteur_jeux/build/external/glfw/src/libglfw.so.3.4)
                             n1: 135471104 0xC0E79BE: _glfwCreateWindowX11 (in /home/leo/Cours/S8/HAI819I_moteur_jeux/build/external/glfw/src/libglfw.so.3.4)
                              n1: 135471104 0xC0D374D: glfwCreateWindow (in /home/leo/Cours/S8/HAI819I_moteur_jeux/build/external/glfw/src/libglfw.so.3.4)
                               n1: 135471104 0x40A1A7: Window::init() (Window.hpp:241)
                                n1: 135471104 0x4012FC: globalInit(Window&) (main.cpp:53)
                                 n0: 135471104 0x401CE1: main (main.cpp:166)
                     n0: 1363968 in 2 places, all below massif's threshold (1.00%)
          n0: 13049856 in 1 place, below massif's threshold (1.00%)
       n0: 2420736 in 2 places, all below massif's threshold (1.00%)
   n1: 100982784 0xB332974: _dl_map_segments (dl-map-segments.h:140)
    n1: 100982784 0xB332974: _dl_map_object_from_fd (dl-load.c:1259)
     n2: 100982784 0xB334008: _dl_map_new_object (dl-load.c:2187)
      n1: 99446784 0xB32DABC: openaux (dl-deps.c:64)
       n1: 99446784 0xB32C728: _dl_catch_exception (dl-catch.c:241)
        n2: 99446784 0xB32DEEE: _dl_map_object_deps (dl-deps.c:232)
         n1: 93831168 0xB337FCF: dl_open_worker_begin (dl-open.c:609)
          n1: 93831168 0xB32C728: _dl_catch_exception (dl-catch.c:241)
           n1: 93831168 0xB337542: dl_open_worker (dl-open.c:762)
            n1: 93831168 0xB32C728: _dl_catch_exception (dl-catch.c:241)
             n1: 93831168 0xB337AA9: _dl_open (dl-open.c:900)
              n1: 93831168 0xC5C3C03: dlopen_doit (dlopen.c:56)
               n1: 93831168 0xB32C728: _dl_catch_exception (dl-catch.c:241)
                n1: 93831168 0xB32C878: _dl_catch_error (dl-catch.c:260)
                 n1: 93831168 0xC5C36F2: _dlerror_run (dlerror.c:138)
                  n1: 93831168 0xC5C3CBA: dlopen_implementation (dlopen.c:71)
                   n2: 93831168 0xC5C3CBA: dlopen@@GLIBC_2.34 (dlopen.c:81)
                    n1: 93372416 0xBEF6F63: __glXLookupVendorByName.part.0 (libglxmapping.c:428)
                     n1: 93372416 0xBEF7D19: __glXLookupVendorByName (libglxmapping.c:391)
                      n1: 93372416 0xBEF7D19: __glXLookupVendorByScreen.part.0 (libglxmapping.c:572)
                       n1: 93372416 0xBEF8CB1: __glXLookupVendorByScreen (libglxmapping.c:524)
                        n1: 93372416 0xBEF8CB1: __glXGetDynDispatch (libglxmapping.c:610)
                         n1: 93372416 0xBEF8CB1: glXQueryExtensionsString (libglx.c:1473)
                          n1: 93372416 0xC0EB7AC: extensionSupportedGLX (in /home/leo/Cours/S8/HAI819I_moteur_jeux/build/external/glfw/src/libglfw.so.3.4)
                           n1: 93372416 0xC0EBEEA: _glfwInitGLX (in /home/leo/Cours/S8/HAI819I_moteur_jeux/build/external/glfw/src/libglfw.so.3.4)
                            n1: 93372416 0xC0E79BE: _glfwCreateWindowX11 (in /home/leo/Cours/S8/HAI819I_moteur_jeux/build/external/glfw/src/libglfw.so.3.4)
                             n1: 93372416 0xC0D374D: glfwCreateWindow (in /home/leo/Cours/S8/HAI819I_moteur_jeux/build/external/glfw/src/libglfw.so.3.4)
                              n1: 93372416 0x40A1A7: Window::init() (Window.hpp:241)
                               n1: 93372416 0x4012FC: globalInit(Window&) (main.cpp:53)
                                n0: 93372416 0x401CE1: main (main.cpp:166)
                    n0: 458752 in 2 places, all below massif's threshold (1.00%)
         n0: 5615616 in 1 place, below massif's threshold (1.00%)
      n0: 1536000 in 2 places, all below massif's threshold (1.00%)
   n0: 1335296 in 3 places, all below massif's threshold (1.00%)
 n0: 183943168 0x0: ???
 n0: 8376320 in 3 places, all below massif's threshold (1.00%)
#-----------
snapshot=20
#-----------
time=68506714004
mem_heap_B=2382057472
mem_heap_extra_B=0
mem_stacks_B=0
heap_tree=empty
#-----------
snapshot=21
#-----------
time=74608458862
mem_heap_B=2383106048
mem_heap_extra_B=0
mem_stacks_B=0
heap_tree=empty
#-----------
snapshot=22
#-----------
time=77302092587
mem_heap_B=2475380736
mem_heap_extra_B=0
mem_stacks_B=0
heap_tree=empty
#-----------
snapshot=23
#-----------
time=80387414736
mem_heap_B=2609598464
mem_heap_extra_B=0
mem_stacks_B=0
heap_tree=empty
#-----------
snapshot=24
#-----------
time=83485312901
mem_heap_B=2743816192
mem_heap_extra_B=0
mem_stacks_B=0
heap_tree=empty
#-----------
snapshot=25
#-----------
time=86033911453
mem_heap_B=2744864768
mem_heap_extra_B=0
mem_stacks_B=0
heap_tree=empty
#-----------
snapshot=26
#-----------
time=88693481231
mem_heap_B=2745913344
mem_heap_extra_B=0
mem_stacks_B=0
heap_tree=empty
#-----------
snapshot=27
#-----------
time=91751340546
mem_heap_B=2746961920
mem_heap_extra_B=0
mem_stacks_B=0
heap_tree=empty
#-----------
snapshot=28
#-----------
time=94809433681
mem_heap_B=2903199744
mem_heap_extra_B=0
mem_stacks_B=0
heap_tree=detailed
n4: 2903199744 (page allocation syscalls) mmap/mremap/brk, --alloc-fns, etc.
 n1: 2456256512 0xC647B7C: __mmap64 (mmap64.c:58)
  n5: 2456256512 0xC647B7C: mmap (mmap64.c:46)
   n2: 1275068416 0xC5D45C6: alloc_new_heap (arena.c:405)
    n1: 1006632960 0xC5D58FB: sysmalloc (malloc.c:2395)
     n1: 1006632960 0xC5D6C17: _int_malloc (malloc.c:4334)
      n1: 1006632960 0xC5D6EED: __libc_malloc2 (malloc.c:3261)
       n1: 1006632960 0xC17E2FB: operator new(unsigned long) (new_op.cc:50)
        n1: 1006632960 0x46F3E0: std::__detail::_MakeUniq<std::array<Chunk, 7ul> >::__single_object std::make_unique<std::array<Chunk, 7ul>>() (unique_ptr.h:1105)
         n1: 1006632960 0x46E643: Chunk& ContiguousStorage<Chunk, 16777216ul, glm::vec<3, int, (glm::qualifier)0>, MathHelpers::glmVecLexicoGraphic<int, 3ul> >::emplace<World*, glm::vec<3, int, (glm::qualifier)0> const&, GenType&>(glm::vec<3, int, (glm::qualifier)0>, World*&&, glm::vec<3, int, (glm::qualifier)0> const&, GenType&) (Helpers.hpp:320)
          n1: 1006632960 0x46D041: World::addChunk(glm::vec<3, int, (glm::qualifier)0> const&) (World.cpp:27)
           n1: 1006632960 0x46DA55: World::generate(std::vector<glm::vec<3, float, (glm::qualifier)0>, std::allocator<glm::vec<3, float, (glm::qualifier)0> > > const&) (World.cpp:132)
            n1: 1006632960 0x46DB3A: World::selfUpdate(std::vector<glm::vec<3, float, (glm::qualifier)0>, std::allocator<glm::vec<3, float, (glm::qualifier)0> > > const&) (World.cpp:141)
             n1: 1006632960 0x401559: worldThread() (main.cpp:137)
              n1: 1006632960 0x460E7D: void std::__invoke_impl<void, void (*)()>(std::__invoke_other, void (*&&)()) (invoke.h:63)
               n1: 1006632960 0x460DC9: std::__invoke_result<void (*)()>::type std::__invoke<void (*)()>(void (*&&)()) (invoke.h:98)
                n1: 1006632960 0x460C81: void std::thread::_Invoker<std::tuple<void (*)()> >::_M_invoke<0ul>(std::_Index_tuple<0ul>) (std_thread.h:303)
                 n1: 1006632960 0x460BBB: std::thread::_Invoker<std::tuple<void (*)()> >::operator()() (std_thread.h:310)
                  n1: 1006632960 0x460B17: std::thread::_State_impl<std::thread::_Invoker<std::tuple<void (*)()> > >::_M_run() (std_thread.h:255)
                   n1: 1006632960 0xC1AF3B5: execute_native_thread_routine (thread.cc:105)
                    n1: 1006632960 0xC5C7758: start_thread (pthread_create.c:454)
                     n0: 1006632960 0xC64B733: clone (clone.S:100)
    n1: 268435456 0xC5D4A89: _int_new_arena (arena.c:637)
     n1: 268435456 0xC5D4A89: arena_get2 (arena.c:856)
      n1: 268435456 0xC5D4A89: arena_get2 (arena.c:817)
       n1: 268435456 0xC5D6F36: __libc_malloc2 (malloc.c:3259)
        n2: 268435456 0xC17E2FB: operator new(unsigned long) (new_op.cc:50)
         n1: 201326592 0x436996: std::__new_allocator<char>::allocate(unsigned long, void const*) (new_allocator.h:162)
          n1: 201326592 0x43E5F2: allocate (allocator.h:206)
           n1: 201326592 0x43E5F2: allocate (alloc_traits.h:638)
            n1: 201326592 0x43E5F2: std::_Vector_base<char, std::allocator<char> >::_M_allocate(unsigned long) (stl_vector.h:389)
             n1: 201326592 0x43B88C: std::_Vector_base<char, std::allocator<char> >::_M_create_storage(unsigned long) (stl_vector.h:407)
              n1: 201326592 0x437F12: std::_Vector_base<char, std::allocator<char> >::_Vector_base(unsigned long, std::allocator<char> const&) (stl_vector.h:341)
               n1: 201326592 0x4340BE: std::vector<char, std::allocator<char> >::vector(unsigned long, std::allocator<char> const&) (stl_vector.h:577)
                n1: 201326592 0x42FBF6: filewatch::FileWatch<std::__cxx11::basic_string<char, std::char_traits<char>, std::allocator<char> > >::monitor_directory() (FileWatch.hpp:617)
                 n1: 201326592 0x42A351: filewatch::FileWatch<std::__cxx11::basic_string<char, std::char_traits<char>, std::allocator<char> > >::init()::{lambda()#2}::operator()() const (FileWatch.hpp:349)
                  n1: 201326592 0x460E06: void std::__invoke_impl<void, filewatch::FileWatch<std::__cxx11::basic_string<char, std::char_traits<char>, std::allocator<char> > >::init()::{lambda()#2}>(std::__invoke_other, filewatch::FileWatch<std::__cxx11::basic_string<char, std::char_traits<char>, std::allocator<char> > >::init()::{lambda()#2}&&) (invoke.h:63)
                   n1: 201326592 0x460D1D: std::__invoke_result<filewatch::FileWatch<std::__cxx11::basic_string<char, std::char_traits<char>, std::allocator<char> > >::init()::{lambda()#2}>::type std::__invoke<filewatch::FileWatch<std::__cxx11::basic_string<char, std::char_traits<char>, std::allocator<char> > >::init()::{lambda()#2}>(filewatch::FileWatch<std::__cxx11::basic_string<char, std::char_traits<char>, std::allocator<char> > >::init()::{lambda()#2}&&) (invoke.h:98)
                    n1: 201326592 0x460C0F: void std::thread::_Invoker<std::tuple<filewatch::FileWatch<std::__cxx11::basic_string<char, std::char_traits<char>, std::allocator<char> > >::init()::{lambda()#2}> >::_M_invoke<0ul>(std::_Index_tuple<0ul>) (std_thread.h:303)
                     n1: 201326592 0x460B69: std::thread::_Invoker<std::tuple<filewatch::FileWatch<std::__cxx11::basic_string<char, std::char_traits<char>, std::allocator<char> > >::init()::{lambda()#2}> >::operator()() (std_thread.h:310)
                      n1: 201326592 0x460987: std::thread::_State_impl<std::thread::_Invoker<std::tuple<filewatch::FileWatch<std::__cxx11::basic_string<char, std::char_traits<char>, std::allocator<char> > >::init()::{lambda()#2}> > >::_M_run() (std_thread.h:255)
                       n1: 201326592 0xC1AF3B5: execute_native_thread_routine (thread.cc:105)
                        n1: 201326592 0xC5C7758: start_thread (pthread_create.c:454)
                         n0: 201326592 0xC64B733: clone (clone.S:100)
         n1: 67108864 0x43188E: std::__new_allocator<glm::vec<3, float, (glm::qualifier)0> >::allocate(unsigned long, void const*) (new_allocator.h:162)
          n1: 67108864 0x41EE5A: allocate (allocator.h:206)
           n1: 67108864 0x41EE5A: allocate (alloc_traits.h:638)
            n1: 67108864 0x41EE5A: std::_Vector_base<glm::vec<3, float, (glm::qualifier)0>, std::allocator<glm::vec<3, float, (glm::qualifier)0> > >::_M_allocate(unsigned long) (stl_vector.h:389)
             n1: 67108864 0x421E4D: glm::vec<3, float, (glm::qualifier)0>* std::vector<glm::vec<3, float, (glm::qualifier)0>, std::allocator<glm::vec<3, float, (glm::qualifier)0> > >::_M_allocate_and_copy<__gnu_cxx::__normal_iterator<glm::vec<3, float, (glm::qualifier)0> const*, std::vector<glm::vec<3, float, (glm::qualifier)0>, std::allocator<glm::vec<3, float, (glm::qualifier)0> > > > >(unsigned long, __gnu_cxx::__normal_iterator<glm::vec<3, float, (glm::qualifier)0> const*, std::vector<glm::vec<3, float, (glm::qualifier)0>, std::allocator<glm::vec<3, float, (glm::qualifier)0> > > >, __gnu_cxx::__normal_iterator<glm::vec<3, float, (glm::qualifier)0> const*, std::vector<glm::vec<3, float, (glm::qualifier)0>, std::allocator<glm::vec<3, float, (glm::qualifier)0> > > >) (stl_vector.h:1900)
              n1: 67108864 0x418DC7: std::vector<glm::vec<3, float, (glm::qualifier)0>, std::allocator<glm::vec<3, float, (glm::qualifier)0> > >::operator=(std::vector<glm::vec<3, float, (glm::qualifier)0>, std::allocator<glm::vec<3, float, (glm::qualifier)0> > > const&) (vector.tcc:242)
               n1: 67108864 0x401482: worldThread() (main.cpp:123)
                n1: 67108864 0x460E7D: void std::__invoke_impl<void, void (*)()>(std::__invoke_other, void (*&&)()) (invoke.h:63)
                 n1: 67108864 0x460DC9: std::__invoke_result<void (*)()>::type std::__invoke<void (*)()>(void (*&&)()) (invoke.h:98)
                  n1: 67108864 0x460C81: void std::thread::_Invoker<std::tuple<void (*)()> >::_M_invoke<0ul>(std::_Index_tuple<0ul>) (std_thread.h:303)
                   n1: 67108864 0x460BBB: std::thread::_Invoker<std::tuple<void (*)()> >::operator()() (std_thread.h:310)
                    n1: 67108864 0x460B17: std::thread::_State_impl<std::thread::_Invoker<std::tuple<void (*)()> > >::_M_run() (std_thread.h:255)
                     n1: 67108864 0xC1AF3B5: execute_native_thread_routine (thread.cc:105)
                      n1: 67108864 0xC5C7758: start_thread (pthread_create.c:454)
                       n0: 67108864 0xC64B733: clone (clone.S:100)
   n2: 872415232 0xC5D44D5: alloc_new_heap (arena.c:395)
    n1: 805306368 0xC5D58FB: sysmalloc (malloc.c:2395)
     n1: 805306368 0xC5D6C17: _int_malloc (malloc.c:4334)
      n1: 805306368 0xC5D6EED: __libc_malloc2 (malloc.c:3261)
       n1: 805306368 0xC17E2FB: operator new(unsigned long) (new_op.cc:50)
        n1: 805306368 0x46F3E0: std::__detail::_MakeUniq<std::array<Chunk, 7ul> >::__single_object std::make_unique<std::array<Chunk, 7ul>>() (unique_ptr.h:1105)
         n1: 805306368 0x46E643: Chunk& ContiguousStorage<Chunk, 16777216ul, glm::vec<3, int, (glm::qualifier)0>, MathHelpers::glmVecLexicoGraphic<int, 3ul> >::emplace<World*, glm::vec<3, int, (glm::qualifier)0> const&, GenType&>(glm::vec<3, int, (glm::qualifier)0>, World*&&, glm::vec<3, int, (glm::qualifier)0> const&, GenType&) (Helpers.hpp:320)
          n1: 805306368 0x46D041: World::addChunk(glm::vec<3, int, (glm::qualifier)0> const&) (World.cpp:27)
           n1: 805306368 0x46DA55: World::generate(std::vector<glm::vec<3, float, (glm::qualifier)0>, std::allocator<glm::vec<3, float, (glm::qualifier)0> > > const&) (World.cpp:132)
            n1: 805306368 0x46DB3A: World::selfUpdate(std::vector<glm::vec<3, float, (glm::qualifier)0>, std::allocator<glm::vec<3, float, (glm::qualifier)0> > > const&) (World.cpp:141)
             n1: 805306368 0x401559: worldThread() (main.cpp:137)
              n1: 805306368 0x460E7D: void std::__invoke_impl<void, void (*)()>(std::__invoke_other, void (*&&)()) (invoke.h:63)
               n1: 805306368 0x460DC9: std::__invoke_result<void (*)()>::type std::__invoke<void (*)()>(void (*&&)()) (invoke.h:98)
                n1: 805306368 0x460C81: void std::thread::_Invoker<std::tuple<void (*)()> >::_M_invoke<0ul>(std::_Index_tuple<0ul>) (std_thread.h:303)
                 n1: 805306368 0x460BBB: std::thread::_Invoker<std::tuple<void (*)()> >::operator()() (std_thread.h:310)
                  n1: 805306368 0x460B17: std::thread::_State_impl<std::thread::_Invoker<std::tuple<void (*)()> > >::_M_run() (std_thread.h:255)
                   n1: 805306368 0xC1AF3B5: execute_native_thread_routine (thread.cc:105)
                    n1: 805306368 0xC5C7758: start_thread (pthread_create.c:454)
                     n0: 805306368 0xC64B733: clone (clone.S:100)
    n1: 67108864 0xC5D4A89: _int_new_arena (arena.c:637)
     n1: 67108864 0xC5D4A89: arena_get2 (arena.c:856)
      n1: 67108864 0xC5D4A89: arena_get2 (arena.c:817)
       n1: 67108864 0xC5D6F36: __libc_malloc2 (malloc.c:3259)
        n1: 67108864 0xC17E2FB: operator new(unsigned long) (new_op.cc:50)
         n1: 67108864 0x436996: std::__new_allocator<char>::allocate(unsigned long, void const*) (new_allocator.h:162)
          n1: 67108864 0x43E5F2: allocate (allocator.h:206)
           n1: 67108864 0x43E5F2: allocate (alloc_traits.h:638)
            n1: 67108864 0x43E5F2: std::_Vector_base<char, std::allocator<char> >::_M_allocate(unsigned long) (stl_vector.h:389)
             n1: 67108864 0x43B88C: std::_Vector_base<char, std::allocator<char> >::_M_create_storage(unsigned long) (stl_vector.h:407)
              n1: 67108864 0x437F12: std::_Vector_base<char, std::allocator<char> >::_Vector_base(unsigned long, std::allocator<char> const&) (stl_vector.h:341)
               n1: 67108864 0x4340BE: std::vector<char, std::allocator<char> >::vector(unsigned long, std::allocator<char> const&) (stl_vector.h:577)
                n1: 67108864 0x42FBF6: filewatch::FileWatch<std::__cxx11::basic_string<char, std::char_traits<char>, std::allocator<char> > >::monitor_directory() (FileWatch.hpp:617)
                 n1: 67108864 0x42A351: filewatch::FileWatch<std::__cxx11::basic_string<char, std::char_traits<char>, std::allocator<char> > >::init()::{lambda()#2}::operator()() const (FileWatch.hpp:349)
                  n1: 67108864 0x460E06: void std::__invoke_impl<void, filewatch::FileWatch<std::__cxx11::basic_string<char, std::char_traits<char>, std::allocator<char> > >::init()::{lambda()#2}>(std::__invoke_other, filewatch::FileWatch<std::__cxx11::basic_string<char, std::char_traits<char>, std::allocator<char> > >::init()::{lambda()#2}&&) (invoke.h:63)
                   n1: 67108864 0x460D1D: std::__invoke_result<filewatch::FileWatch<std::__cxx11::basic_string<char, std::char_traits<char>, std::allocator<char> > >::init()::{lambda()#2}>::type std::__invoke<filewatch::FileWatch<std::__cxx11::basic_string<char, std::char_traits<char>, std::allocator<char> > >::init()::{lambda()#2}>(filewatch::FileWatch<std::__cxx11::basic_string<char, std::char_traits<char>, std::allocator<char> > >::init()::{lambda()#2}&&) (invoke.h:98)
                    n1: 67108864 0x460C0F: void std::thread::_Invoker<std::tuple<filewatch::FileWatch<std::__cxx11::basic_string<char, std::char_traits<char>, std::allocator<char> > >::init()::{lambda()#2}> >::_M_invoke<0ul>(std::_Index_tuple<0ul>) (std_thread.h:303)
                     n1: 67108864 0x460B69: std::thread::_Invoker<std::tuple<filewatch::FileWatch<std::__cxx11::basic_string<char, std::char_traits<char>, std::allocator<char> > >::init()::{lambda()#2}> >::operator()() (std_thread.h:310)
                      n1: 67108864 0x460987: std::thread::_State_impl<std::thread::_Invoker<std::tuple<filewatch::FileWatch<std::__cxx11::basic_string<char, std::char_traits<char>, std::allocator<char> > >::init()::{lambda()#2}> > >::_M_run() (std_thread.h:255)
                       n1: 67108864 0xC1AF3B5: execute_native_thread_routine (thread.cc:105)
                        n1: 67108864 0xC5C7758: start_thread (pthread_create.c:454)
                         n0: 67108864 0xC64B733: clone (clone.S:100)
   n1: 190468096 0xC5D5CBD: sysmalloc_mmap_fallback (malloc.c:2289)
    n1: 190468096 0xC5D5CBD: sysmalloc (malloc.c:2501)
     n2: 190468096 0xC5D6C17: _int_malloc (malloc.c:4334)
      n2: 143790080 0xC5D6EED: __libc_malloc2 (malloc.c:3261)
       n1: 140644352 0xD46AD81: ??? (in /usr/lib64/libnvidia-glcore.so.595.71.05)
        n2: 140644352 0xD1D01EA: ??? (in /usr/lib64/libnvidia-glcore.so.595.71.05)
         n1: 123731968 0xD1B3595: ??? (in /usr/lib64/libnvidia-glcore.so.595.71.05)
          n2: 123731968 0xD1B3AC1: ??? (in /usr/lib64/libnvidia-glcore.so.595.71.05)
           n1: 102760448 0x473BE0: ChunkRenderer::updateShaderData(glm::vec<3, float, (glm::qualifier)0> const&) (Chunk.cpp:360)
            n1: 102760448 0x4615E9: WorldRenderer::renderChunks(ShaderProgram&, Camera::Frustum const&, glm::vec<3, float, (glm::qualifier)0> const&)::{lambda(ChunkRenderer&)#1}::operator()(ChunkRenderer&) const (WorldRenderer.cpp:64)
             n1: 102760448 0x463438: void std::__invoke_impl<void, WorldRenderer::renderChunks(ShaderProgram&, Camera::Frustum const&, glm::vec<3, float, (glm::qualifier)0> const&)::{lambda(ChunkRenderer&)#1}&, ChunkRenderer&>(std::__invoke_other, WorldRenderer::renderChunks(ShaderProgram&, Camera::Frustum const&, glm::vec<3, float, (glm::qualifier)0> const&)::{lambda(ChunkRenderer&)#1}&, ChunkRenderer&) (invoke.h:63)
              n1: 102760448 0x462F22: std::enable_if<is_invocable_r_v<void, WorldRenderer::renderChunks(ShaderProgram&, Camera::Frustum const&, glm::vec<3, float, (glm::qualifier)0> const&)::{lambda(ChunkRenderer&)#1}&, ChunkRenderer&>, void>::type std::__invoke_r<void, WorldRenderer::renderChunks(ShaderProgram&, Camera::Frustum const&, glm::vec<3, float, (glm::qualifier)0> const&)::{lambda(ChunkRenderer&)#1}&, ChunkRenderer&>(WorldRenderer::renderChunks(ShaderProgram&, Camera::Frustum const&, glm::vec<3, float, (glm::qualifier)0> const&)::{lambda(ChunkRenderer&)#1}&, ChunkRenderer&) (invoke.h:113)
               n1: 102760448 0x462A7C: std::_Function_handler<void (ChunkRenderer&), WorldRenderer::renderChunks(ShaderProgram&, Camera::Frustum const&, glm::vec<3, float, (glm::qualifier)0> const&)::{lambda(ChunkRenderer&)#1}>::_M_invoke(std::_Any_data const&, ChunkRenderer&) (std_function.h:295)
                n1: 102760448 0x466E80: std::function<void (ChunkRenderer&)>::operator()(ChunkRenderer&) const (std_function.h:581)
                 n1: 102760448 0x4652BB: ContiguousStorage<ChunkRenderer, 784ul, glm::vec<3, int, (glm::qualifier)0>, MathHelpers::glmVecLexicoGraphic<int, 3ul> >::forEach(std::function<void (ChunkRenderer&)>) (Helpers.hpp:383)
                  n1: 102760448 0x461A9A: WorldRenderer::renderChunks(ShaderProgram&, Camera::Frustum const&, glm::vec<3, float, (glm::qualifier)0> const&) (WorldRenderer.cpp:59)
                   n0: 102760448 0x40317E: main (main.cpp:422)
           n0: 20971520 in 2 places, all below massif's threshold (1.00%)
         n0: 16912384 in 1 place, below massif's threshold (1.00%)
       n0: 3145728 in 1 place, below massif's threshold (1.00%)
      n2: 46678016 0xC5D6F8E: __libc_malloc2 (malloc.c:3253)
       n2: 42078208 0xD46AD81: ??? (in /usr/lib64/libnvidia-glcore.so.595.71.05)
        n2: 41029632 0xCDA4325: ??? (in /usr/lib64/libnvidia-glcore.so.595.71.05)
         n1: 37748736 0xCDA4441: ??? (in /usr/lib64/libnvidia-glcore.so.595.71.05)
          n0: 37748736 in 12 places, all below massif's threshold (1.00%)
         n0: 3280896 in 1 place, below massif's threshold (1.00%)
        n0: 1048576 in 1 place, below massif's threshold (1.00%)
       n0: 4599808 in 2 places, all below massif's threshold (1.00%)
   n1: 75534336 0xC5C8410: allocate_thread_stack (allocatestack.c:169)
    n1: 75534336 0xC5C8410: allocate_stack (allocatestack.c:508)
     n1: 75534336 0xC5C8410: pthread_create@@GLIBC_2.34 (pthread_create.c:680)
      n1: 75534336 0xC1AF488: __gthread_create (gthr-default.h:709)
       n3: 75534336 0xC1AF488: std::thread::_M_start_thread(std::unique_ptr<std::thread::_State, std::default_delete<std::thread::_State> >, void (*)()) (thread.cc:173)
        n1: 33570816 0x42FA05: std::thread::thread<filewatch::FileWatch<std::__cxx11::basic_string<char, std::char_traits<char>, std::allocator<char> > >::init()::{lambda()#1}, , void>(filewatch::FileWatch<std::__cxx11::basic_string<char, std::char_traits<char>, std::allocator<char> > >::init()::{lambda()#1}&&) (std_thread.h:175)
         n1: 33570816 0x42A3F9: filewatch::FileWatch<std::__cxx11::basic_string<char, std::char_traits<char>, std::allocator<char> > >::init() (FileWatch.hpp:336)
          n1: 33570816 0x422F7B: filewatch::FileWatch<std::__cxx11::basic_string<char, std::char_traits<char>, std::allocator<char> > >::FileWatch(std::__cxx11::basic_string<char, std::char_traits<char>, std::allocator<char> >, std::__cxx11::basic_regex<char, std::__cxx11::regex_traits<char> >, std::function<void (std::__cxx11::basic_string<char, std::char_traits<char>, std::allocator<char> > const&, filewatch::Event)>) (FileWatch.hpp:187)
           n1: 33570816 0x419E1F: filewatch::FileWatch<std::__cxx11::basic_string<char, std::char_traits<char>, std::allocator<char> > >::FileWatch(std::__cxx11::basic_string<char, std::char_traits<char>, std::allocator<char> >, std::function<void (std::__cxx11::basic_string<char, std::char_traits<char>, std::allocator<char> > const&, filewatch::Event)>) (FileWatch.hpp:191)
            n0: 33570816 in 2 places, all below massif's threshold (1.00%)
        n1: 33570816 0x430295: std::thread::thread<filewatch::FileWatch<std::__cxx11::basic_string<char, std::char_traits<char>, std::allocator<char> > >::init()::{lambda()#2}, , void>(filewatch::FileWatch<std::__cxx11::basic_string<char, std::char_traits<char>, std::allocator<char> > >::init()::{lambda()#2}&&) (std_thread.h:175)
         n1: 33570816 0x42A43A: filewatch::FileWatch<std::__cxx11::basic_string<char, std::char_traits<char>, std::allocator<char> > >::init() (FileWatch.hpp:347)
          n1: 33570816 0x422F7B: filewatch::FileWatch<std::__cxx11::basic_string<char, std::char_traits<char>, std::allocator<char> > >::FileWatch(std::__cxx11::basic_string<char, std::char_traits<char>, std::allocator<char> >, std::__cxx11::basic_regex<char, std::__cxx11::regex_traits<char> >, std::function<void (std::__cxx11::basic_string<char, std::char_traits<char>, std::allocator<char> > const&, filewatch::Event)>) (FileWatch.hpp:187)
           n1: 33570816 0x419E1F: filewatch::FileWatch<std::__cxx11::basic_string<char, std::char_traits<char>, std::allocator<char> > >::FileWatch(std::__cxx11::basic_string<char, std::char_traits<char>, std::allocator<char> >, std::function<void (std::__cxx11::basic_string<char, std::char_traits<char>, std::allocator<char> > const&, filewatch::Event)>) (FileWatch.hpp:191)
            n0: 33570816 in 2 places, all below massif's threshold (1.00%)
        n0: 8392704 in 1 place, below massif's threshold (1.00%)
   n0: 42770432 in 7 places, all below massif's threshold (1.00%)
 n1: 254623744 0xB34F85C: __mmap64 (mmap64.c:58)
  n3: 254623744 0xB34F85C: mmap (mmap64.c:46)
   n1: 152305664 0xB332822: _dl_map_segment (dl-map-segments.h:30)
    n1: 152305664 0xB332822: _dl_map_segments (dl-map-segments.h:102)
     n1: 152305664 0xB332822: _dl_map_object_from_fd (dl-load.c:1259)
      n2: 152305664 0xB334008: _dl_map_new_object (dl-load.c:2187)
       n1: 149884928 0xB32DABC: openaux (dl-deps.c:64)
        n1: 149884928 0xB32C728: _dl_catch_exception (dl-catch.c:241)
         n2: 149884928 0xB32DEEE: _dl_map_object_deps (dl-deps.c:232)
          n1: 136835072 0xB337FCF: dl_open_worker_begin (dl-open.c:609)
           n1: 136835072 0xB32C728: _dl_catch_exception (dl-catch.c:241)
            n1: 136835072 0xB337542: dl_open_worker (dl-open.c:762)
             n1: 136835072 0xB32C728: _dl_catch_exception (dl-catch.c:241)
              n1: 136835072 0xB337AA9: _dl_open (dl-open.c:900)
               n1: 136835072 0xC5C3C03: dlopen_doit (dlopen.c:56)
                n1: 136835072 0xB32C728: _dl_catch_exception (dl-catch.c:241)
                 n1: 136835072 0xB32C878: _dl_catch_error (dl-catch.c:260)
                  n1: 136835072 0xC5C36F2: _dlerror_run (dlerror.c:138)
                   n1: 136835072 0xC5C3CBA: dlopen_implementation (dlopen.c:71)
                    n2: 136835072 0xC5C3CBA: dlopen@@GLIBC_2.34 (dlopen.c:81)
                     n1: 135471104 0xBEF6F63: __glXLookupVendorByName.part.0 (libglxmapping.c:428)
                      n1: 135471104 0xBEF7D19: __glXLookupVendorByName (libglxmapping.c:391)
                       n1: 135471104 0xBEF7D19: __glXLookupVendorByScreen.part.0 (libglxmapping.c:572)
                        n1: 135471104 0xBEF8CB1: __glXLookupVendorByScreen (libglxmapping.c:524)
                         n1: 135471104 0xBEF8CB1: __glXGetDynDispatch (libglxmapping.c:610)
                          n1: 135471104 0xBEF8CB1: glXQueryExtensionsString (libglx.c:1473)
                           n1: 135471104 0xC0EB7AC: extensionSupportedGLX (in /home/leo/Cours/S8/HAI819I_moteur_jeux/build/external/glfw/src/libglfw.so.3.4)
                            n1: 135471104 0xC0EBEEA: _glfwInitGLX (in /home/leo/Cours/S8/HAI819I_moteur_jeux/build/external/glfw/src/libglfw.so.3.4)
                             n1: 135471104 0xC0E79BE: _glfwCreateWindowX11 (in /home/leo/Cours/S8/HAI819I_moteur_jeux/build/external/glfw/src/libglfw.so.3.4)
                              n1: 135471104 0xC0D374D: glfwCreateWindow (in /home/leo/Cours/S8/HAI819I_moteur_jeux/build/external/glfw/src/libglfw.so.3.4)
                               n1: 135471104 0x40A1A7: Window::init() (Window.hpp:241)
                                n1: 135471104 0x4012FC: globalInit(Window&) (main.cpp:53)
                                 n0: 135471104 0x401CE1: main (main.cpp:166)
                     n0: 1363968 in 2 places, all below massif's threshold (1.00%)
          n0: 13049856 in 1 place, below massif's threshold (1.00%)
       n0: 2420736 in 2 places, all below massif's threshold (1.00%)
   n1: 100982784 0xB332974: _dl_map_segments (dl-map-segments.h:140)
    n1: 100982784 0xB332974: _dl_map_object_from_fd (dl-load.c:1259)
     n2: 100982784 0xB334008: _dl_map_new_object (dl-load.c:2187)
      n1: 99446784 0xB32DABC: openaux (dl-deps.c:64)
       n1: 99446784 0xB32C728: _dl_catch_exception (dl-catch.c:241)
        n2: 99446784 0xB32DEEE: _dl_map_object_deps (dl-deps.c:232)
         n1: 93831168 0xB337FCF: dl_open_worker_begin (dl-open.c:609)
          n1: 93831168 0xB32C728: _dl_catch_exception (dl-catch.c:241)
           n1: 93831168 0xB337542: dl_open_worker (dl-open.c:762)
            n1: 93831168 0xB32C728: _dl_catch_exception (dl-catch.c:241)
             n1: 93831168 0xB337AA9: _dl_open (dl-open.c:900)
              n1: 93831168 0xC5C3C03: dlopen_doit (dlopen.c:56)
               n1: 93831168 0xB32C728: _dl_catch_exception (dl-catch.c:241)
                n1: 93831168 0xB32C878: _dl_catch_error (dl-catch.c:260)
                 n1: 93831168 0xC5C36F2: _dlerror_run (dlerror.c:138)
                  n1: 93831168 0xC5C3CBA: dlopen_implementation (dlopen.c:71)
                   n2: 93831168 0xC5C3CBA: dlopen@@GLIBC_2.34 (dlopen.c:81)
                    n1: 93372416 0xBEF6F63: __glXLookupVendorByName.part.0 (libglxmapping.c:428)
                     n1: 93372416 0xBEF7D19: __glXLookupVendorByName (libglxmapping.c:391)
                      n1: 93372416 0xBEF7D19: __glXLookupVendorByScreen.part.0 (libglxmapping.c:572)
                       n1: 93372416 0xBEF8CB1: __glXLookupVendorByScreen (libglxmapping.c:524)
                        n1: 93372416 0xBEF8CB1: __glXGetDynDispatch (libglxmapping.c:610)
                         n1: 93372416 0xBEF8CB1: glXQueryExtensionsString (libglx.c:1473)
                          n1: 93372416 0xC0EB7AC: extensionSupportedGLX (in /home/leo/Cours/S8/HAI819I_moteur_jeux/build/external/glfw/src/libglfw.so.3.4)
                           n1: 93372416 0xC0EBEEA: _glfwInitGLX (in /home/leo/Cours/S8/HAI819I_moteur_jeux/build/external/glfw/src/libglfw.so.3.4)
                            n1: 93372416 0xC0E79BE: _glfwCreateWindowX11 (in /home/leo/Cours/S8/HAI819I_moteur_jeux/build/external/glfw/src/libglfw.so.3.4)
                             n1: 93372416 0xC0D374D: glfwCreateWindow (in /home/leo/Cours/S8/HAI819I_moteur_jeux/build/external/glfw/src/libglfw.so.3.4)
                              n1: 93372416 0x40A1A7: Window::init() (Window.hpp:241)
                               n1: 93372416 0x4012FC: globalInit(Window&) (main.cpp:53)
                                n0: 93372416 0x401CE1: main (main.cpp:166)
                    n0: 458752 in 2 places, all below massif's threshold (1.00%)
         n0: 5615616 in 1 place, below massif's threshold (1.00%)
      n0: 1536000 in 2 places, all below massif's threshold (1.00%)
   n0: 1335296 in 3 places, all below massif's threshold (1.00%)
 n0: 183943168 0x0: ???
 n0: 8376320 in 3 places, all below massif's threshold (1.00%)
#-----------
snapshot=29
#-----------
time=97873390372
mem_heap_B=2970308608
mem_heap_extra_B=0
mem_stacks_B=0
heap_tree=empty
#-----------
snapshot=30
#-----------
time=100965834887
mem_heap_B=3104526336
mem_heap_extra_B=0
mem_stacks_B=0
heap_tree=empty
#-----------
snapshot=31
#-----------
time=105628628029
mem_heap_B=3372961792
mem_heap_extra_B=0
mem_stacks_B=0
heap_tree=detailed
n4: 3372961792 (page allocation syscalls) mmap/mremap/brk, --alloc-fns, etc.
 n1: 2926018560 0xC647B7C: __mmap64 (mmap64.c:58)
  n5: 2926018560 0xC647B7C: mmap (mmap64.c:46)
   n2: 1543503872 0xC5D45C6: alloc_new_heap (arena.c:405)
    n1: 1275068416 0xC5D58FB: sysmalloc (malloc.c:2395)
     n1: 1275068416 0xC5D6C17: _int_malloc (malloc.c:4334)
      n1: 1275068416 0xC5D6EED: __libc_malloc2 (malloc.c:3261)
       n1: 1275068416 0xC17E2FB: operator new(unsigned long) (new_op.cc:50)
        n1: 1275068416 0x46F3E0: std::__detail::_MakeUniq<std::array<Chunk, 7ul> >::__single_object std::make_unique<std::array<Chunk, 7ul>>() (unique_ptr.h:1105)
         n1: 1275068416 0x46E643: Chunk& ContiguousStorage<Chunk, 16777216ul, glm::vec<3, int, (glm::qualifier)0>, MathHelpers::glmVecLexicoGraphic<int, 3ul> >::emplace<World*, glm::vec<3, int, (glm::qualifier)0> const&, GenType&>(glm::vec<3, int, (glm::qualifier)0>, World*&&, glm::vec<3, int, (glm::qualifier)0> const&, GenType&) (Helpers.hpp:320)
          n1: 1275068416 0x46D041: World::addChunk(glm::vec<3, int, (glm::qualifier)0> const&) (World.cpp:27)
           n1: 1275068416 0x46DA55: World::generate(std::vector<glm::vec<3, float, (glm::qualifier)0>, std::allocator<glm::vec<3, float, (glm::qualifier)0> > > const&) (World.cpp:132)
            n1: 1275068416 0x46DB3A: World::selfUpdate(std::vector<glm::vec<3, float, (glm::qualifier)0>, std::allocator<glm::vec<3, float, (glm::qualifier)0> > > const&) (World.cpp:141)
             n1: 1275068416 0x401559: worldThread() (main.cpp:137)
              n1: 1275068416 0x460E7D: void std::__invoke_impl<void, void (*)()>(std::__invoke_other, void (*&&)()) (invoke.h:63)
               n1: 1275068416 0x460DC9: std::__invoke_result<void (*)()>::type std::__invoke<void (*)()>(void (*&&)()) (invoke.h:98)
                n1: 1275068416 0x460C81: void std::thread::_Invoker<std::tuple<void (*)()> >::_M_invoke<0ul>(std::_Index_tuple<0ul>) (std_thread.h:303)
                 n1: 1275068416 0x460BBB: std::thread::_Invoker<std::tuple<void (*)()> >::operator()() (std_thread.h:310)
                  n1: 1275068416 0x460B17: std::thread::_State_impl<std::thread::_Invoker<std::tuple<void (*)()> > >::_M_run() (std_thread.h:255)
                   n1: 1275068416 0xC1AF3B5: execute_native_thread_routine (thread.cc:105)
                    n1: 1275068416 0xC5C7758: start_thread (pthread_create.c:454)
                     n0: 1275068416 0xC64B733: clone (clone.S:100)
    n1: 268435456 0xC5D4A89: _int_new_arena (arena.c:637)
     n1: 268435456 0xC5D4A89: arena_get2 (arena.c:856)
      n1: 268435456 0xC5D4A89: arena_get2 (arena.c:817)
       n1: 268435456 0xC5D6F36: __libc_malloc2 (malloc.c:3259)
        n2: 268435456 0xC17E2FB: operator new(unsigned long) (new_op.cc:50)
         n1: 201326592 0x436996: std::__new_allocator<char>::allocate(unsigned long, void const*) (new_allocator.h:162)
          n1: 201326592 0x43E5F2: allocate (allocator.h:206)
           n1: 201326592 0x43E5F2: allocate (alloc_traits.h:638)
            n1: 201326592 0x43E5F2: std::_Vector_base<char, std::allocator<char> >::_M_allocate(unsigned long) (stl_vector.h:389)
             n1: 201326592 0x43B88C: std::_Vector_base<char, std::allocator<char> >::_M_create_storage(unsigned long) (stl_vector.h:407)
              n1: 201326592 0x437F12: std::_Vector_base<char, std::allocator<char> >::_Vector_base(unsigned long, std::allocator<char> const&) (stl_vector.h:341)
               n1: 201326592 0x4340BE: std::vector<char, std::allocator<char> >::vector(unsigned long, std::allocator<char> const&) (stl_vector.h:577)
                n1: 201326592 0x42FBF6: filewatch::FileWatch<std::__cxx11::basic_string<char, std::char_traits<char>, std::allocator<char> > >::monitor_directory() (FileWatch.hpp:617)
                 n1: 201326592 0x42A351: filewatch::FileWatch<std::__cxx11::basic_string<char, std::char_traits<char>, std::allocator<char> > >::init()::{lambda()#2}::operator()() const (FileWatch.hpp:349)
                  n1: 201326592 0x460E06: void std::__invoke_impl<void, filewatch::FileWatch<std::__cxx11::basic_string<char, std::char_traits<char>, std::allocator<char> > >::init()::{lambda()#2}>(std::__invoke_other, filewatch::FileWatch<std::__cxx11::basic_string<char, std::char_traits<char>, std::allocator<char> > >::init()::{lambda()#2}&&) (invoke.h:63)
                   n1: 201326592 0x460D1D: std::__invoke_result<filewatch::FileWatch<std::__cxx11::basic_string<char, std::char_traits<char>, std::allocator<char> > >::init()::{lambda()#2}>::type std::__invoke<filewatch::FileWatch<std::__cxx11::basic_string<char, std::char_traits<char>, std::allocator<char> > >::init()::{lambda()#2}>(filewatch::FileWatch<std::__cxx11::basic_string<char, std::char_traits<char>, std::allocator<char> > >::init()::{lambda()#2}&&) (invoke.h:98)
                    n1: 201326592 0x460C0F: void std::thread::_Invoker<std::tuple<filewatch::FileWatch<std::__cxx11::basic_string<char, std::char_traits<char>, std::allocator<char> > >::init()::{lambda()#2}> >::_M_invoke<0ul>(std::_Index_tuple<0ul>) (std_thread.h:303)
                     n1: 201326592 0x460B69: std::thread::_Invoker<std::tuple<filewatch::FileWatch<std::__cxx11::basic_string<char, std::char_traits<char>, std::allocator<char> > >::init()::{lambda()#2}> >::operator()() (std_thread.h:310)
                      n1: 201326592 0x460987: std::thread::_State_impl<std::thread::_Invoker<std::tuple<filewatch::FileWatch<std::__cxx11::basic_string<char, std::char_traits<char>, std::allocator<char> > >::init()::{lambda()#2}> > >::_M_run() (std_thread.h:255)
                       n1: 201326592 0xC1AF3B5: execute_native_thread_routine (thread.cc:105)
                        n1: 201326592 0xC5C7758: start_thread (pthread_create.c:454)
                         n0: 201326592 0xC64B733: clone (clone.S:100)
         n1: 67108864 0x43188E: std::__new_allocator<glm::vec<3, float, (glm::qualifier)0> >::allocate(unsigned long, void const*) (new_allocator.h:162)
          n1: 67108864 0x41EE5A: allocate (allocator.h:206)
           n1: 67108864 0x41EE5A: allocate (alloc_traits.h:638)
            n1: 67108864 0x41EE5A: std::_Vector_base<glm::vec<3, float, (glm::qualifier)0>, std::allocator<glm::vec<3, float, (glm::qualifier)0> > >::_M_allocate(unsigned long) (stl_vector.h:389)
             n1: 67108864 0x421E4D: glm::vec<3, float, (glm::qualifier)0>* std::vector<glm::vec<3, float, (glm::qualifier)0>, std::allocator<glm::vec<3, float, (glm::qualifier)0> > >::_M_allocate_and_copy<__gnu_cxx::__normal_iterator<glm::vec<3, float, (glm::qualifier)0> const*, std::vector<glm::vec<3, float, (glm::qualifier)0>, std::allocator<glm::vec<3, float, (glm::qualifier)0> > > > >(unsigned long, __gnu_cxx::__normal_iterator<glm::vec<3, float, (glm::qualifier)0> const*, std::vector<glm::vec<3, float, (glm::qualifier)0>, std::allocator<glm::vec<3, float, (glm::qualifier)0> > > >, __gnu_cxx::__normal_iterator<glm::vec<3, float, (glm::qualifier)0> const*, std::vector<glm::vec<3, float, (glm::qualifier)0>, std::allocator<glm::vec<3, float, (glm::qualifier)0> > > >) (stl_vector.h:1900)
              n1: 67108864 0x418DC7: std::vector<glm::vec<3, float, (glm::qualifier)0>, std::allocator<glm::vec<3, float, (glm::qualifier)0> > >::operator=(std::vector<glm::vec<3, float, (glm::qualifier)0>, std::allocator<glm::vec<3, float, (glm::qualifier)0> > > const&) (vector.tcc:242)
               n1: 67108864 0x401482: worldThread() (main.cpp:123)
                n1: 67108864 0x460E7D: void std::__invoke_impl<void, void (*)()>(std::__invoke_other, void (*&&)()) (invoke.h:63)
                 n1: 67108864 0x460DC9: std::__invoke_result<void (*)()>::type std::__invoke<void (*)()>(void (*&&)()) (invoke.h:98)
                  n1: 67108864 0x460C81: void std::thread::_Invoker<std::tuple<void (*)()> >::_M_invoke<0ul>(std::_Index_tuple<0ul>) (std_thread.h:303)
                   n1: 67108864 0x460BBB: std::thread::_Invoker<std::tuple<void (*)()> >::operator()() (std_thread.h:310)
                    n1: 67108864 0x460B17: std::thread::_State_impl<std::thread::_Invoker<std::tuple<void (*)()> > >::_M_run() (std_thread.h:255)
                     n1: 67108864 0xC1AF3B5: execute_native_thread_routine (thread.cc:105)
                      n1: 67108864 0xC5C7758: start_thread (pthread_create.c:454)
                       n0: 67108864 0xC64B733: clone (clone.S:100)
   n2: 1073741824 0xC5D44D5: alloc_new_heap (arena.c:395)
    n1: 1006632960 0xC5D58FB: sysmalloc (malloc.c:2395)
     n1: 1006632960 0xC5D6C17: _int_malloc (malloc.c:4334)
      n1: 1006632960 0xC5D6EED: __libc_malloc2 (malloc.c:3261)
       n1: 1006632960 0xC17E2FB: operator new(unsigned long) (new_op.cc:50)
        n1: 1006632960 0x46F3E0: std::__detail::_MakeUniq<std::array<Chunk, 7ul> >::__single_object std::make_unique<std::array<Chunk, 7ul>>() (unique_ptr.h:1105)
         n1: 1006632960 0x46E643: Chunk& ContiguousStorage<Chunk, 16777216ul, glm::vec<3, int, (glm::qualifier)0>, MathHelpers::glmVecLexicoGraphic<int, 3ul> >::emplace<World*, glm::vec<3, int, (glm::qualifier)0> const&, GenType&>(glm::vec<3, int, (glm::qualifier)0>, World*&&, glm::vec<3, int, (glm::qualifier)0> const&, GenType&) (Helpers.hpp:320)
          n1: 1006632960 0x46D041: World::addChunk(glm::vec<3, int, (glm::qualifier)0> const&) (World.cpp:27)
           n1: 1006632960 0x46DA55: World::generate(std::vector<glm::vec<3, float, (glm::qualifier)0>, std::allocator<glm::vec<3, float, (glm::qualifier)0> > > const&) (World.cpp:132)
            n1: 1006632960 0x46DB3A: World::selfUpdate(std::vector<glm::vec<3, float, (glm::qualifier)0>, std::allocator<glm::vec<3, float, (glm::qualifier)0> > > const&) (World.cpp:141)
             n1: 1006632960 0x401559: worldThread() (main.cpp:137)
              n1: 1006632960 0x460E7D: void std::__invoke_impl<void, void (*)()>(std::__invoke_other, void (*&&)()) (invoke.h:63)
               n1: 1006632960 0x460DC9: std::__invoke_result<void (*)()>::type std::__invoke<void (*)()>(void (*&&)()) (invoke.h:98)
                n1: 1006632960 0x460C81: void std::thread::_Invoker<std::tuple<void (*)()> >::_M_invoke<0ul>(std::_Index_tuple<0ul>) (std_thread.h:303)
                 n1: 1006632960 0x460BBB: std::thread::_Invoker<std::tuple<void (*)()> >::operator()() (std_thread.h:310)
                  n1: 1006632960 0x460B17: std::thread::_State_impl<std::thread::_Invoker<std::tuple<void (*)()> > >::_M_run() (std_thread.h:255)
                   n1: 1006632960 0xC1AF3B5: execute_native_thread_routine (thread.cc:105)
                    n1: 1006632960 0xC5C7758: start_thread (pthread_create.c:454)
                     n0: 1006632960 0xC64B733: clone (clone.S:100)
    n1: 67108864 0xC5D4A89: _int_new_arena (arena.c:637)
     n1: 67108864 0xC5D4A89: arena_get2 (arena.c:856)
      n1: 67108864 0xC5D4A89: arena_get2 (arena.c:817)
       n1: 67108864 0xC5D6F36: __libc_malloc2 (malloc.c:3259)
        n1: 67108864 0xC17E2FB: operator new(unsigned long) (new_op.cc:50)
         n1: 67108864 0x436996: std::__new_allocator<char>::allocate(unsigned long, void const*) (new_allocator.h:162)
          n1: 67108864 0x43E5F2: allocate (allocator.h:206)
           n1: 67108864 0x43E5F2: allocate (alloc_traits.h:638)
            n1: 67108864 0x43E5F2: std::_Vector_base<char, std::allocator<char> >::_M_allocate(unsigned long) (stl_vector.h:389)
             n1: 67108864 0x43B88C: std::_Vector_base<char, std::allocator<char> >::_M_create_storage(unsigned long) (stl_vector.h:407)
              n1: 67108864 0x437F12: std::_Vector_base<char, std::allocator<char> >::_Vector_base(unsigned long, std::allocator<char> const&) (stl_vector.h:341)
               n1: 67108864 0x4340BE: std::vector<char, std::allocator<char> >::vector(unsigned long, std::allocator<char> const&) (stl_vector.h:577)
                n1: 67108864 0x42FBF6: filewatch::FileWatch<std::__cxx11::basic_string<char, std::char_traits<char>, std::allocator<char> > >::monitor_directory() (FileWatch.hpp:617)
                 n1: 67108864 0x42A351: filewatch::FileWatch<std::__cxx11::basic_string<char, std::char_traits<char>, std::allocator<char> > >::init()::{lambda()#2}::operator()() const (FileWatch.hpp:349)
                  n1: 67108864 0x460E06: void std::__invoke_impl<void, filewatch::FileWatch<std::__cxx11::basic_string<char, std::char_traits<char>, std::allocator<char> > >::init()::{lambda()#2}>(std::__invoke_other, filewatch::FileWatch<std::__cxx11::basic_string<char, std::char_traits<char>, std::allocator<char> > >::init()::{lambda()#2}&&) (invoke.h:63)
                   n1: 67108864 0x460D1D: std::__invoke_result<filewatch::FileWatch<std::__cxx11::basic_string<char, std::char_traits<char>, std::allocator<char> > >::init()::{lambda()#2}>::type std::__invoke<filewatch::FileWatch<std::__cxx11::basic_string<char, std::char_traits<char>, std::allocator<char> > >::init()::{lambda()#2}>(filewatch::FileWatch<std::__cxx11::basic_string<char, std::char_traits<char>, std::allocator<char> > >::init()::{lambda()#2}&&) (invoke.h:98)
                    n1: 67108864 0x460C0F: void std::thread::_Invoker<std::tuple<filewatch::FileWatch<std::__cxx11::basic_string<char, std::char_traits<char>, std::allocator<char> > >::init()::{lambda()#2}> >::_M_invoke<0ul>(std::_Index_tuple<0ul>) (std_thread.h:303)
                     n1: 67108864 0x460B69: std::thread::_Invoker<std::tuple<filewatch::FileWatch<std::__cxx11::basic_string<char, std::char_traits<char>, std::allocator<char> > >::init()::{lambda()#2}> >::operator()() (std_thread.h:310)
                      n1: 67108864 0x460987: std::thread::_State_impl<std::thread::_Invoker<std::tuple<filewatch::FileWatch<std::__cxx11::basic_string<char, std::char_traits<char>, std::allocator<char> > >::init()::{lambda()#2}> > >::_M_run() (std_thread.h:255)
                       n1: 67108864 0xC1AF3B5: execute_native_thread_routine (thread.cc:105)
                        n1: 67108864 0xC5C7758: start_thread (pthread_create.c:454)
                         n0: 67108864 0xC64B733: clone (clone.S:100)
   n1: 190468096 0xC5D5CBD: sysmalloc_mmap_fallback (malloc.c:2289)
    n1: 190468096 0xC5D5CBD: sysmalloc (malloc.c:2501)
     n2: 190468096 0xC5D6C17: _int_malloc (malloc.c:4334)
      n2: 143790080 0xC5D6EED: __libc_malloc2 (malloc.c:3261)
       n1: 140644352 0xD46AD81: ??? (in /usr/lib64/libnvidia-glcore.so.595.71.05)
        n2: 140644352 0xD1D01EA: ??? (in /usr/lib64/libnvidia-glcore.so.595.71.05)
         n1: 123731968 0xD1B3595: ??? (in /usr/lib64/libnvidia-glcore.so.595.71.05)
          n2: 123731968 0xD1B3AC1: ??? (in /usr/lib64/libnvidia-glcore.so.595.71.05)
           n1: 102760448 0x473BE0: ChunkRenderer::updateShaderData(glm::vec<3, float, (glm::qualifier)0> const&) (Chunk.cpp:360)
            n1: 102760448 0x4615E9: WorldRenderer::renderChunks(ShaderProgram&, Camera::Frustum const&, glm::vec<3, float, (glm::qualifier)0> const&)::{lambda(ChunkRenderer&)#1}::operator()(ChunkRenderer&) const (WorldRenderer.cpp:64)
             n1: 102760448 0x463438: void std::__invoke_impl<void, WorldRenderer::renderChunks(ShaderProgram&, Camera::Frustum const&, glm::vec<3, float, (glm::qualifier)0> const&)::{lambda(ChunkRenderer&)#1}&, ChunkRenderer&>(std::__invoke_other, WorldRenderer::renderChunks(ShaderProgram&, Camera::Frustum const&, glm::vec<3, float, (glm::qualifier)0> const&)::{lambda(ChunkRenderer&)#1}&, ChunkRenderer&) (invoke.h:63)
              n1: 102760448 0x462F22: std::enable_if<is_invocable_r_v<void, WorldRenderer::renderChunks(ShaderProgram&, Camera::Frustum const&, glm::vec<3, float, (glm::qualifier)0> const&)::{lambda(ChunkRenderer&)#1}&, ChunkRenderer&>, void>::type std::__invoke_r<void, WorldRenderer::renderChunks(ShaderProgram&, Camera::Frustum const&, glm::vec<3, float, (glm::qualifier)0> const&)::{lambda(ChunkRenderer&)#1}&, ChunkRenderer&>(WorldRenderer::renderChunks(ShaderProgram&, Camera::Frustum const&, glm::vec<3, float, (glm::qualifier)0> const&)::{lambda(ChunkRenderer&)#1}&, ChunkRenderer&) (invoke.h:113)
               n1: 102760448 0x462A7C: std::_Function_handler<void (ChunkRenderer&), WorldRenderer::renderChunks(ShaderProgram&, Camera::Frustum const&, glm::vec<3, float, (glm::qualifier)0> const&)::{lambda(ChunkRenderer&)#1}>::_M_invoke(std::_Any_data const&, ChunkRenderer&) (std_function.h:295)
                n1: 102760448 0x466E80: std::function<void (ChunkRenderer&)>::operator()(ChunkRenderer&) const (std_function.h:581)
                 n1: 102760448 0x4652BB: ContiguousStorage<ChunkRenderer, 784ul, glm::vec<3, int, (glm::qualifier)0>, MathHelpers::glmVecLexicoGraphic<int, 3ul> >::forEach(std::function<void (ChunkRenderer&)>) (Helpers.hpp:383)
                  n1: 102760448 0x461A9A: WorldRenderer::renderChunks(ShaderProgram&, Camera::Frustum const&, glm::vec<3, float, (glm::qualifier)0> const&) (WorldRenderer.cpp:59)
                   n0: 102760448 0x40317E: main (main.cpp:422)
           n0: 20971520 in 2 places, all below massif's threshold (1.00%)
         n0: 16912384 in 1 place, below massif's threshold (1.00%)
       n0: 3145728 in 1 place, below massif's threshold (1.00%)
      n2: 46678016 0xC5D6F8E: __libc_malloc2 (malloc.c:3253)
       n2: 42078208 0xD46AD81: ??? (in /usr/lib64/libnvidia-glcore.so.595.71.05)
        n2: 41029632 0xCDA4325: ??? (in /usr/lib64/libnvidia-glcore.so.595.71.05)
         n1: 37748736 0xCDA4441: ??? (in /usr/lib64/libnvidia-glcore.so.595.71.05)
          n0: 37748736 in 12 places, all below massif's threshold (1.00%)
         n0: 3280896 in 1 place, below massif's threshold (1.00%)
        n0: 1048576 in 1 place, below massif's threshold (1.00%)
       n0: 4599808 in 2 places, all below massif's threshold (1.00%)
   n1: 75534336 0xC5C8410: allocate_thread_stack (allocatestack.c:169)
    n1: 75534336 0xC5C8410: allocate_stack (allocatestack.c:508)
     n1: 75534336 0xC5C8410: pthread_create@@GLIBC_2.34 (pthread_create.c:680)
      n1: 75534336 0xC1AF488: __gthread_create (gthr-default.h:709)
       n1: 75534336 0xC1AF488: std::thread::_M_start_thread(std::unique_ptr<std::thread::_State, std::default_delete<std::thread::_State> >, void (*)()) (thread.cc:173)
        n0: 75534336 in 3 places, all below massif's threshold (1.00%)
   n0: 42770432 in 7 places, all below massif's threshold (1.00%)
 n1: 254623744 0xB34F85C: __mmap64 (mmap64.c:58)
  n3: 254623744 0xB34F85C: mmap (mmap64.c:46)
   n1: 152305664 0xB332822: _dl_map_segment (dl-map-segments.h:30)
    n1: 152305664 0xB332822: _dl_map_segments (dl-map-segments.h:102)
     n1: 152305664 0xB332822: _dl_map_object_from_fd (dl-load.c:1259)
      n2: 152305664 0xB334008: _dl_map_new_object (dl-load.c:2187)
       n1: 149884928 0xB32DABC: openaux (dl-deps.c:64)
        n1: 149884928 0xB32C728: _dl_catch_exception (dl-catch.c:241)
         n2: 149884928 0xB32DEEE: _dl_map_object_deps (dl-deps.c:232)
          n1: 136835072 0xB337FCF: dl_open_worker_begin (dl-open.c:609)
           n1: 136835072 0xB32C728: _dl_catch_exception (dl-catch.c:241)
            n1: 136835072 0xB337542: dl_open_worker (dl-open.c:762)
             n1: 136835072 0xB32C728: _dl_catch_exception (dl-catch.c:241)
              n1: 136835072 0xB337AA9: _dl_open (dl-open.c:900)
               n1: 136835072 0xC5C3C03: dlopen_doit (dlopen.c:56)
                n1: 136835072 0xB32C728: _dl_catch_exception (dl-catch.c:241)
                 n1: 136835072 0xB32C878: _dl_catch_error (dl-catch.c:260)
                  n1: 136835072 0xC5C36F2: _dlerror_run (dlerror.c:138)
                   n1: 136835072 0xC5C3CBA: dlopen_implementation (dlopen.c:71)
                    n2: 136835072 0xC5C3CBA: dlopen@@GLIBC_2.34 (dlopen.c:81)
                     n1: 135471104 0xBEF6F63: __glXLookupVendorByName.part.0 (libglxmapping.c:428)
                      n1: 135471104 0xBEF7D19: __glXLookupVendorByName (libglxmapping.c:391)
                       n1: 135471104 0xBEF7D19: __glXLookupVendorByScreen.part.0 (libglxmapping.c:572)
                        n1: 135471104 0xBEF8CB1: __glXLookupVendorByScreen (libglxmapping.c:524)
                         n1: 135471104 0xBEF8CB1: __glXGetDynDispatch (libglxmapping.c:610)
                          n1: 135471104 0xBEF8CB1: glXQueryExtensionsString (libglx.c:1473)
                           n1: 135471104 0xC0EB7AC: extensionSupportedGLX (in /home/leo/Cours/S8/HAI819I_moteur_jeux/build/external/glfw/src/libglfw.so.3.4)
                            n1: 135471104 0xC0EBEEA: _glfwInitGLX (in /home/leo/Cours/S8/HAI819I_moteur_jeux/build/external/glfw/src/libglfw.so.3.4)
                             n1: 135471104 0xC0E79BE: _glfwCreateWindowX11 (in /home/leo/Cours/S8/HAI819I_moteur_jeux/build/external/glfw/src/libglfw.so.3.4)
                              n1: 135471104 0xC0D374D: glfwCreateWindow (in /home/leo/Cours/S8/HAI819I_moteur_jeux/build/external/glfw/src/libglfw.so.3.4)
                               n1: 135471104 0x40A1A7: Window::init() (Window.hpp:241)
                                n1: 135471104 0x4012FC: globalInit(Window&) (main.cpp:53)
                                 n0: 135471104 0x401CE1: main (main.cpp:166)
                     n0: 1363968 in 2 places, all below massif's threshold (1.00%)
          n0: 13049856 in 1 place, below massif's threshold (1.00%)
       n0: 2420736 in 2 places, all below massif's threshold (1.00%)
   n1: 100982784 0xB332974: _dl_map_segments (dl-map-segments.h:140)
    n1: 100982784 0xB332974: _dl_map_object_from_fd (dl-load.c:1259)
     n2: 100982784 0xB334008: _dl_map_new_object (dl-load.c:2187)
      n1: 99446784 0xB32DABC: openaux (dl-deps.c:64)
       n1: 99446784 0xB32C728: _dl_catch_exception (dl-catch.c:241)
        n2: 99446784 0xB32DEEE: _dl_map_object_deps (dl-deps.c:232)
         n1: 93831168 0xB337FCF: dl_open_worker_begin (dl-open.c:609)
          n1: 93831168 0xB32C728: _dl_catch_exception (dl-catch.c:241)
           n1: 93831168 0xB337542: dl_open_worker (dl-open.c:762)
            n1: 93831168 0xB32C728: _dl_catch_exception (dl-catch.c:241)
             n1: 93831168 0xB337AA9: _dl_open (dl-open.c:900)
              n1: 93831168 0xC5C3C03: dlopen_doit (dlopen.c:56)
               n1: 93831168 0xB32C728: _dl_catch_exception (dl-catch.c:241)
                n1: 93831168 0xB32C878: _dl_catch_error (dl-catch.c:260)
                 n1: 93831168 0xC5C36F2: _dlerror_run (dlerror.c:138)
                  n1: 93831168 0xC5C3CBA: dlopen_implementation (dlopen.c:71)
                   n2: 93831168 0xC5C3CBA: dlopen@@GLIBC_2.34 (dlopen.c:81)
                    n1: 93372416 0xBEF6F63: __glXLookupVendorByName.part.0 (libglxmapping.c:428)
                     n1: 93372416 0xBEF7D19: __glXLookupVendorByName (libglxmapping.c:391)
                      n1: 93372416 0xBEF7D19: __glXLookupVendorByScreen.part.0 (libglxmapping.c:572)
                       n1: 93372416 0xBEF8CB1: __glXLookupVendorByScreen (libglxmapping.c:524)
                        n1: 93372416 0xBEF8CB1: __glXGetDynDispatch (libglxmapping.c:610)
                         n1: 93372416 0xBEF8CB1: glXQueryExtensionsString (libglx.c:1473)
                          n1: 93372416 0xC0EB7AC: extensionSupportedGLX (in /home/leo/Cours/S8/HAI819I_moteur_jeux/build/external/glfw/src/libglfw.so.3.4)
                           n1: 93372416 0xC0EBEEA: _glfwInitGLX (in /home/leo/Cours/S8/HAI819I_moteur_jeux/build/external/glfw/src/libglfw.so.3.4)
                            n1: 93372416 0xC0E79BE: _glfwCreateWindowX11 (in /home/leo/Cours/S8/HAI819I_moteur_jeux/build/external/glfw/src/libglfw.so.3.4)
                             n1: 93372416 0xC0D374D: glfwCreateWindow (in /home/leo/Cours/S8/HAI819I_moteur_jeux/build/external/glfw/src/libglfw.so.3.4)
                              n1: 93372416 0x40A1A7: Window::init() (Window.hpp:241)
                               n1: 93372416 0x4012FC: globalInit(Window&) (main.cpp:53)
                                n0: 93372416 0x401CE1: main (main.cpp:166)
                    n0: 458752 in 2 places, all below massif's threshold (1.00%)
         n0: 5615616 in 1 place, below massif's threshold (1.00%)
      n0: 1536000 in 2 places, all below massif's threshold (1.00%)
   n0: 1335296 in 3 places, all below massif's threshold (1.00%)
 n0: 183943168 0x0: ???
 n0: 8376320 in 3 places, all below massif's threshold (1.00%)
#-----------
snapshot=32
#-----------
time=109134647838
mem_heap_B=3306901504
mem_heap_extra_B=0
mem_stacks_B=0
heap_tree=empty
#-----------
snapshot=33
#-----------
time=114926982052
mem_heap_B=3307950080
mem_heap_extra_B=0
mem_stacks_B=0
heap_tree=empty
#-----------
snapshot=34
#-----------
time=118627063349
mem_heap_B=3399176192
mem_heap_extra_B=0
mem_stacks_B=0
heap_tree=empty
#-----------
snapshot=35
#-----------
time=123864308940
mem_heap_B=3400224768
mem_heap_extra_B=0
mem_stacks_B=0
heap_tree=empty
#-----------
snapshot=36
#-----------
time=127544270987
mem_heap_B=3671805952
mem_heap_extra_B=0
mem_stacks_B=0
heap_tree=detailed
n4: 3671805952 (page allocation syscalls) mmap/mremap/brk, --alloc-fns, etc.
 n1: 3224862720 0xC647B7C: __mmap64 (mmap64.c:58)
  n5: 3224862720 0xC647B7C: mmap (mmap64.c:46)
   n2: 1677721600 0xC5D45C6: alloc_new_heap (arena.c:405)
    n1: 1409286144 0xC5D58FB: sysmalloc (malloc.c:2395)
     n1: 1409286144 0xC5D6C17: _int_malloc (malloc.c:4334)
      n1: 1409286144 0xC5D6EED: __libc_malloc2 (malloc.c:3261)
       n1: 1409286144 0xC17E2FB: operator new(unsigned long) (new_op.cc:50)
        n1: 1409286144 0x46F3E0: std::__detail::_MakeUniq<std::array<Chunk, 7ul> >::__single_object std::make_unique<std::array<Chunk, 7ul>>() (unique_ptr.h:1105)
         n1: 1409286144 0x46E643: Chunk& ContiguousStorage<Chunk, 16777216ul, glm::vec<3, int, (glm::qualifier)0>, MathHelpers::glmVecLexicoGraphic<int, 3ul> >::emplace<World*, glm::vec<3, int, (glm::qualifier)0> const&, GenType&>(glm::vec<3, int, (glm::qualifier)0>, World*&&, glm::vec<3, int, (glm::qualifier)0> const&, GenType&) (Helpers.hpp:320)
          n1: 1409286144 0x46D041: World::addChunk(glm::vec<3, int, (glm::qualifier)0> const&) (World.cpp:27)
           n1: 1409286144 0x46DA55: World::generate(std::vector<glm::vec<3, float, (glm::qualifier)0>, std::allocator<glm::vec<3, float, (glm::qualifier)0> > > const&) (World.cpp:132)
            n1: 1409286144 0x46DB3A: World::selfUpdate(std::vector<glm::vec<3, float, (glm::qualifier)0>, std::allocator<glm::vec<3, float, (glm::qualifier)0> > > const&) (World.cpp:141)
             n1: 1409286144 0x401559: worldThread() (main.cpp:137)
              n1: 1409286144 0x460E7D: void std::__invoke_impl<void, void (*)()>(std::__invoke_other, void (*&&)()) (invoke.h:63)
               n1: 1409286144 0x460DC9: std::__invoke_result<void (*)()>::type std::__invoke<void (*)()>(void (*&&)()) (invoke.h:98)
                n1: 1409286144 0x460C81: void std::thread::_Invoker<std::tuple<void (*)()> >::_M_invoke<0ul>(std::_Index_tuple<0ul>) (std_thread.h:303)
                 n1: 1409286144 0x460BBB: std::thread::_Invoker<std::tuple<void (*)()> >::operator()() (std_thread.h:310)
                  n1: 1409286144 0x460B17: std::thread::_State_impl<std::thread::_Invoker<std::tuple<void (*)()> > >::_M_run() (std_thread.h:255)
                   n1: 1409286144 0xC1AF3B5: execute_native_thread_routine (thread.cc:105)
                    n1: 1409286144 0xC5C7758: start_thread (pthread_create.c:454)
                     n0: 1409286144 0xC64B733: clone (clone.S:100)
    n1: 268435456 0xC5D4A89: _int_new_arena (arena.c:637)
     n1: 268435456 0xC5D4A89: arena_get2 (arena.c:856)
      n1: 268435456 0xC5D4A89: arena_get2 (arena.c:817)
       n1: 268435456 0xC5D6F36: __libc_malloc2 (malloc.c:3259)
        n2: 268435456 0xC17E2FB: operator new(unsigned long) (new_op.cc:50)
         n1: 201326592 0x436996: std::__new_allocator<char>::allocate(unsigned long, void const*) (new_allocator.h:162)
          n1: 201326592 0x43E5F2: allocate (allocator.h:206)
           n1: 201326592 0x43E5F2: allocate (alloc_traits.h:638)
            n1: 201326592 0x43E5F2: std::_Vector_base<char, std::allocator<char> >::_M_allocate(unsigned long) (stl_vector.h:389)
             n1: 201326592 0x43B88C: std::_Vector_base<char, std::allocator<char> >::_M_create_storage(unsigned long) (stl_vector.h:407)
              n1: 201326592 0x437F12: std::_Vector_base<char, std::allocator<char> >::_Vector_base(unsigned long, std::allocator<char> const&) (stl_vector.h:341)
               n1: 201326592 0x4340BE: std::vector<char, std::allocator<char> >::vector(unsigned long, std::allocator<char> const&) (stl_vector.h:577)
                n1: 201326592 0x42FBF6: filewatch::FileWatch<std::__cxx11::basic_string<char, std::char_traits<char>, std::allocator<char> > >::monitor_directory() (FileWatch.hpp:617)
                 n1: 201326592 0x42A351: filewatch::FileWatch<std::__cxx11::basic_string<char, std::char_traits<char>, std::allocator<char> > >::init()::{lambda()#2}::operator()() const (FileWatch.hpp:349)
                  n1: 201326592 0x460E06: void std::__invoke_impl<void, filewatch::FileWatch<std::__cxx11::basic_string<char, std::char_traits<char>, std::allocator<char> > >::init()::{lambda()#2}>(std::__invoke_other, filewatch::FileWatch<std::__cxx11::basic_string<char, std::char_traits<char>, std::allocator<char> > >::init()::{lambda()#2}&&) (invoke.h:63)
                   n1: 201326592 0x460D1D: std::__invoke_result<filewatch::FileWatch<std::__cxx11::basic_string<char, std::char_traits<char>, std::allocator<char> > >::init()::{lambda()#2}>::type std::__invoke<filewatch::FileWatch<std::__cxx11::basic_string<char, std::char_traits<char>, std::allocator<char> > >::init()::{lambda()#2}>(filewatch::FileWatch<std::__cxx11::basic_string<char, std::char_traits<char>, std::allocator<char> > >::init()::{lambda()#2}&&) (invoke.h:98)
                    n1: 201326592 0x460C0F: void std::thread::_Invoker<std::tuple<filewatch::FileWatch<std::__cxx11::basic_string<char, std::char_traits<char>, std::allocator<char> > >::init()::{lambda()#2}> >::_M_invoke<0ul>(std::_Index_tuple<0ul>) (std_thread.h:303)
                     n1: 201326592 0x460B69: std::thread::_Invoker<std::tuple<filewatch::FileWatch<std::__cxx11::basic_string<char, std::char_traits<char>, std::allocator<char> > >::init()::{lambda()#2}> >::operator()() (std_thread.h:310)
                      n1: 201326592 0x460987: std::thread::_State_impl<std::thread::_Invoker<std::tuple<filewatch::FileWatch<std::__cxx11::basic_string<char, std::char_traits<char>, std::allocator<char> > >::init()::{lambda()#2}> > >::_M_run() (std_thread.h:255)
                       n1: 201326592 0xC1AF3B5: execute_native_thread_routine (thread.cc:105)
                        n1: 201326592 0xC5C7758: start_thread (pthread_create.c:454)
                         n0: 201326592 0xC64B733: clone (clone.S:100)
         n1: 67108864 0x43188E: std::__new_allocator<glm::vec<3, float, (glm::qualifier)0> >::allocate(unsigned long, void const*) (new_allocator.h:162)
          n1: 67108864 0x41EE5A: allocate (allocator.h:206)
           n1: 67108864 0x41EE5A: allocate (alloc_traits.h:638)
            n1: 67108864 0x41EE5A: std::_Vector_base<glm::vec<3, float, (glm::qualifier)0>, std::allocator<glm::vec<3, float, (glm::qualifier)0> > >::_M_allocate(unsigned long) (stl_vector.h:389)
             n1: 67108864 0x421E4D: glm::vec<3, float, (glm::qualifier)0>* std::vector<glm::vec<3, float, (glm::qualifier)0>, std::allocator<glm::vec<3, float, (glm::qualifier)0> > >::_M_allocate_and_copy<__gnu_cxx::__normal_iterator<glm::vec<3, float, (glm::qualifier)0> const*, std::vector<glm::vec<3, float, (glm::qualifier)0>, std::allocator<glm::vec<3, float, (glm::qualifier)0> > > > >(unsigned long, __gnu_cxx::__normal_iterator<glm::vec<3, float, (glm::qualifier)0> const*, std::vector<glm::vec<3, float, (glm::qualifier)0>, std::allocator<glm::vec<3, float, (glm::qualifier)0> > > >, __gnu_cxx::__normal_iterator<glm::vec<3, float, (glm::qualifier)0> const*, std::vector<glm::vec<3, float, (glm::qualifier)0>, std::allocator<glm::vec<3, float, (glm::qualifier)0> > > >) (stl_vector.h:1900)
              n1: 67108864 0x418DC7: std::vector<glm::vec<3, float, (glm::qualifier)0>, std::allocator<glm::vec<3, float, (glm::qualifier)0> > >::operator=(std::vector<glm::vec<3, float, (glm::qualifier)0>, std::allocator<glm::vec<3, float, (glm::qualifier)0> > > const&) (vector.tcc:242)
               n1: 67108864 0x401482: worldThread() (main.cpp:123)
                n1: 67108864 0x460E7D: void std::__invoke_impl<void, void (*)()>(std::__invoke_other, void (*&&)()) (invoke.h:63)
                 n1: 67108864 0x460DC9: std::__invoke_result<void (*)()>::type std::__invoke<void (*)()>(void (*&&)()) (invoke.h:98)
                  n1: 67108864 0x460C81: void std::thread::_Invoker<std::tuple<void (*)()> >::_M_invoke<0ul>(std::_Index_tuple<0ul>) (std_thread.h:303)
                   n1: 67108864 0x460BBB: std::thread::_Invoker<std::tuple<void (*)()> >::operator()() (std_thread.h:310)
                    n1: 67108864 0x460B17: std::thread::_State_impl<std::thread::_Invoker<std::tuple<void (*)()> > >::_M_run() (std_thread.h:255)
                     n1: 67108864 0xC1AF3B5: execute_native_thread_routine (thread.cc:105)
                      n1: 67108864 0xC5C7758: start_thread (pthread_create.c:454)
                       n0: 67108864 0xC64B733: clone (clone.S:100)
   n2: 1207959552 0xC5D44D5: alloc_new_heap (arena.c:395)
    n1: 1140850688 0xC5D58FB: sysmalloc (malloc.c:2395)
     n1: 1140850688 0xC5D6C17: _int_malloc (malloc.c:4334)
      n1: 1140850688 0xC5D6EED: __libc_malloc2 (malloc.c:3261)
       n1: 1140850688 0xC17E2FB: operator new(unsigned long) (new_op.cc:50)
        n1: 1140850688 0x46F3E0: std::__detail::_MakeUniq<std::array<Chunk, 7ul> >::__single_object std::make_unique<std::array<Chunk, 7ul>>() (unique_ptr.h:1105)
         n1: 1140850688 0x46E643: Chunk& ContiguousStorage<Chunk, 16777216ul, glm::vec<3, int, (glm::qualifier)0>, MathHelpers::glmVecLexicoGraphic<int, 3ul> >::emplace<World*, glm::vec<3, int, (glm::qualifier)0> const&, GenType&>(glm::vec<3, int, (glm::qualifier)0>, World*&&, glm::vec<3, int, (glm::qualifier)0> const&, GenType&) (Helpers.hpp:320)
          n1: 1140850688 0x46D041: World::addChunk(glm::vec<3, int, (glm::qualifier)0> const&) (World.cpp:27)
           n1: 1140850688 0x46DA55: World::generate(std::vector<glm::vec<3, float, (glm::qualifier)0>, std::allocator<glm::vec<3, float, (glm::qualifier)0> > > const&) (World.cpp:132)
            n1: 1140850688 0x46DB3A: World::selfUpdate(std::vector<glm::vec<3, float, (glm::qualifier)0>, std::allocator<glm::vec<3, float, (glm::qualifier)0> > > const&) (World.cpp:141)
             n1: 1140850688 0x401559: worldThread() (main.cpp:137)
              n1: 1140850688 0x460E7D: void std::__invoke_impl<void, void (*)()>(std::__invoke_other, void (*&&)()) (invoke.h:63)
               n1: 1140850688 0x460DC9: std::__invoke_result<void (*)()>::type std::__invoke<void (*)()>(void (*&&)()) (invoke.h:98)
                n1: 1140850688 0x460C81: void std::thread::_Invoker<std::tuple<void (*)()> >::_M_invoke<0ul>(std::_Index_tuple<0ul>) (std_thread.h:303)
                 n1: 1140850688 0x460BBB: std::thread::_Invoker<std::tuple<void (*)()> >::operator()() (std_thread.h:310)
                  n1: 1140850688 0x460B17: std::thread::_State_impl<std::thread::_Invoker<std::tuple<void (*)()> > >::_M_run() (std_thread.h:255)
                   n1: 1140850688 0xC1AF3B5: execute_native_thread_routine (thread.cc:105)
                    n1: 1140850688 0xC5C7758: start_thread (pthread_create.c:454)
                     n0: 1140850688 0xC64B733: clone (clone.S:100)
    n1: 67108864 0xC5D4A89: _int_new_arena (arena.c:637)
     n1: 67108864 0xC5D4A89: arena_get2 (arena.c:856)
      n1: 67108864 0xC5D4A89: arena_get2 (arena.c:817)
       n1: 67108864 0xC5D6F36: __libc_malloc2 (malloc.c:3259)
        n1: 67108864 0xC17E2FB: operator new(unsigned long) (new_op.cc:50)
         n1: 67108864 0x436996: std::__new_allocator<char>::allocate(unsigned long, void const*) (new_allocator.h:162)
          n1: 67108864 0x43E5F2: allocate (allocator.h:206)
           n1: 67108864 0x43E5F2: allocate (alloc_traits.h:638)
            n1: 67108864 0x43E5F2: std::_Vector_base<char, std::allocator<char> >::_M_allocate(unsigned long) (stl_vector.h:389)
             n1: 67108864 0x43B88C: std::_Vector_base<char, std::allocator<char> >::_M_create_storage(unsigned long) (stl_vector.h:407)
              n1: 67108864 0x437F12: std::_Vector_base<char, std::allocator<char> >::_Vector_base(unsigned long, std::allocator<char> const&) (stl_vector.h:341)
               n1: 67108864 0x4340BE: std::vector<char, std::allocator<char> >::vector(unsigned long, std::allocator<char> const&) (stl_vector.h:577)
                n1: 67108864 0x42FBF6: filewatch::FileWatch<std::__cxx11::basic_string<char, std::char_traits<char>, std::allocator<char> > >::monitor_directory() (FileWatch.hpp:617)
                 n1: 67108864 0x42A351: filewatch::FileWatch<std::__cxx11::basic_string<char, std::char_traits<char>, std::allocator<char> > >::init()::{lambda()#2}::operator()() const (FileWatch.hpp:349)
                  n1: 67108864 0x460E06: void std::__invoke_impl<void, filewatch::FileWatch<std::__cxx11::basic_string<char, std::char_traits<char>, std::allocator<char> > >::init()::{lambda()#2}>(std::__invoke_other, filewatch::FileWatch<std::__cxx11::basic_string<char, std::char_traits<char>, std::allocator<char> > >::init()::{lambda()#2}&&) (invoke.h:63)
                   n1: 67108864 0x460D1D: std::__invoke_result<filewatch::FileWatch<std::__cxx11::basic_string<char, std::char_traits<char>, std::allocator<char> > >::init()::{lambda()#2}>::type std::__invoke<filewatch::FileWatch<std::__cxx11::basic_string<char, std::char_traits<char>, std::allocator<char> > >::init()::{lambda()#2}>(filewatch::FileWatch<std::__cxx11::basic_string<char, std::char_traits<char>, std::allocator<char> > >::init()::{lambda()#2}&&) (invoke.h:98)
                    n1: 67108864 0x460C0F: void std::thread::_Invoker<std::tuple<filewatch::FileWatch<std::__cxx11::basic_string<char, std::char_traits<char>, std::allocator<char> > >::init()::{lambda()#2}> >::_M_invoke<0ul>(std::_Index_tuple<0ul>) (std_thread.h:303)
                     n1: 67108864 0x460B69: std::thread::_Invoker<std::tuple<filewatch::FileWatch<std::__cxx11::basic_string<char, std::char_traits<char>, std::allocator<char> > >::init()::{lambda()#2}> >::operator()() (std_thread.h:310)
                      n1: 67108864 0x460987: std::thread::_State_impl<std::thread::_Invoker<std::tuple<filewatch::FileWatch<std::__cxx11::basic_string<char, std::char_traits<char>, std::allocator<char> > >::init()::{lambda()#2}> > >::_M_run() (std_thread.h:255)
                       n1: 67108864 0xC1AF3B5: execute_native_thread_routine (thread.cc:105)
                        n1: 67108864 0xC5C7758: start_thread (pthread_create.c:454)
                         n0: 67108864 0xC64B733: clone (clone.S:100)
   n1: 220876800 0xC5D5CBD: sysmalloc_mmap_fallback (malloc.c:2289)
    n1: 220876800 0xC5D5CBD: sysmalloc (malloc.c:2501)
     n2: 220876800 0xC5D6C17: _int_malloc (malloc.c:4334)
      n2: 174198784 0xC5D6EED: __libc_malloc2 (malloc.c:3261)
       n1: 170004480 0xD46AD81: ??? (in /usr/lib64/libnvidia-glcore.so.595.71.05)
        n2: 170004480 0xD1D01EA: ??? (in /usr/lib64/libnvidia-glcore.so.595.71.05)
         n1: 153092096 0xD1B3595: ??? (in /usr/lib64/libnvidia-glcore.so.595.71.05)
          n2: 153092096 0xD1B3AC1: ??? (in /usr/lib64/libnvidia-glcore.so.595.71.05)
           n1: 125829120 0x473BE0: ChunkRenderer::updateShaderData(glm::vec<3, float, (glm::qualifier)0> const&) (Chunk.cpp:360)
            n1: 125829120 0x4615E9: WorldRenderer::renderChunks(ShaderProgram&, Camera::Frustum const&, glm::vec<3, float, (glm::qualifier)0> const&)::{lambda(ChunkRenderer&)#1}::operator()(ChunkRenderer&) const (WorldRenderer.cpp:64)
             n1: 125829120 0x463438: void std::__invoke_impl<void, WorldRenderer::renderChunks(ShaderProgram&, Camera::Frustum const&, glm::vec<3, float, (glm::qualifier)0> const&)::{lambda(ChunkRenderer&)#1}&, ChunkRenderer&>(std::__invoke_other, WorldRenderer::renderChunks(ShaderProgram&, Camera::Frustum const&, glm::vec<3, float, (glm::qualifier)0> const&)::{lambda(ChunkRenderer&)#1}&, ChunkRenderer&) (invoke.h:63)
              n1: 125829120 0x462F22: std::enable_if<is_invocable_r_v<void, WorldRenderer::renderChunks(ShaderProgram&, Camera::Frustum const&, glm::vec<3, float, (glm::qualifier)0> const&)::{lambda(ChunkRenderer&)#1}&, ChunkRenderer&>, void>::type std::__invoke_r<void, WorldRenderer::renderChunks(ShaderProgram&, Camera::Frustum const&, glm::vec<3, float, (glm::qualifier)0> const&)::{lambda(ChunkRenderer&)#1}&, ChunkRenderer&>(WorldRenderer::renderChunks(ShaderProgram&, Camera::Frustum const&, glm::vec<3, float, (glm::qualifier)0> const&)::{lambda(ChunkRenderer&)#1}&, ChunkRenderer&) (invoke.h:113)
               n1: 125829120 0x462A7C: std::_Function_handler<void (ChunkRenderer&), WorldRenderer::renderChunks(ShaderProgram&, Camera::Frustum const&, glm::vec<3, float, (glm::qualifier)0> const&)::{lambda(ChunkRenderer&)#1}>::_M_invoke(std::_Any_data const&, ChunkRenderer&) (std_function.h:295)
                n1: 125829120 0x466E80: std::function<void (ChunkRenderer&)>::operator()(ChunkRenderer&) const (std_function.h:581)
                 n1: 125829120 0x4652BB: ContiguousStorage<ChunkRenderer, 784ul, glm::vec<3, int, (glm::qualifier)0>, MathHelpers::glmVecLexicoGraphic<int, 3ul> >::forEach(std::function<void (ChunkRenderer&)>) (Helpers.hpp:383)
                  n1: 125829120 0x461A9A: WorldRenderer::renderChunks(ShaderProgram&, Camera::Frustum const&, glm::vec<3, float, (glm::qualifier)0> const&) (WorldRenderer.cpp:59)
                   n0: 125829120 0x40317E: main (main.cpp:422)
           n0: 27262976 in 2 places, all below massif's threshold (1.00%)
         n0: 16912384 in 1 place, below massif's threshold (1.00%)
       n0: 4194304 in 1 place, below massif's threshold (1.00%)
      n2: 46678016 0xC5D6F8E: __libc_malloc2 (malloc.c:3253)
       n2: 42078208 0xD46AD81: ??? (in /usr/lib64/libnvidia-glcore.so.595.71.05)
        n2: 41029632 0xCDA4325: ??? (in /usr/lib64/libnvidia-glcore.so.595.71.05)
         n1: 37748736 0xCDA4441: ??? (in /usr/lib64/libnvidia-glcore.so.595.71.05)
          n0: 37748736 in 12 places, all below massif's threshold (1.00%)
         n0: 3280896 in 1 place, below massif's threshold (1.00%)
        n0: 1048576 in 1 place, below massif's threshold (1.00%)
       n0: 4599808 in 2 places, all below massif's threshold (1.00%)
   n1: 75534336 0xC5C8410: allocate_thread_stack (allocatestack.c:169)
    n1: 75534336 0xC5C8410: allocate_stack (allocatestack.c:508)
     n1: 75534336 0xC5C8410: pthread_create@@GLIBC_2.34 (pthread_create.c:680)
      n1: 75534336 0xC1AF488: __gthread_create (gthr-default.h:709)
       n1: 75534336 0xC1AF488: std::thread::_M_start_thread(std::unique_ptr<std::thread::_State, std::default_delete<std::thread::_State> >, void (*)()) (thread.cc:173)
        n0: 75534336 in 3 places, all below massif's threshold (1.00%)
   n0: 42770432 in 7 places, all below massif's threshold (1.00%)
 n1: 254623744 0xB34F85C: __mmap64 (mmap64.c:58)
  n3: 254623744 0xB34F85C: mmap (mmap64.c:46)
   n1: 152305664 0xB332822: _dl_map_segment (dl-map-segments.h:30)
    n1: 152305664 0xB332822: _dl_map_segments (dl-map-segments.h:102)
     n1: 152305664 0xB332822: _dl_map_object_from_fd (dl-load.c:1259)
      n2: 152305664 0xB334008: _dl_map_new_object (dl-load.c:2187)
       n1: 149884928 0xB32DABC: openaux (dl-deps.c:64)
        n1: 149884928 0xB32C728: _dl_catch_exception (dl-catch.c:241)
         n2: 149884928 0xB32DEEE: _dl_map_object_deps (dl-deps.c:232)
          n1: 136835072 0xB337FCF: dl_open_worker_begin (dl-open.c:609)
           n1: 136835072 0xB32C728: _dl_catch_exception (dl-catch.c:241)
            n1: 136835072 0xB337542: dl_open_worker (dl-open.c:762)
             n1: 136835072 0xB32C728: _dl_catch_exception (dl-catch.c:241)
              n1: 136835072 0xB337AA9: _dl_open (dl-open.c:900)
               n1: 136835072 0xC5C3C03: dlopen_doit (dlopen.c:56)
                n1: 136835072 0xB32C728: _dl_catch_exception (dl-catch.c:241)
                 n1: 136835072 0xB32C878: _dl_catch_error (dl-catch.c:260)
                  n1: 136835072 0xC5C36F2: _dlerror_run (dlerror.c:138)
                   n1: 136835072 0xC5C3CBA: dlopen_implementation (dlopen.c:71)
                    n2: 136835072 0xC5C3CBA: dlopen@@GLIBC_2.34 (dlopen.c:81)
                     n1: 135471104 0xBEF6F63: __glXLookupVendorByName.part.0 (libglxmapping.c:428)
                      n1: 135471104 0xBEF7D19: __glXLookupVendorByName (libglxmapping.c:391)
                       n1: 135471104 0xBEF7D19: __glXLookupVendorByScreen.part.0 (libglxmapping.c:572)
                        n1: 135471104 0xBEF8CB1: __glXLookupVendorByScreen (libglxmapping.c:524)
                         n1: 135471104 0xBEF8CB1: __glXGetDynDispatch (libglxmapping.c:610)
                          n1: 135471104 0xBEF8CB1: glXQueryExtensionsString (libglx.c:1473)
                           n1: 135471104 0xC0EB7AC: extensionSupportedGLX (in /home/leo/Cours/S8/HAI819I_moteur_jeux/build/external/glfw/src/libglfw.so.3.4)
                            n1: 135471104 0xC0EBEEA: _glfwInitGLX (in /home/leo/Cours/S8/HAI819I_moteur_jeux/build/external/glfw/src/libglfw.so.3.4)
                             n1: 135471104 0xC0E79BE: _glfwCreateWindowX11 (in /home/leo/Cours/S8/HAI819I_moteur_jeux/build/external/glfw/src/libglfw.so.3.4)
                              n1: 135471104 0xC0D374D: glfwCreateWindow (in /home/leo/Cours/S8/HAI819I_moteur_jeux/build/external/glfw/src/libglfw.so.3.4)
                               n1: 135471104 0x40A1A7: Window::init() (Window.hpp:241)
                                n1: 135471104 0x4012FC: globalInit(Window&) (main.cpp:53)
                                 n0: 135471104 0x401CE1: main (main.cpp:166)
                     n0: 1363968 in 2 places, all below massif's threshold (1.00%)
          n0: 13049856 in 1 place, below massif's threshold (1.00%)
       n0: 2420736 in 2 places, all below massif's threshold (1.00%)
   n1: 100982784 0xB332974: _dl_map_segments (dl-map-segments.h:140)
    n1: 100982784 0xB332974: _dl_map_object_from_fd (dl-load.c:1259)
     n2: 100982784 0xB334008: _dl_map_new_object (dl-load.c:2187)
      n1: 99446784 0xB32DABC: openaux (dl-deps.c:64)
       n1: 99446784 0xB32C728: _dl_catch_exception (dl-catch.c:241)
        n2: 99446784 0xB32DEEE: _dl_map_object_deps (dl-deps.c:232)
         n1: 93831168 0xB337FCF: dl_open_worker_begin (dl-open.c:609)
          n1: 93831168 0xB32C728: _dl_catch_exception (dl-catch.c:241)
           n1: 93831168 0xB337542: dl_open_worker (dl-open.c:762)
            n1: 93831168 0xB32C728: _dl_catch_exception (dl-catch.c:241)
             n1: 93831168 0xB337AA9: _dl_open (dl-open.c:900)
              n1: 93831168 0xC5C3C03: dlopen_doit (dlopen.c:56)
               n1: 93831168 0xB32C728: _dl_catch_exception (dl-catch.c:241)
                n1: 93831168 0xB32C878: _dl_catch_error (dl-catch.c:260)
                 n1: 93831168 0xC5C36F2: _dlerror_run (dlerror.c:138)
                  n1: 93831168 0xC5C3CBA: dlopen_implementation (dlopen.c:71)
                   n2: 93831168 0xC5C3CBA: dlopen@@GLIBC_2.34 (dlopen.c:81)
                    n1: 93372416 0xBEF6F63: __glXLookupVendorByName.part.0 (libglxmapping.c:428)
                     n1: 93372416 0xBEF7D19: __glXLookupVendorByName (libglxmapping.c:391)
                      n1: 93372416 0xBEF7D19: __glXLookupVendorByScreen.part.0 (libglxmapping.c:572)
                       n1: 93372416 0xBEF8CB1: __glXLookupVendorByScreen (libglxmapping.c:524)
                        n1: 93372416 0xBEF8CB1: __glXGetDynDispatch (libglxmapping.c:610)
                         n1: 93372416 0xBEF8CB1: glXQueryExtensionsString (libglx.c:1473)
                          n1: 93372416 0xC0EB7AC: extensionSupportedGLX (in /home/leo/Cours/S8/HAI819I_moteur_jeux/build/external/glfw/src/libglfw.so.3.4)
                           n1: 93372416 0xC0EBEEA: _glfwInitGLX (in /home/leo/Cours/S8/HAI819I_moteur_jeux/build/external/glfw/src/libglfw.so.3.4)
                            n1: 93372416 0xC0E79BE: _glfwCreateWindowX11 (in /home/leo/Cours/S8/HAI819I_moteur_jeux/build/external/glfw/src/libglfw.so.3.4)
                             n1: 93372416 0xC0D374D: glfwCreateWindow (in /home/leo/Cours/S8/HAI819I_moteur_jeux/build/external/glfw/src/libglfw.so.3.4)
                              n1: 93372416 0x40A1A7: Window::init() (Window.hpp:241)
                               n1: 93372416 0x4012FC: globalInit(Window&) (main.cpp:53)
                                n0: 93372416 0x401CE1: main (main.cpp:166)
                    n0: 458752 in 2 places, all below massif's threshold (1.00%)
         n0: 5615616 in 1 place, below massif's threshold (1.00%)
      n0: 1536000 in 2 places, all below massif's threshold (1.00%)
   n0: 1335296 in 3 places, all below massif's threshold (1.00%)
 n0: 183943168 0x0: ???
 n0: 8376320 in 3 places, all below massif's threshold (1.00%)
#-----------
snapshot=37
#-----------
time=132569235408
mem_heap_B=3605745664
mem_heap_extra_B=0
mem_stacks_B=0
heap_tree=empty
#-----------
snapshot=38
#-----------
time=134645575120
mem_heap_B=3683340288
mem_heap_extra_B=0
mem_stacks_B=0
heap_tree=empty
#-----------
snapshot=39
#-----------
time=137750625653
mem_heap_B=3817558016
mem_heap_extra_B=0
mem_stacks_B=0
heap_tree=empty
#-----------
snapshot=40
#-----------
time=143900046024
mem_heap_B=3818606592
mem_heap_extra_B=0
mem_stacks_B=0
heap_tree=empty
#-----------
snapshot=41
#-----------
time=146640781962
mem_heap_B=3965407232
mem_heap_extra_B=0
mem_stacks_B=0
heap_tree=detailed
n4: 3965407232 (page allocation syscalls) mmap/mremap/brk, --alloc-fns, etc.
 n1: 3518464000 0xC647B7C: __mmap64 (mmap64.c:58)
  n5: 3518464000 0xC647B7C: mmap (mmap64.c:46)
   n2: 1811939328 0xC5D45C6: alloc_new_heap (arena.c:405)
    n1: 1543503872 0xC5D58FB: sysmalloc (malloc.c:2395)
     n1: 1543503872 0xC5D6C17: _int_malloc (malloc.c:4334)
      n1: 1543503872 0xC5D6EED: __libc_malloc2 (malloc.c:3261)
       n1: 1543503872 0xC17E2FB: operator new(unsigned long) (new_op.cc:50)
        n1: 1543503872 0x46F3E0: std::__detail::_MakeUniq<std::array<Chunk, 7ul> >::__single_object std::make_unique<std::array<Chunk, 7ul>>() (unique_ptr.h:1105)
         n1: 1543503872 0x46E643: Chunk& ContiguousStorage<Chunk, 16777216ul, glm::vec<3, int, (glm::qualifier)0>, MathHelpers::glmVecLexicoGraphic<int, 3ul> >::emplace<World*, glm::vec<3, int, (glm::qualifier)0> const&, GenType&>(glm::vec<3, int, (glm::qualifier)0>, World*&&, glm::vec<3, int, (glm::qualifier)0> const&, GenType&) (Helpers.hpp:320)
          n1: 1543503872 0x46D041: World::addChunk(glm::vec<3, int, (glm::qualifier)0> const&) (World.cpp:27)
           n1: 1543503872 0x46DA55: World::generate(std::vector<glm::vec<3, float, (glm::qualifier)0>, std::allocator<glm::vec<3, float, (glm::qualifier)0> > > const&) (World.cpp:132)
            n1: 1543503872 0x46DB3A: World::selfUpdate(std::vector<glm::vec<3, float, (glm::qualifier)0>, std::allocator<glm::vec<3, float, (glm::qualifier)0> > > const&) (World.cpp:141)
             n1: 1543503872 0x401559: worldThread() (main.cpp:137)
              n1: 1543503872 0x460E7D: void std::__invoke_impl<void, void (*)()>(std::__invoke_other, void (*&&)()) (invoke.h:63)
               n1: 1543503872 0x460DC9: std::__invoke_result<void (*)()>::type std::__invoke<void (*)()>(void (*&&)()) (invoke.h:98)
                n1: 1543503872 0x460C81: void std::thread::_Invoker<std::tuple<void (*)()> >::_M_invoke<0ul>(std::_Index_tuple<0ul>) (std_thread.h:303)
                 n1: 1543503872 0x460BBB: std::thread::_Invoker<std::tuple<void (*)()> >::operator()() (std_thread.h:310)
                  n1: 1543503872 0x460B17: std::thread::_State_impl<std::thread::_Invoker<std::tuple<void (*)()> > >::_M_run() (std_thread.h:255)
                   n1: 1543503872 0xC1AF3B5: execute_native_thread_routine (thread.cc:105)
                    n1: 1543503872 0xC5C7758: start_thread (pthread_create.c:454)
                     n0: 1543503872 0xC64B733: clone (clone.S:100)
    n1: 268435456 0xC5D4A89: _int_new_arena (arena.c:637)
     n1: 268435456 0xC5D4A89: arena_get2 (arena.c:856)
      n1: 268435456 0xC5D4A89: arena_get2 (arena.c:817)
       n1: 268435456 0xC5D6F36: __libc_malloc2 (malloc.c:3259)
        n2: 268435456 0xC17E2FB: operator new(unsigned long) (new_op.cc:50)
         n1: 201326592 0x436996: std::__new_allocator<char>::allocate(unsigned long, void const*) (new_allocator.h:162)
          n1: 201326592 0x43E5F2: allocate (allocator.h:206)
           n1: 201326592 0x43E5F2: allocate (alloc_traits.h:638)
            n1: 201326592 0x43E5F2: std::_Vector_base<char, std::allocator<char> >::_M_allocate(unsigned long) (stl_vector.h:389)
             n1: 201326592 0x43B88C: std::_Vector_base<char, std::allocator<char> >::_M_create_storage(unsigned long) (stl_vector.h:407)
              n1: 201326592 0x437F12: std::_Vector_base<char, std::allocator<char> >::_Vector_base(unsigned long, std::allocator<char> const&) (stl_vector.h:341)
               n1: 201326592 0x4340BE: std::vector<char, std::allocator<char> >::vector(unsigned long, std::allocator<char> const&) (stl_vector.h:577)
                n1: 201326592 0x42FBF6: filewatch::FileWatch<std::__cxx11::basic_string<char, std::char_traits<char>, std::allocator<char> > >::monitor_directory() (FileWatch.hpp:617)
                 n1: 201326592 0x42A351: filewatch::FileWatch<std::__cxx11::basic_string<char, std::char_traits<char>, std::allocator<char> > >::init()::{lambda()#2}::operator()() const (FileWatch.hpp:349)
                  n1: 201326592 0x460E06: void std::__invoke_impl<void, filewatch::FileWatch<std::__cxx11::basic_string<char, std::char_traits<char>, std::allocator<char> > >::init()::{lambda()#2}>(std::__invoke_other, filewatch::FileWatch<std::__cxx11::basic_string<char, std::char_traits<char>, std::allocator<char> > >::init()::{lambda()#2}&&) (invoke.h:63)
                   n1: 201326592 0x460D1D: std::__invoke_result<filewatch::FileWatch<std::__cxx11::basic_string<char, std::char_traits<char>, std::allocator<char> > >::init()::{lambda()#2}>::type std::__invoke<filewatch::FileWatch<std::__cxx11::basic_string<char, std::char_traits<char>, std::allocator<char> > >::init()::{lambda()#2}>(filewatch::FileWatch<std::__cxx11::basic_string<char, std::char_traits<char>, std::allocator<char> > >::init()::{lambda()#2}&&) (invoke.h:98)
                    n1: 201326592 0x460C0F: void std::thread::_Invoker<std::tuple<filewatch::FileWatch<std::__cxx11::basic_string<char, std::char_traits<char>, std::allocator<char> > >::init()::{lambda()#2}> >::_M_invoke<0ul>(std::_Index_tuple<0ul>) (std_thread.h:303)
                     n1: 201326592 0x460B69: std::thread::_Invoker<std::tuple<filewatch::FileWatch<std::__cxx11::basic_string<char, std::char_traits<char>, std::allocator<char> > >::init()::{lambda()#2}> >::operator()() (std_thread.h:310)
                      n1: 201326592 0x460987: std::thread::_State_impl<std::thread::_Invoker<std::tuple<filewatch::FileWatch<std::__cxx11::basic_string<char, std::char_traits<char>, std::allocator<char> > >::init()::{lambda()#2}> > >::_M_run() (std_thread.h:255)
                       n1: 201326592 0xC1AF3B5: execute_native_thread_routine (thread.cc:105)
                        n1: 201326592 0xC5C7758: start_thread (pthread_create.c:454)
                         n0: 201326592 0xC64B733: clone (clone.S:100)
         n1: 67108864 0x43188E: std::__new_allocator<glm::vec<3, float, (glm::qualifier)0> >::allocate(unsigned long, void const*) (new_allocator.h:162)
          n1: 67108864 0x41EE5A: allocate (allocator.h:206)
           n1: 67108864 0x41EE5A: allocate (alloc_traits.h:638)
            n1: 67108864 0x41EE5A: std::_Vector_base<glm::vec<3, float, (glm::qualifier)0>, std::allocator<glm::vec<3, float, (glm::qualifier)0> > >::_M_allocate(unsigned long) (stl_vector.h:389)
             n1: 67108864 0x421E4D: glm::vec<3, float, (glm::qualifier)0>* std::vector<glm::vec<3, float, (glm::qualifier)0>, std::allocator<glm::vec<3, float, (glm::qualifier)0> > >::_M_allocate_and_copy<__gnu_cxx::__normal_iterator<glm::vec<3, float, (glm::qualifier)0> const*, std::vector<glm::vec<3, float, (glm::qualifier)0>, std::allocator<glm::vec<3, float, (glm::qualifier)0> > > > >(unsigned long, __gnu_cxx::__normal_iterator<glm::vec<3, float, (glm::qualifier)0> const*, std::vector<glm::vec<3, float, (glm::qualifier)0>, std::allocator<glm::vec<3, float, (glm::qualifier)0> > > >, __gnu_cxx::__normal_iterator<glm::vec<3, float, (glm::qualifier)0> const*, std::vector<glm::vec<3, float, (glm::qualifier)0>, std::allocator<glm::vec<3, float, (glm::qualifier)0> > > >) (stl_vector.h:1900)
              n1: 67108864 0x418DC7: std::vector<glm::vec<3, float, (glm::qualifier)0>, std::allocator<glm::vec<3, float, (glm::qualifier)0> > >::operator=(std::vector<glm::vec<3, float, (glm::qualifier)0>, std::allocator<glm::vec<3, float, (glm::qualifier)0> > > const&) (vector.tcc:242)
               n1: 67108864 0x401482: worldThread() (main.cpp:123)
                n1: 67108864 0x460E7D: void std::__invoke_impl<void, void (*)()>(std::__invoke_other, void (*&&)()) (invoke.h:63)
                 n1: 67108864 0x460DC9: std::__invoke_result<void (*)()>::type std::__invoke<void (*)()>(void (*&&)()) (invoke.h:98)
                  n1: 67108864 0x460C81: void std::thread::_Invoker<std::tuple<void (*)()> >::_M_invoke<0ul>(std::_Index_tuple<0ul>) (std_thread.h:303)
                   n1: 67108864 0x460BBB: std::thread::_Invoker<std::tuple<void (*)()> >::operator()() (std_thread.h:310)
                    n1: 67108864 0x460B17: std::thread::_State_impl<std::thread::_Invoker<std::tuple<void (*)()> > >::_M_run() (std_thread.h:255)
                     n1: 67108864 0xC1AF3B5: execute_native_thread_routine (thread.cc:105)
                      n1: 67108864 0xC5C7758: start_thread (pthread_create.c:454)
                       n0: 67108864 0xC64B733: clone (clone.S:100)
   n2: 1342177280 0xC5D44D5: alloc_new_heap (arena.c:395)
    n1: 1275068416 0xC5D58FB: sysmalloc (malloc.c:2395)
     n1: 1275068416 0xC5D6C17: _int_malloc (malloc.c:4334)
      n1: 1275068416 0xC5D6EED: __libc_malloc2 (malloc.c:3261)
       n1: 1275068416 0xC17E2FB: operator new(unsigned long) (new_op.cc:50)
        n1: 1275068416 0x46F3E0: std::__detail::_MakeUniq<std::array<Chunk, 7ul> >::__single_object std::make_unique<std::array<Chunk, 7ul>>() (unique_ptr.h:1105)
         n1: 1275068416 0x46E643: Chunk& ContiguousStorage<Chunk, 16777216ul, glm::vec<3, int, (glm::qualifier)0>, MathHelpers::glmVecLexicoGraphic<int, 3ul> >::emplace<World*, glm::vec<3, int, (glm::qualifier)0> const&, GenType&>(glm::vec<3, int, (glm::qualifier)0>, World*&&, glm::vec<3, int, (glm::qualifier)0> const&, GenType&) (Helpers.hpp:320)
          n1: 1275068416 0x46D041: World::addChunk(glm::vec<3, int, (glm::qualifier)0> const&) (World.cpp:27)
           n1: 1275068416 0x46DA55: World::generate(std::vector<glm::vec<3, float, (glm::qualifier)0>, std::allocator<glm::vec<3, float, (glm::qualifier)0> > > const&) (World.cpp:132)
            n1: 1275068416 0x46DB3A: World::selfUpdate(std::vector<glm::vec<3, float, (glm::qualifier)0>, std::allocator<glm::vec<3, float, (glm::qualifier)0> > > const&) (World.cpp:141)
             n1: 1275068416 0x401559: worldThread() (main.cpp:137)
              n1: 1275068416 0x460E7D: void std::__invoke_impl<void, void (*)()>(std::__invoke_other, void (*&&)()) (invoke.h:63)
               n1: 1275068416 0x460DC9: std::__invoke_result<void (*)()>::type std::__invoke<void (*)()>(void (*&&)()) (invoke.h:98)
                n1: 1275068416 0x460C81: void std::thread::_Invoker<std::tuple<void (*)()> >::_M_invoke<0ul>(std::_Index_tuple<0ul>) (std_thread.h:303)
                 n1: 1275068416 0x460BBB: std::thread::_Invoker<std::tuple<void (*)()> >::operator()() (std_thread.h:310)
                  n1: 1275068416 0x460B17: std::thread::_State_impl<std::thread::_Invoker<std::tuple<void (*)()> > >::_M_run() (std_thread.h:255)
                   n1: 1275068416 0xC1AF3B5: execute_native_thread_routine (thread.cc:105)
                    n1: 1275068416 0xC5C7758: start_thread (pthread_create.c:454)
                     n0: 1275068416 0xC64B733: clone (clone.S:100)
    n1: 67108864 0xC5D4A89: _int_new_arena (arena.c:637)
     n1: 67108864 0xC5D4A89: arena_get2 (arena.c:856)
      n1: 67108864 0xC5D4A89: arena_get2 (arena.c:817)
       n1: 67108864 0xC5D6F36: __libc_malloc2 (malloc.c:3259)
        n1: 67108864 0xC17E2FB: operator new(unsigned long) (new_op.cc:50)
         n1: 67108864 0x436996: std::__new_allocator<char>::allocate(unsigned long, void const*) (new_allocator.h:162)
          n1: 67108864 0x43E5F2: allocate (allocator.h:206)
           n1: 67108864 0x43E5F2: allocate (alloc_traits.h:638)
            n1: 67108864 0x43E5F2: std::_Vector_base<char, std::allocator<char> >::_M_allocate(unsigned long) (stl_vector.h:389)
             n1: 67108864 0x43B88C: std::_Vector_base<char, std::allocator<char> >::_M_create_storage(unsigned long) (stl_vector.h:407)
              n1: 67108864 0x437F12: std::_Vector_base<char, std::allocator<char> >::_Vector_base(unsigned long, std::allocator<char> const&) (stl_vector.h:341)
               n1: 67108864 0x4340BE: std::vector<char, std::allocator<char> >::vector(unsigned long, std::allocator<char> const&) (stl_vector.h:577)
                n1: 67108864 0x42FBF6: filewatch::FileWatch<std::__cxx11::basic_string<char, std::char_traits<char>, std::allocator<char> > >::monitor_directory() (FileWatch.hpp:617)
                 n1: 67108864 0x42A351: filewatch::FileWatch<std::__cxx11::basic_string<char, std::char_traits<char>, std::allocator<char> > >::init()::{lambda()#2}::operator()() const (FileWatch.hpp:349)
                  n1: 67108864 0x460E06: void std::__invoke_impl<void, filewatch::FileWatch<std::__cxx11::basic_string<char, std::char_traits<char>, std::allocator<char> > >::init()::{lambda()#2}>(std::__invoke_other, filewatch::FileWatch<std::__cxx11::basic_string<char, std::char_traits<char>, std::allocator<char> > >::init()::{lambda()#2}&&) (invoke.h:63)
                   n1: 67108864 0x460D1D: std::__invoke_result<filewatch::FileWatch<std::__cxx11::basic_string<char, std::char_traits<char>, std::allocator<char> > >::init()::{lambda()#2}>::type std::__invoke<filewatch::FileWatch<std::__cxx11::basic_string<char, std::char_traits<char>, std::allocator<char> > >::init()::{lambda()#2}>(filewatch::FileWatch<std::__cxx11::basic_string<char, std::char_traits<char>, std::allocator<char> > >::init()::{lambda()#2}&&) (invoke.h:98)
                    n1: 67108864 0x460C0F: void std::thread::_Invoker<std::tuple<filewatch::FileWatch<std::__cxx11::basic_string<char, std::char_traits<char>, std::allocator<char> > >::init()::{lambda()#2}> >::_M_invoke<0ul>(std::_Index_tuple<0ul>) (std_thread.h:303)
                     n1: 67108864 0x460B69: std::thread::_Invoker<std::tuple<filewatch::FileWatch<std::__cxx11::basic_string<char, std::char_traits<char>, std::allocator<char> > >::init()::{lambda()#2}> >::operator()() (std_thread.h:310)
                      n1: 67108864 0x460987: std::thread::_State_impl<std::thread::_Invoker<std::tuple<filewatch::FileWatch<std::__cxx11::basic_string<char, std::char_traits<char>, std::allocator<char> > >::init()::{lambda()#2}> > >::_M_run() (std_thread.h:255)
                       n1: 67108864 0xC1AF3B5: execute_native_thread_routine (thread.cc:105)
                        n1: 67108864 0xC5C7758: start_thread (pthread_create.c:454)
                         n0: 67108864 0xC64B733: clone (clone.S:100)
   n1: 246042624 0xC5D5CBD: sysmalloc_mmap_fallback (malloc.c:2289)
    n1: 246042624 0xC5D5CBD: sysmalloc (malloc.c:2501)
     n2: 246042624 0xC5D6C17: _int_malloc (malloc.c:4334)
      n2: 199364608 0xC5D6EED: __libc_malloc2 (malloc.c:3261)
       n1: 195170304 0xD46AD81: ??? (in /usr/lib64/libnvidia-glcore.so.595.71.05)
        n2: 195170304 0xD1D01EA: ??? (in /usr/lib64/libnvidia-glcore.so.595.71.05)
         n1: 178257920 0xD1B3595: ??? (in /usr/lib64/libnvidia-glcore.so.595.71.05)
          n2: 178257920 0xD1B3AC1: ??? (in /usr/lib64/libnvidia-glcore.so.595.71.05)
           n1: 149946368 0x473BE0: ChunkRenderer::updateShaderData(glm::vec<3, float, (glm::qualifier)0> const&) (Chunk.cpp:360)
            n1: 149946368 0x4615E9: WorldRenderer::renderChunks(ShaderProgram&, Camera::Frustum const&, glm::vec<3, float, (glm::qualifier)0> const&)::{lambda(ChunkRenderer&)#1}::operator()(ChunkRenderer&) const (WorldRenderer.cpp:64)
             n1: 149946368 0x463438: void std::__invoke_impl<void, WorldRenderer::renderChunks(ShaderProgram&, Camera::Frustum const&, glm::vec<3, float, (glm::qualifier)0> const&)::{lambda(ChunkRenderer&)#1}&, ChunkRenderer&>(std::__invoke_other, WorldRenderer::renderChunks(ShaderProgram&, Camera::Frustum const&, glm::vec<3, float, (glm::qualifier)0> const&)::{lambda(ChunkRenderer&)#1}&, ChunkRenderer&) (invoke.h:63)
              n1: 149946368 0x462F22: std::enable_if<is_invocable_r_v<void, WorldRenderer::renderChunks(ShaderProgram&, Camera::Frustum const&, glm::vec<3, float, (glm::qualifier)0> const&)::{lambda(ChunkRenderer&)#1}&, ChunkRenderer&>, void>::type std::__invoke_r<void, WorldRenderer::renderChunks(ShaderProgram&, Camera::Frustum const&, glm::vec<3, float, (glm::qualifier)0> const&)::{lambda(ChunkRenderer&)#1}&, ChunkRenderer&>(WorldRenderer::renderChunks(ShaderProgram&, Camera::Frustum const&, glm::vec<3, float, (glm::qualifier)0> const&)::{lambda(ChunkRenderer&)#1}&, ChunkRenderer&) (invoke.h:113)
               n1: 149946368 0x462A7C: std::_Function_handler<void (ChunkRenderer&), WorldRenderer::renderChunks(ShaderProgram&, Camera::Frustum const&, glm::vec<3, float, (glm::qualifier)0> const&)::{lambda(ChunkRenderer&)#1}>::_M_invoke(std::_Any_data const&, ChunkRenderer&) (std_function.h:295)
                n1: 149946368 0x466E80: std::function<void (ChunkRenderer&)>::operator()(ChunkRenderer&) const (std_function.h:581)
                 n1: 149946368 0x4652BB: ContiguousStorage<ChunkRenderer, 784ul, glm::vec<3, int, (glm::qualifier)0>, MathHelpers::glmVecLexicoGraphic<int, 3ul> >::forEach(std::function<void (ChunkRenderer&)>) (Helpers.hpp:383)
                  n1: 149946368 0x461A9A: WorldRenderer::renderChunks(ShaderProgram&, Camera::Frustum const&, glm::vec<3, float, (glm::qualifier)0> const&) (WorldRenderer.cpp:59)
                   n0: 149946368 0x40317E: main (main.cpp:422)
           n0: 28311552 in 2 places, all below massif's threshold (1.00%)
         n0: 16912384 in 1 place, below massif's threshold (1.00%)
       n0: 4194304 in 1 place, below massif's threshold (1.00%)
      n2: 46678016 0xC5D6F8E: __libc_malloc2 (malloc.c:3253)
       n2: 42078208 0xD46AD81: ??? (in /usr/lib64/libnvidia-glcore.so.595.71.05)
        n1: 41029632 0xCDA4325: ??? (in /usr/lib64/libnvidia-glcore.so.595.71.05)
         n0: 41029632 in 2 places, all below massif's threshold (1.00%)
        n0: 1048576 in 1 place, below massif's threshold (1.00%)
       n0: 4599808 in 2 places, all below massif's threshold (1.00%)
   n1: 75534336 0xC5C8410: allocate_thread_stack (allocatestack.c:169)
    n1: 75534336 0xC5C8410: allocate_stack (allocatestack.c:508)
     n1: 75534336 0xC5C8410: pthread_create@@GLIBC_2.34 (pthread_create.c:680)
      n1: 75534336 0xC1AF488: __gthread_create (gthr-default.h:709)
       n1: 75534336 0xC1AF488: std::thread::_M_start_thread(std::unique_ptr<std::thread::_State, std::default_delete<std::thread::_State> >, void (*)()) (thread.cc:173)
        n0: 75534336 in 3 places, all below massif's threshold (1.00%)
   n0: 42770432 in 7 places, all below massif's threshold (1.00%)
 n1: 254623744 0xB34F85C: __mmap64 (mmap64.c:58)
  n3: 254623744 0xB34F85C: mmap (mmap64.c:46)
   n1: 152305664 0xB332822: _dl_map_segment (dl-map-segments.h:30)
    n1: 152305664 0xB332822: _dl_map_segments (dl-map-segments.h:102)
     n1: 152305664 0xB332822: _dl_map_object_from_fd (dl-load.c:1259)
      n2: 152305664 0xB334008: _dl_map_new_object (dl-load.c:2187)
       n1: 149884928 0xB32DABC: openaux (dl-deps.c:64)
        n1: 149884928 0xB32C728: _dl_catch_exception (dl-catch.c:241)
         n2: 149884928 0xB32DEEE: _dl_map_object_deps (dl-deps.c:232)
          n1: 136835072 0xB337FCF: dl_open_worker_begin (dl-open.c:609)
           n1: 136835072 0xB32C728: _dl_catch_exception (dl-catch.c:241)
            n1: 136835072 0xB337542: dl_open_worker (dl-open.c:762)
             n1: 136835072 0xB32C728: _dl_catch_exception (dl-catch.c:241)
              n1: 136835072 0xB337AA9: _dl_open (dl-open.c:900)
               n1: 136835072 0xC5C3C03: dlopen_doit (dlopen.c:56)
                n1: 136835072 0xB32C728: _dl_catch_exception (dl-catch.c:241)
                 n1: 136835072 0xB32C878: _dl_catch_error (dl-catch.c:260)
                  n1: 136835072 0xC5C36F2: _dlerror_run (dlerror.c:138)
                   n1: 136835072 0xC5C3CBA: dlopen_implementation (dlopen.c:71)
                    n2: 136835072 0xC5C3CBA: dlopen@@GLIBC_2.34 (dlopen.c:81)
                     n1: 135471104 0xBEF6F63: __glXLookupVendorByName.part.0 (libglxmapping.c:428)
                      n1: 135471104 0xBEF7D19: __glXLookupVendorByName (libglxmapping.c:391)
                       n1: 135471104 0xBEF7D19: __glXLookupVendorByScreen.part.0 (libglxmapping.c:572)
                        n1: 135471104 0xBEF8CB1: __glXLookupVendorByScreen (libglxmapping.c:524)
                         n1: 135471104 0xBEF8CB1: __glXGetDynDispatch (libglxmapping.c:610)
                          n1: 135471104 0xBEF8CB1: glXQueryExtensionsString (libglx.c:1473)
                           n1: 135471104 0xC0EB7AC: extensionSupportedGLX (in /home/leo/Cours/S8/HAI819I_moteur_jeux/build/external/glfw/src/libglfw.so.3.4)
                            n1: 135471104 0xC0EBEEA: _glfwInitGLX (in /home/leo/Cours/S8/HAI819I_moteur_jeux/build/external/glfw/src/libglfw.so.3.4)
                             n1: 135471104 0xC0E79BE: _glfwCreateWindowX11 (in /home/leo/Cours/S8/HAI819I_moteur_jeux/build/external/glfw/src/libglfw.so.3.4)
                              n1: 135471104 0xC0D374D: glfwCreateWindow (in /home/leo/Cours/S8/HAI819I_moteur_jeux/build/external/glfw/src/libglfw.so.3.4)
                               n1: 135471104 0x40A1A7: Window::init() (Window.hpp:241)
                                n1: 135471104 0x4012FC: globalInit(Window&) (main.cpp:53)
                                 n0: 135471104 0x401CE1: main (main.cpp:166)
                     n0: 1363968 in 2 places, all below massif's threshold (1.00%)
          n0: 13049856 in 1 place, below massif's threshold (1.00%)
       n0: 2420736 in 2 places, all below massif's threshold (1.00%)
   n1: 100982784 0xB332974: _dl_map_segments (dl-map-segments.h:140)
    n1: 100982784 0xB332974: _dl_map_object_from_fd (dl-load.c:1259)
     n2: 100982784 0xB334008: _dl_map_new_object (dl-load.c:2187)
      n1: 99446784 0xB32DABC: openaux (dl-deps.c:64)
       n1: 99446784 0xB32C728: _dl_catch_exception (dl-catch.c:241)
        n2: 99446784 0xB32DEEE: _dl_map_object_deps (dl-deps.c:232)
         n1: 93831168 0xB337FCF: dl_open_worker_begin (dl-open.c:609)
          n1: 93831168 0xB32C728: _dl_catch_exception (dl-catch.c:241)
           n1: 93831168 0xB337542: dl_open_worker (dl-open.c:762)
            n1: 93831168 0xB32C728: _dl_catch_exception (dl-catch.c:241)
             n1: 93831168 0xB337AA9: _dl_open (dl-open.c:900)
              n1: 93831168 0xC5C3C03: dlopen_doit (dlopen.c:56)
               n1: 93831168 0xB32C728: _dl_catch_exception (dl-catch.c:241)
                n1: 93831168 0xB32C878: _dl_catch_error (dl-catch.c:260)
                 n1: 93831168 0xC5C36F2: _dlerror_run (dlerror.c:138)
                  n1: 93831168 0xC5C3CBA: dlopen_implementation (dlopen.c:71)
                   n2: 93831168 0xC5C3CBA: dlopen@@GLIBC_2.34 (dlopen.c:81)
                    n1: 93372416 0xBEF6F63: __glXLookupVendorByName.part.0 (libglxmapping.c:428)
                     n1: 93372416 0xBEF7D19: __glXLookupVendorByName (libglxmapping.c:391)
                      n1: 93372416 0xBEF7D19: __glXLookupVendorByScreen.part.0 (libglxmapping.c:572)
                       n1: 93372416 0xBEF8CB1: __glXLookupVendorByScreen (libglxmapping.c:524)
                        n1: 93372416 0xBEF8CB1: __glXGetDynDispatch (libglxmapping.c:610)
                         n1: 93372416 0xBEF8CB1: glXQueryExtensionsString (libglx.c:1473)
                          n1: 93372416 0xC0EB7AC: extensionSupportedGLX (in /home/leo/Cours/S8/HAI819I_moteur_jeux/build/external/glfw/src/libglfw.so.3.4)
                           n1: 93372416 0xC0EBEEA: _glfwInitGLX (in /home/leo/Cours/S8/HAI819I_moteur_jeux/build/external/glfw/src/libglfw.so.3.4)
                            n1: 93372416 0xC0E79BE: _glfwCreateWindowX11 (in /home/leo/Cours/S8/HAI819I_moteur_jeux/build/external/glfw/src/libglfw.so.3.4)
                             n1: 93372416 0xC0D374D: glfwCreateWindow (in /home/leo/Cours/S8/HAI819I_moteur_jeux/build/external/glfw/src/libglfw.so.3.4)
                              n1: 93372416 0x40A1A7: Window::init() (Window.hpp:241)
                               n1: 93372416 0x4012FC: globalInit(Window&) (main.cpp:53)
                                n0: 93372416 0x401CE1: main (main.cpp:166)
                    n0: 458752 in 2 places, all below massif's threshold (1.00%)
         n0: 5615616 in 1 place, below massif's threshold (1.00%)
      n0: 1536000 in 2 places, all below massif's threshold (1.00%)
   n0: 1335296 in 3 places, all below massif's threshold (1.00%)
 n0: 183943168 0x0: ???
 n0: 8376320 in 3 places, all below massif's threshold (1.00%)
#-----------
snapshot=42
#-----------
time=149995534376
mem_heap_B=3899346944
mem_heap_extra_B=0
mem_stacks_B=0
heap_tree=empty
#-----------
snapshot=43
#-----------
time=153663218185
mem_heap_B=4112207872
mem_heap_extra_B=0
mem_stacks_B=0
heap_tree=detailed
n4: 4112207872 (page allocation syscalls) mmap/mremap/brk, --alloc-fns, etc.
 n1: 3665264640 0xC647B7C: __mmap64 (mmap64.c:58)
  n5: 3665264640 0xC647B7C: mmap (mmap64.c:46)
   n2: 1946157056 0xC5D45C6: alloc_new_heap (arena.c:405)
    n1: 1677721600 0xC5D58FB: sysmalloc (malloc.c:2395)
     n1: 1677721600 0xC5D6C17: _int_malloc (malloc.c:4334)
      n1: 1677721600 0xC5D6EED: __libc_malloc2 (malloc.c:3261)
       n1: 1677721600 0xC17E2FB: operator new(unsigned long) (new_op.cc:50)
        n1: 1677721600 0x46F3E0: std::__detail::_MakeUniq<std::array<Chunk, 7ul> >::__single_object std::make_unique<std::array<Chunk, 7ul>>() (unique_ptr.h:1105)
         n1: 1677721600 0x46E643: Chunk& ContiguousStorage<Chunk, 16777216ul, glm::vec<3, int, (glm::qualifier)0>, MathHelpers::glmVecLexicoGraphic<int, 3ul> >::emplace<World*, glm::vec<3, int, (glm::qualifier)0> const&, GenType&>(glm::vec<3, int, (glm::qualifier)0>, World*&&, glm::vec<3, int, (glm::qualifier)0> const&, GenType&) (Helpers.hpp:320)
          n1: 1677721600 0x46D041: World::addChunk(glm::vec<3, int, (glm::qualifier)0> const&) (World.cpp:27)
           n1: 1677721600 0x46DA55: World::generate(std::vector<glm::vec<3, float, (glm::qualifier)0>, std::allocator<glm::vec<3, float, (glm::qualifier)0> > > const&) (World.cpp:132)
            n1: 1677721600 0x46DB3A: World::selfUpdate(std::vector<glm::vec<3, float, (glm::qualifier)0>, std::allocator<glm::vec<3, float, (glm::qualifier)0> > > const&) (World.cpp:141)
             n1: 1677721600 0x401559: worldThread() (main.cpp:137)
              n1: 1677721600 0x460E7D: void std::__invoke_impl<void, void (*)()>(std::__invoke_other, void (*&&)()) (invoke.h:63)
               n1: 1677721600 0x460DC9: std::__invoke_result<void (*)()>::type std::__invoke<void (*)()>(void (*&&)()) (invoke.h:98)
                n1: 1677721600 0x460C81: void std::thread::_Invoker<std::tuple<void (*)()> >::_M_invoke<0ul>(std::_Index_tuple<0ul>) (std_thread.h:303)
                 n1: 1677721600 0x460BBB: std::thread::_Invoker<std::tuple<void (*)()> >::operator()() (std_thread.h:310)
                  n1: 1677721600 0x460B17: std::thread::_State_impl<std::thread::_Invoker<std::tuple<void (*)()> > >::_M_run() (std_thread.h:255)
                   n1: 1677721600 0xC1AF3B5: execute_native_thread_routine (thread.cc:105)
                    n1: 1677721600 0xC5C7758: start_thread (pthread_create.c:454)
                     n0: 1677721600 0xC64B733: clone (clone.S:100)
    n1: 268435456 0xC5D4A89: _int_new_arena (arena.c:637)
     n1: 268435456 0xC5D4A89: arena_get2 (arena.c:856)
      n1: 268435456 0xC5D4A89: arena_get2 (arena.c:817)
       n1: 268435456 0xC5D6F36: __libc_malloc2 (malloc.c:3259)
        n2: 268435456 0xC17E2FB: operator new(unsigned long) (new_op.cc:50)
         n1: 201326592 0x436996: std::__new_allocator<char>::allocate(unsigned long, void const*) (new_allocator.h:162)
          n1: 201326592 0x43E5F2: allocate (allocator.h:206)
           n1: 201326592 0x43E5F2: allocate (alloc_traits.h:638)
            n1: 201326592 0x43E5F2: std::_Vector_base<char, std::allocator<char> >::_M_allocate(unsigned long) (stl_vector.h:389)
             n1: 201326592 0x43B88C: std::_Vector_base<char, std::allocator<char> >::_M_create_storage(unsigned long) (stl_vector.h:407)
              n1: 201326592 0x437F12: std::_Vector_base<char, std::allocator<char> >::_Vector_base(unsigned long, std::allocator<char> const&) (stl_vector.h:341)
               n1: 201326592 0x4340BE: std::vector<char, std::allocator<char> >::vector(unsigned long, std::allocator<char> const&) (stl_vector.h:577)
                n1: 201326592 0x42FBF6: filewatch::FileWatch<std::__cxx11::basic_string<char, std::char_traits<char>, std::allocator<char> > >::monitor_directory() (FileWatch.hpp:617)
                 n1: 201326592 0x42A351: filewatch::FileWatch<std::__cxx11::basic_string<char, std::char_traits<char>, std::allocator<char> > >::init()::{lambda()#2}::operator()() const (FileWatch.hpp:349)
                  n1: 201326592 0x460E06: void std::__invoke_impl<void, filewatch::FileWatch<std::__cxx11::basic_string<char, std::char_traits<char>, std::allocator<char> > >::init()::{lambda()#2}>(std::__invoke_other, filewatch::FileWatch<std::__cxx11::basic_string<char, std::char_traits<char>, std::allocator<char> > >::init()::{lambda()#2}&&) (invoke.h:63)
                   n1: 201326592 0x460D1D: std::__invoke_result<filewatch::FileWatch<std::__cxx11::basic_string<char, std::char_traits<char>, std::allocator<char> > >::init()::{lambda()#2}>::type std::__invoke<filewatch::FileWatch<std::__cxx11::basic_string<char, std::char_traits<char>, std::allocator<char> > >::init()::{lambda()#2}>(filewatch::FileWatch<std::__cxx11::basic_string<char, std::char_traits<char>, std::allocator<char> > >::init()::{lambda()#2}&&) (invoke.h:98)
                    n1: 201326592 0x460C0F: void std::thread::_Invoker<std::tuple<filewatch::FileWatch<std::__cxx11::basic_string<char, std::char_traits<char>, std::allocator<char> > >::init()::{lambda()#2}> >::_M_invoke<0ul>(std::_Index_tuple<0ul>) (std_thread.h:303)
                     n1: 201326592 0x460B69: std::thread::_Invoker<std::tuple<filewatch::FileWatch<std::__cxx11::basic_string<char, std::char_traits<char>, std::allocator<char> > >::init()::{lambda()#2}> >::operator()() (std_thread.h:310)
                      n1: 201326592 0x460987: std::thread::_State_impl<std::thread::_Invoker<std::tuple<filewatch::FileWatch<std::__cxx11::basic_string<char, std::char_traits<char>, std::allocator<char> > >::init()::{lambda()#2}> > >::_M_run() (std_thread.h:255)
                       n1: 201326592 0xC1AF3B5: execute_native_thread_routine (thread.cc:105)
                        n1: 201326592 0xC5C7758: start_thread (pthread_create.c:454)
                         n0: 201326592 0xC64B733: clone (clone.S:100)
         n1: 67108864 0x43188E: std::__new_allocator<glm::vec<3, float, (glm::qualifier)0> >::allocate(unsigned long, void const*) (new_allocator.h:162)
          n1: 67108864 0x41EE5A: allocate (allocator.h:206)
           n1: 67108864 0x41EE5A: allocate (alloc_traits.h:638)
            n1: 67108864 0x41EE5A: std::_Vector_base<glm::vec<3, float, (glm::qualifier)0>, std::allocator<glm::vec<3, float, (glm::qualifier)0> > >::_M_allocate(unsigned long) (stl_vector.h:389)
             n1: 67108864 0x421E4D: glm::vec<3, float, (glm::qualifier)0>* std::vector<glm::vec<3, float, (glm::qualifier)0>, std::allocator<glm::vec<3, float, (glm::qualifier)0> > >::_M_allocate_and_copy<__gnu_cxx::__normal_iterator<glm::vec<3, float, (glm::qualifier)0> const*, std::vector<glm::vec<3, float, (glm::qualifier)0>, std::allocator<glm::vec<3, float, (glm::qualifier)0> > > > >(unsigned long, __gnu_cxx::__normal_iterator<glm::vec<3, float, (glm::qualifier)0> const*, std::vector<glm::vec<3, float, (glm::qualifier)0>, std::allocator<glm::vec<3, float, (glm::qualifier)0> > > >, __gnu_cxx::__normal_iterator<glm::vec<3, float, (glm::qualifier)0> const*, std::vector<glm::vec<3, float, (glm::qualifier)0>, std::allocator<glm::vec<3, float, (glm::qualifier)0> > > >) (stl_vector.h:1900)
              n1: 67108864 0x418DC7: std::vector<glm::vec<3, float, (glm::qualifier)0>, std::allocator<glm::vec<3, float, (glm::qualifier)0> > >::operator=(std::vector<glm::vec<3, float, (glm::qualifier)0>, std::allocator<glm::vec<3, float, (glm::qualifier)0> > > const&) (vector.tcc:242)
               n1: 67108864 0x401482: worldThread() (main.cpp:123)
                n1: 67108864 0x460E7D: void std::__invoke_impl<void, void (*)()>(std::__invoke_other, void (*&&)()) (invoke.h:63)
                 n1: 67108864 0x460DC9: std::__invoke_result<void (*)()>::type std::__invoke<void (*)()>(void (*&&)()) (invoke.h:98)
                  n1: 67108864 0x460C81: void std::thread::_Invoker<std::tuple<void (*)()> >::_M_invoke<0ul>(std::_Index_tuple<0ul>) (std_thread.h:303)
                   n1: 67108864 0x460BBB: std::thread::_Invoker<std::tuple<void (*)()> >::operator()() (std_thread.h:310)
                    n1: 67108864 0x460B17: std::thread::_State_impl<std::thread::_Invoker<std::tuple<void (*)()> > >::_M_run() (std_thread.h:255)
                     n1: 67108864 0xC1AF3B5: execute_native_thread_routine (thread.cc:105)
                      n1: 67108864 0xC5C7758: start_thread (pthread_create.c:454)
                       n0: 67108864 0xC64B733: clone (clone.S:100)
   n2: 1342177280 0xC5D44D5: alloc_new_heap (arena.c:395)
    n1: 1275068416 0xC5D58FB: sysmalloc (malloc.c:2395)
     n1: 1275068416 0xC5D6C17: _int_malloc (malloc.c:4334)
      n1: 1275068416 0xC5D6EED: __libc_malloc2 (malloc.c:3261)
       n1: 1275068416 0xC17E2FB: operator new(unsigned long) (new_op.cc:50)
        n1: 1275068416 0x46F3E0: std::__detail::_MakeUniq<std::array<Chunk, 7ul> >::__single_object std::make_unique<std::array<Chunk, 7ul>>() (unique_ptr.h:1105)
         n1: 1275068416 0x46E643: Chunk& ContiguousStorage<Chunk, 16777216ul, glm::vec<3, int, (glm::qualifier)0>, MathHelpers::glmVecLexicoGraphic<int, 3ul> >::emplace<World*, glm::vec<3, int, (glm::qualifier)0> const&, GenType&>(glm::vec<3, int, (glm::qualifier)0>, World*&&, glm::vec<3, int, (glm::qualifier)0> const&, GenType&) (Helpers.hpp:320)
          n1: 1275068416 0x46D041: World::addChunk(glm::vec<3, int, (glm::qualifier)0> const&) (World.cpp:27)
           n1: 1275068416 0x46DA55: World::generate(std::vector<glm::vec<3, float, (glm::qualifier)0>, std::allocator<glm::vec<3, float, (glm::qualifier)0> > > const&) (World.cpp:132)
            n1: 1275068416 0x46DB3A: World::selfUpdate(std::vector<glm::vec<3, float, (glm::qualifier)0>, std::allocator<glm::vec<3, float, (glm::qualifier)0> > > const&) (World.cpp:141)
             n1: 1275068416 0x401559: worldThread() (main.cpp:137)
              n1: 1275068416 0x460E7D: void std::__invoke_impl<void, void (*)()>(std::__invoke_other, void (*&&)()) (invoke.h:63)
               n1: 1275068416 0x460DC9: std::__invoke_result<void (*)()>::type std::__invoke<void (*)()>(void (*&&)()) (invoke.h:98)
                n1: 1275068416 0x460C81: void std::thread::_Invoker<std::tuple<void (*)()> >::_M_invoke<0ul>(std::_Index_tuple<0ul>) (std_thread.h:303)
                 n1: 1275068416 0x460BBB: std::thread::_Invoker<std::tuple<void (*)()> >::operator()() (std_thread.h:310)
                  n1: 1275068416 0x460B17: std::thread::_State_impl<std::thread::_Invoker<std::tuple<void (*)()> > >::_M_run() (std_thread.h:255)
                   n1: 1275068416 0xC1AF3B5: execute_native_thread_routine (thread.cc:105)
                    n1: 1275068416 0xC5C7758: start_thread (pthread_create.c:454)
                     n0: 1275068416 0xC64B733: clone (clone.S:100)
    n1: 67108864 0xC5D4A89: _int_new_arena (arena.c:637)
     n1: 67108864 0xC5D4A89: arena_get2 (arena.c:856)
      n1: 67108864 0xC5D4A89: arena_get2 (arena.c:817)
       n1: 67108864 0xC5D6F36: __libc_malloc2 (malloc.c:3259)
        n1: 67108864 0xC17E2FB: operator new(unsigned long) (new_op.cc:50)
         n1: 67108864 0x436996: std::__new_allocator<char>::allocate(unsigned long, void const*) (new_allocator.h:162)
          n1: 67108864 0x43E5F2: allocate (allocator.h:206)
           n1: 67108864 0x43E5F2: allocate (alloc_traits.h:638)
            n1: 67108864 0x43E5F2: std::_Vector_base<char, std::allocator<char> >::_M_allocate(unsigned long) (stl_vector.h:389)
             n1: 67108864 0x43B88C: std::_Vector_base<char, std::allocator<char> >::_M_create_storage(unsigned long) (stl_vector.h:407)
              n1: 67108864 0x437F12: std::_Vector_base<char, std::allocator<char> >::_Vector_base(unsigned long, std::allocator<char> const&) (stl_vector.h:341)
               n1: 67108864 0x4340BE: std::vector<char, std::allocator<char> >::vector(unsigned long, std::allocator<char> const&) (stl_vector.h:577)
                n1: 67108864 0x42FBF6: filewatch::FileWatch<std::__cxx11::basic_string<char, std::char_traits<char>, std::allocator<char> > >::monitor_directory() (FileWatch.hpp:617)
                 n1: 67108864 0x42A351: filewatch::FileWatch<std::__cxx11::basic_string<char, std::char_traits<char>, std::allocator<char> > >::init()::{lambda()#2}::operator()() const (FileWatch.hpp:349)
                  n1: 67108864 0x460E06: void std::__invoke_impl<void, filewatch::FileWatch<std::__cxx11::basic_string<char, std::char_traits<char>, std::allocator<char> > >::init()::{lambda()#2}>(std::__invoke_other, filewatch::FileWatch<std::__cxx11::basic_string<char, std::char_traits<char>, std::allocator<char> > >::init()::{lambda()#2}&&) (invoke.h:63)
                   n1: 67108864 0x460D1D: std::__invoke_result<filewatch::FileWatch<std::__cxx11::basic_string<char, std::char_traits<char>, std::allocator<char> > >::init()::{lambda()#2}>::type std::__invoke<filewatch::FileWatch<std::__cxx11::basic_string<char, std::char_traits<char>, std::allocator<char> > >::init()::{lambda()#2}>(filewatch::FileWatch<std::__cxx11::basic_string<char, std::char_traits<char>, std::allocator<char> > >::init()::{lambda()#2}&&) (invoke.h:98)
                    n1: 67108864 0x460C0F: void std::thread::_Invoker<std::tuple<filewatch::FileWatch<std::__cxx11::basic_string<char, std::char_traits<char>, std::allocator<char> > >::init()::{lambda()#2}> >::_M_invoke<0ul>(std::_Index_tuple<0ul>) (std_thread.h:303)
                     n1: 67108864 0x460B69: std::thread::_Invoker<std::tuple<filewatch::FileWatch<std::__cxx11::basic_string<char, std::char_traits<char>, std::allocator<char> > >::init()::{lambda()#2}> >::operator()() (std_thread.h:310)
                      n1: 67108864 0x460987: std::thread::_State_impl<std::thread::_Invoker<std::tuple<filewatch::FileWatch<std::__cxx11::basic_string<char, std::char_traits<char>, std::allocator<char> > >::init()::{lambda()#2}> > >::_M_run() (std_thread.h:255)
                       n1: 67108864 0xC1AF3B5: execute_native_thread_routine (thread.cc:105)
                        n1: 67108864 0xC5C7758: start_thread (pthread_create.c:454)
                         n0: 67108864 0xC64B733: clone (clone.S:100)
   n1: 258625536 0xC5D5CBD: sysmalloc_mmap_fallback (malloc.c:2289)
    n1: 258625536 0xC5D5CBD: sysmalloc (malloc.c:2501)
     n2: 258625536 0xC5D6C17: _int_malloc (malloc.c:4334)
      n2: 211947520 0xC5D6EED: __libc_malloc2 (malloc.c:3261)
       n1: 207753216 0xD46AD81: ??? (in /usr/lib64/libnvidia-glcore.so.595.71.05)
        n2: 207753216 0xD1D01EA: ??? (in /usr/lib64/libnvidia-glcore.so.595.71.05)
         n1: 190840832 0xD1B3595: ??? (in /usr/lib64/libnvidia-glcore.so.595.71.05)
          n2: 190840832 0xD1B3AC1: ??? (in /usr/lib64/libnvidia-glcore.so.595.71.05)
           n1: 160432128 0x473BE0: ChunkRenderer::updateShaderData(glm::vec<3, float, (glm::qualifier)0> const&) (Chunk.cpp:360)
            n1: 160432128 0x4615E9: WorldRenderer::renderChunks(ShaderProgram&, Camera::Frustum const&, glm::vec<3, float, (glm::qualifier)0> const&)::{lambda(ChunkRenderer&)#1}::operator()(ChunkRenderer&) const (WorldRenderer.cpp:64)
             n1: 160432128 0x463438: void std::__invoke_impl<void, WorldRenderer::renderChunks(ShaderProgram&, Camera::Frustum const&, glm::vec<3, float, (glm::qualifier)0> const&)::{lambda(ChunkRenderer&)#1}&, ChunkRenderer&>(std::__invoke_other, WorldRenderer::renderChunks(ShaderProgram&, Camera::Frustum const&, glm::vec<3, float, (glm::qualifier)0> const&)::{lambda(ChunkRenderer&)#1}&, ChunkRenderer&) (invoke.h:63)
              n1: 160432128 0x462F22: std::enable_if<is_invocable_r_v<void, WorldRenderer::renderChunks(ShaderProgram&, Camera::Frustum const&, glm::vec<3, float, (glm::qualifier)0> const&)::{lambda(ChunkRenderer&)#1}&, ChunkRenderer&>, void>::type std::__invoke_r<void, WorldRenderer::renderChunks(ShaderProgram&, Camera::Frustum const&, glm::vec<3, float, (glm::qualifier)0> const&)::{lambda(ChunkRenderer&)#1}&, ChunkRenderer&>(WorldRenderer::renderChunks(ShaderProgram&, Camera::Frustum const&, glm::vec<3, float, (glm::qualifier)0> const&)::{lambda(ChunkRenderer&)#1}&, ChunkRenderer&) (invoke.h:113)
               n1: 160432128 0x462A7C: std::_Function_handler<void (ChunkRenderer&), WorldRenderer::renderChunks(ShaderProgram&, Camera::Frustum const&, glm::vec<3, float, (glm::qualifier)0> const&)::{lambda(ChunkRenderer&)#1}>::_M_invoke(std::_Any_data const&, ChunkRenderer&) (std_function.h:295)
                n1: 160432128 0x466E80: std::function<void (ChunkRenderer&)>::operator()(ChunkRenderer&) const (std_function.h:581)
                 n1: 160432128 0x4652BB: ContiguousStorage<ChunkRenderer, 784ul, glm::vec<3, int, (glm::qualifier)0>, MathHelpers::glmVecLexicoGraphic<int, 3ul> >::forEach(std::function<void (ChunkRenderer&)>) (Helpers.hpp:383)
                  n1: 160432128 0x461A9A: WorldRenderer::renderChunks(ShaderProgram&, Camera::Frustum const&, glm::vec<3, float, (glm::qualifier)0> const&) (WorldRenderer.cpp:59)
                   n0: 160432128 0x40317E: main (main.cpp:422)
           n0: 30408704 in 2 places, all below massif's threshold (1.00%)
         n0: 16912384 in 1 place, below massif's threshold (1.00%)
       n0: 4194304 in 1 place, below massif's threshold (1.00%)
      n2: 46678016 0xC5D6F8E: __libc_malloc2 (malloc.c:3253)
       n1: 42078208 0xD46AD81: ??? (in /usr/lib64/libnvidia-glcore.so.595.71.05)
        n0: 42078208 in 2 places, all below massif's threshold (1.00%)
       n0: 4599808 in 2 places, all below massif's threshold (1.00%)
   n1: 75534336 0xC5C8410: allocate_thread_stack (allocatestack.c:169)
    n1: 75534336 0xC5C8410: allocate_stack (allocatestack.c:508)
     n1: 75534336 0xC5C8410: pthread_create@@GLIBC_2.34 (pthread_create.c:680)
      n1: 75534336 0xC1AF488: __gthread_create (gthr-default.h:709)
       n1: 75534336 0xC1AF488: std::thread::_M_start_thread(std::unique_ptr<std::thread::_State, std::default_delete<std::thread::_State> >, void (*)()) (thread.cc:173)
        n0: 75534336 in 3 places, all below massif's threshold (1.00%)
   n0: 42770432 in 7 places, all below massif's threshold (1.00%)
 n1: 254623744 0xB34F85C: __mmap64 (mmap64.c:58)
  n3: 254623744 0xB34F85C: mmap (mmap64.c:46)
   n1: 152305664 0xB332822: _dl_map_segment (dl-map-segments.h:30)
    n1: 152305664 0xB332822: _dl_map_segments (dl-map-segments.h:102)
     n1: 152305664 0xB332822: _dl_map_object_from_fd (dl-load.c:1259)
      n2: 152305664 0xB334008: _dl_map_new_object (dl-load.c:2187)
       n1: 149884928 0xB32DABC: openaux (dl-deps.c:64)
        n1: 149884928 0xB32C728: _dl_catch_exception (dl-catch.c:241)
         n2: 149884928 0xB32DEEE: _dl_map_object_deps (dl-deps.c:232)
          n1: 136835072 0xB337FCF: dl_open_worker_begin (dl-open.c:609)
           n1: 136835072 0xB32C728: _dl_catch_exception (dl-catch.c:241)
            n1: 136835072 0xB337542: dl_open_worker (dl-open.c:762)
             n1: 136835072 0xB32C728: _dl_catch_exception (dl-catch.c:241)
              n1: 136835072 0xB337AA9: _dl_open (dl-open.c:900)
               n1: 136835072 0xC5C3C03: dlopen_doit (dlopen.c:56)
                n1: 136835072 0xB32C728: _dl_catch_exception (dl-catch.c:241)
                 n1: 136835072 0xB32C878: _dl_catch_error (dl-catch.c:260)
                  n1: 136835072 0xC5C36F2: _dlerror_run (dlerror.c:138)
                   n1: 136835072 0xC5C3CBA: dlopen_implementation (dlopen.c:71)
                    n2: 136835072 0xC5C3CBA: dlopen@@GLIBC_2.34 (dlopen.c:81)
                     n1: 135471104 0xBEF6F63: __glXLookupVendorByName.part.0 (libglxmapping.c:428)
                      n1: 135471104 0xBEF7D19: __glXLookupVendorByName (libglxmapping.c:391)
                       n1: 135471104 0xBEF7D19: __glXLookupVendorByScreen.part.0 (libglxmapping.c:572)
                        n1: 135471104 0xBEF8CB1: __glXLookupVendorByScreen (libglxmapping.c:524)
                         n1: 135471104 0xBEF8CB1: __glXGetDynDispatch (libglxmapping.c:610)
                          n1: 135471104 0xBEF8CB1: glXQueryExtensionsString (libglx.c:1473)
                           n1: 135471104 0xC0EB7AC: extensionSupportedGLX (in /home/leo/Cours/S8/HAI819I_moteur_jeux/build/external/glfw/src/libglfw.so.3.4)
                            n1: 135471104 0xC0EBEEA: _glfwInitGLX (in /home/leo/Cours/S8/HAI819I_moteur_jeux/build/external/glfw/src/libglfw.so.3.4)
                             n1: 135471104 0xC0E79BE: _glfwCreateWindowX11 (in /home/leo/Cours/S8/HAI819I_moteur_jeux/build/external/glfw/src/libglfw.so.3.4)
                              n1: 135471104 0xC0D374D: glfwCreateWindow (in /home/leo/Cours/S8/HAI819I_moteur_jeux/build/external/glfw/src/libglfw.so.3.4)
                               n1: 135471104 0x40A1A7: Window::init() (Window.hpp:241)
                                n1: 135471104 0x4012FC: globalInit(Window&) (main.cpp:53)
                                 n0: 135471104 0x401CE1: main (main.cpp:166)
                     n0: 1363968 in 2 places, all below massif's threshold (1.00%)
          n0: 13049856 in 1 place, below massif's threshold (1.00%)
       n0: 2420736 in 2 places, all below massif's threshold (1.00%)
   n1: 100982784 0xB332974: _dl_map_segments (dl-map-segments.h:140)
    n1: 100982784 0xB332974: _dl_map_object_from_fd (dl-load.c:1259)
     n2: 100982784 0xB334008: _dl_map_new_object (dl-load.c:2187)
      n1: 99446784 0xB32DABC: openaux (dl-deps.c:64)
       n1: 99446784 0xB32C728: _dl_catch_exception (dl-catch.c:241)
        n2: 99446784 0xB32DEEE: _dl_map_object_deps (dl-deps.c:232)
         n1: 93831168 0xB337FCF: dl_open_worker_begin (dl-open.c:609)
          n1: 93831168 0xB32C728: _dl_catch_exception (dl-catch.c:241)
           n1: 93831168 0xB337542: dl_open_worker (dl-open.c:762)
            n1: 93831168 0xB32C728: _dl_catch_exception (dl-catch.c:241)
             n1: 93831168 0xB337AA9: _dl_open (dl-open.c:900)
              n1: 93831168 0xC5C3C03: dlopen_doit (dlopen.c:56)
               n1: 93831168 0xB32C728: _dl_catch_exception (dl-catch.c:241)
                n1: 93831168 0xB32C878: _dl_catch_error (dl-catch.c:260)
                 n1: 93831168 0xC5C36F2: _dlerror_run (dlerror.c:138)
                  n1: 93831168 0xC5C3CBA: dlopen_implementation (dlopen.c:71)
                   n2: 93831168 0xC5C3CBA: dlopen@@GLIBC_2.34 (dlopen.c:81)
                    n1: 93372416 0xBEF6F63: __glXLookupVendorByName.part.0 (libglxmapping.c:428)
                     n1: 93372416 0xBEF7D19: __glXLookupVendorByName (libglxmapping.c:391)
                      n1: 93372416 0xBEF7D19: __glXLookupVendorByScreen.part.0 (libglxmapping.c:572)
                       n1: 93372416 0xBEF8CB1: __glXLookupVendorByScreen (libglxmapping.c:524)
                        n1: 93372416 0xBEF8CB1: __glXGetDynDispatch (libglxmapping.c:610)
                         n1: 93372416 0xBEF8CB1: glXQueryExtensionsString (libglx.c:1473)
                          n1: 93372416 0xC0EB7AC: extensionSupportedGLX (in /home/leo/Cours/S8/HAI819I_moteur_jeux/build/external/glfw/src/libglfw.so.3.4)
                           n1: 93372416 0xC0EBEEA: _glfwInitGLX (in /home/leo/Cours/S8/HAI819I_moteur_jeux/build/external/glfw/src/libglfw.so.3.4)
                            n1: 93372416 0xC0E79BE: _glfwCreateWindowX11 (in /home/leo/Cours/S8/HAI819I_moteur_jeux/build/external/glfw/src/libglfw.so.3.4)
                             n1: 93372416 0xC0D374D: glfwCreateWindow (in /home/leo/Cours/S8/HAI819I_moteur_jeux/build/external/glfw/src/libglfw.so.3.4)
                              n1: 93372416 0x40A1A7: Window::init() (Window.hpp:241)
                               n1: 93372416 0x4012FC: globalInit(Window&) (main.cpp:53)
                                n0: 93372416 0x401CE1: main (main.cpp:166)
                    n0: 458752 in 2 places, all below massif's threshold (1.00%)
         n0: 5615616 in 1 place, below massif's threshold (1.00%)
      n0: 1536000 in 2 places, all below massif's threshold (1.00%)
   n0: 1335296 in 3 places, all below massif's threshold (1.00%)
 n0: 183943168 0x0: ???
 n0: 8376320 in 3 places, all below massif's threshold (1.00%)
#-----------
snapshot=44
#-----------
time=158642281699
mem_heap_B=4046147584
mem_heap_extra_B=0
mem_stacks_B=0
heap_tree=empty
#-----------
snapshot=45
#-----------
time=161663057421
mem_heap_B=4256911360
mem_heap_extra_B=0
mem_stacks_B=0
heap_tree=empty
#-----------
snapshot=46
#-----------
time=164783610486
mem_heap_B=4391129088
mem_heap_extra_B=0
mem_stacks_B=0
heap_tree=empty
#-----------
snapshot=47
#-----------
time=167891735913
mem_heap_B=4525346816
mem_heap_extra_B=0
mem_stacks_B=0
heap_tree=empty
#-----------
snapshot=48
#-----------
time=170981621850
mem_heap_B=4659564544
mem_heap_extra_B=0
mem_stacks_B=0
heap_tree=detailed
n4: 4659564544 (page allocation syscalls) mmap/mremap/brk, --alloc-fns, etc.
 n1: 4212621312 0xC647B7C: __mmap64 (mmap64.c:58)
  n5: 4212621312 0xC647B7C: mmap (mmap64.c:46)
   n2: 2214592512 0xC5D45C6: alloc_new_heap (arena.c:405)
    n1: 1946157056 0xC5D58FB: sysmalloc (malloc.c:2395)
     n1: 1946157056 0xC5D6C17: _int_malloc (malloc.c:4334)
      n1: 1946157056 0xC5D6EED: __libc_malloc2 (malloc.c:3261)
       n1: 1946157056 0xC17E2FB: operator new(unsigned long) (new_op.cc:50)
        n1: 1946157056 0x46F3E0: std::__detail::_MakeUniq<std::array<Chunk, 7ul> >::__single_object std::make_unique<std::array<Chunk, 7ul>>() (unique_ptr.h:1105)
         n1: 1946157056 0x46E643: Chunk& ContiguousStorage<Chunk, 16777216ul, glm::vec<3, int, (glm::qualifier)0>, MathHelpers::glmVecLexicoGraphic<int, 3ul> >::emplace<World*, glm::vec<3, int, (glm::qualifier)0> const&, GenType&>(glm::vec<3, int, (glm::qualifier)0>, World*&&, glm::vec<3, int, (glm::qualifier)0> const&, GenType&) (Helpers.hpp:320)
          n1: 1946157056 0x46D041: World::addChunk(glm::vec<3, int, (glm::qualifier)0> const&) (World.cpp:27)
           n1: 1946157056 0x46DA55: World::generate(std::vector<glm::vec<3, float, (glm::qualifier)0>, std::allocator<glm::vec<3, float, (glm::qualifier)0> > > const&) (World.cpp:132)
            n1: 1946157056 0x46DB3A: World::selfUpdate(std::vector<glm::vec<3, float, (glm::qualifier)0>, std::allocator<glm::vec<3, float, (glm::qualifier)0> > > const&) (World.cpp:141)
             n1: 1946157056 0x401559: worldThread() (main.cpp:137)
              n1: 1946157056 0x460E7D: void std::__invoke_impl<void, void (*)()>(std::__invoke_other, void (*&&)()) (invoke.h:63)
               n1: 1946157056 0x460DC9: std::__invoke_result<void (*)()>::type std::__invoke<void (*)()>(void (*&&)()) (invoke.h:98)
                n1: 1946157056 0x460C81: void std::thread::_Invoker<std::tuple<void (*)()> >::_M_invoke<0ul>(std::_Index_tuple<0ul>) (std_thread.h:303)
                 n1: 1946157056 0x460BBB: std::thread::_Invoker<std::tuple<void (*)()> >::operator()() (std_thread.h:310)
                  n1: 1946157056 0x460B17: std::thread::_State_impl<std::thread::_Invoker<std::tuple<void (*)()> > >::_M_run() (std_thread.h:255)
                   n1: 1946157056 0xC1AF3B5: execute_native_thread_routine (thread.cc:105)
                    n1: 1946157056 0xC5C7758: start_thread (pthread_create.c:454)
                     n0: 1946157056 0xC64B733: clone (clone.S:100)
    n1: 268435456 0xC5D4A89: _int_new_arena (arena.c:637)
     n1: 268435456 0xC5D4A89: arena_get2 (arena.c:856)
      n1: 268435456 0xC5D4A89: arena_get2 (arena.c:817)
       n1: 268435456 0xC5D6F36: __libc_malloc2 (malloc.c:3259)
        n2: 268435456 0xC17E2FB: operator new(unsigned long) (new_op.cc:50)
         n1: 201326592 0x436996: std::__new_allocator<char>::allocate(unsigned long, void const*) (new_allocator.h:162)
          n1: 201326592 0x43E5F2: allocate (allocator.h:206)
           n1: 201326592 0x43E5F2: allocate (alloc_traits.h:638)
            n1: 201326592 0x43E5F2: std::_Vector_base<char, std::allocator<char> >::_M_allocate(unsigned long) (stl_vector.h:389)
             n1: 201326592 0x43B88C: std::_Vector_base<char, std::allocator<char> >::_M_create_storage(unsigned long) (stl_vector.h:407)
              n1: 201326592 0x437F12: std::_Vector_base<char, std::allocator<char> >::_Vector_base(unsigned long, std::allocator<char> const&) (stl_vector.h:341)
               n1: 201326592 0x4340BE: std::vector<char, std::allocator<char> >::vector(unsigned long, std::allocator<char> const&) (stl_vector.h:577)
                n1: 201326592 0x42FBF6: filewatch::FileWatch<std::__cxx11::basic_string<char, std::char_traits<char>, std::allocator<char> > >::monitor_directory() (FileWatch.hpp:617)
                 n1: 201326592 0x42A351: filewatch::FileWatch<std::__cxx11::basic_string<char, std::char_traits<char>, std::allocator<char> > >::init()::{lambda()#2}::operator()() const (FileWatch.hpp:349)
                  n1: 201326592 0x460E06: void std::__invoke_impl<void, filewatch::FileWatch<std::__cxx11::basic_string<char, std::char_traits<char>, std::allocator<char> > >::init()::{lambda()#2}>(std::__invoke_other, filewatch::FileWatch<std::__cxx11::basic_string<char, std::char_traits<char>, std::allocator<char> > >::init()::{lambda()#2}&&) (invoke.h:63)
                   n1: 201326592 0x460D1D: std::__invoke_result<filewatch::FileWatch<std::__cxx11::basic_string<char, std::char_traits<char>, std::allocator<char> > >::init()::{lambda()#2}>::type std::__invoke<filewatch::FileWatch<std::__cxx11::basic_string<char, std::char_traits<char>, std::allocator<char> > >::init()::{lambda()#2}>(filewatch::FileWatch<std::__cxx11::basic_string<char, std::char_traits<char>, std::allocator<char> > >::init()::{lambda()#2}&&) (invoke.h:98)
                    n1: 201326592 0x460C0F: void std::thread::_Invoker<std::tuple<filewatch::FileWatch<std::__cxx11::basic_string<char, std::char_traits<char>, std::allocator<char> > >::init()::{lambda()#2}> >::_M_invoke<0ul>(std::_Index_tuple<0ul>) (std_thread.h:303)
                     n1: 201326592 0x460B69: std::thread::_Invoker<std::tuple<filewatch::FileWatch<std::__cxx11::basic_string<char, std::char_traits<char>, std::allocator<char> > >::init()::{lambda()#2}> >::operator()() (std_thread.h:310)
                      n1: 201326592 0x460987: std::thread::_State_impl<std::thread::_Invoker<std::tuple<filewatch::FileWatch<std::__cxx11::basic_string<char, std::char_traits<char>, std::allocator<char> > >::init()::{lambda()#2}> > >::_M_run() (std_thread.h:255)
                       n1: 201326592 0xC1AF3B5: execute_native_thread_routine (thread.cc:105)
                        n1: 201326592 0xC5C7758: start_thread (pthread_create.c:454)
                         n0: 201326592 0xC64B733: clone (clone.S:100)
         n1: 67108864 0x43188E: std::__new_allocator<glm::vec<3, float, (glm::qualifier)0> >::allocate(unsigned long, void const*) (new_allocator.h:162)
          n1: 67108864 0x41EE5A: allocate (allocator.h:206)
           n1: 67108864 0x41EE5A: allocate (alloc_traits.h:638)
            n1: 67108864 0x41EE5A: std::_Vector_base<glm::vec<3, float, (glm::qualifier)0>, std::allocator<glm::vec<3, float, (glm::qualifier)0> > >::_M_allocate(unsigned long) (stl_vector.h:389)
             n1: 67108864 0x421E4D: glm::vec<3, float, (glm::qualifier)0>* std::vector<glm::vec<3, float, (glm::qualifier)0>, std::allocator<glm::vec<3, float, (glm::qualifier)0> > >::_M_allocate_and_copy<__gnu_cxx::__normal_iterator<glm::vec<3, float, (glm::qualifier)0> const*, std::vector<glm::vec<3, float, (glm::qualifier)0>, std::allocator<glm::vec<3, float, (glm::qualifier)0> > > > >(unsigned long, __gnu_cxx::__normal_iterator<glm::vec<3, float, (glm::qualifier)0> const*, std::vector<glm::vec<3, float, (glm::qualifier)0>, std::allocator<glm::vec<3, float, (glm::qualifier)0> > > >, __gnu_cxx::__normal_iterator<glm::vec<3, float, (glm::qualifier)0> const*, std::vector<glm::vec<3, float, (glm::qualifier)0>, std::allocator<glm::vec<3, float, (glm::qualifier)0> > > >) (stl_vector.h:1900)
              n1: 67108864 0x418DC7: std::vector<glm::vec<3, float, (glm::qualifier)0>, std::allocator<glm::vec<3, float, (glm::qualifier)0> > >::operator=(std::vector<glm::vec<3, float, (glm::qualifier)0>, std::allocator<glm::vec<3, float, (glm::qualifier)0> > > const&) (vector.tcc:242)
               n1: 67108864 0x401482: worldThread() (main.cpp:123)
                n1: 67108864 0x460E7D: void std::__invoke_impl<void, void (*)()>(std::__invoke_other, void (*&&)()) (invoke.h:63)
                 n1: 67108864 0x460DC9: std::__invoke_result<void (*)()>::type std::__invoke<void (*)()>(void (*&&)()) (invoke.h:98)
                  n1: 67108864 0x460C81: void std::thread::_Invoker<std::tuple<void (*)()> >::_M_invoke<0ul>(std::_Index_tuple<0ul>) (std_thread.h:303)
                   n1: 67108864 0x460BBB: std::thread::_Invoker<std::tuple<void (*)()> >::operator()() (std_thread.h:310)
                    n1: 67108864 0x460B17: std::thread::_State_impl<std::thread::_Invoker<std::tuple<void (*)()> > >::_M_run() (std_thread.h:255)
                     n1: 67108864 0xC1AF3B5: execute_native_thread_routine (thread.cc:105)
                      n1: 67108864 0xC5C7758: start_thread (pthread_create.c:454)
                       n0: 67108864 0xC64B733: clone (clone.S:100)
   n2: 1610612736 0xC5D44D5: alloc_new_heap (arena.c:395)
    n1: 1543503872 0xC5D58FB: sysmalloc (malloc.c:2395)
     n1: 1543503872 0xC5D6C17: _int_malloc (malloc.c:4334)
      n1: 1543503872 0xC5D6EED: __libc_malloc2 (malloc.c:3261)
       n1: 1543503872 0xC17E2FB: operator new(unsigned long) (new_op.cc:50)
        n1: 1543503872 0x46F3E0: std::__detail::_MakeUniq<std::array<Chunk, 7ul> >::__single_object std::make_unique<std::array<Chunk, 7ul>>() (unique_ptr.h:1105)
         n1: 1543503872 0x46E643: Chunk& ContiguousStorage<Chunk, 16777216ul, glm::vec<3, int, (glm::qualifier)0>, MathHelpers::glmVecLexicoGraphic<int, 3ul> >::emplace<World*, glm::vec<3, int, (glm::qualifier)0> const&, GenType&>(glm::vec<3, int, (glm::qualifier)0>, World*&&, glm::vec<3, int, (glm::qualifier)0> const&, GenType&) (Helpers.hpp:320)
          n1: 1543503872 0x46D041: World::addChunk(glm::vec<3, int, (glm::qualifier)0> const&) (World.cpp:27)
           n1: 1543503872 0x46DA55: World::generate(std::vector<glm::vec<3, float, (glm::qualifier)0>, std::allocator<glm::vec<3, float, (glm::qualifier)0> > > const&) (World.cpp:132)
            n1: 1543503872 0x46DB3A: World::selfUpdate(std::vector<glm::vec<3, float, (glm::qualifier)0>, std::allocator<glm::vec<3, float, (glm::qualifier)0> > > const&) (World.cpp:141)
             n1: 1543503872 0x401559: worldThread() (main.cpp:137)
              n1: 1543503872 0x460E7D: void std::__invoke_impl<void, void (*)()>(std::__invoke_other, void (*&&)()) (invoke.h:63)
               n1: 1543503872 0x460DC9: std::__invoke_result<void (*)()>::type std::__invoke<void (*)()>(void (*&&)()) (invoke.h:98)
                n1: 1543503872 0x460C81: void std::thread::_Invoker<std::tuple<void (*)()> >::_M_invoke<0ul>(std::_Index_tuple<0ul>) (std_thread.h:303)
                 n1: 1543503872 0x460BBB: std::thread::_Invoker<std::tuple<void (*)()> >::operator()() (std_thread.h:310)
                  n1: 1543503872 0x460B17: std::thread::_State_impl<std::thread::_Invoker<std::tuple<void (*)()> > >::_M_run() (std_thread.h:255)
                   n1: 1543503872 0xC1AF3B5: execute_native_thread_routine (thread.cc:105)
                    n1: 1543503872 0xC5C7758: start_thread (pthread_create.c:454)
                     n0: 1543503872 0xC64B733: clone (clone.S:100)
    n1: 67108864 0xC5D4A89: _int_new_arena (arena.c:637)
     n1: 67108864 0xC5D4A89: arena_get2 (arena.c:856)
      n1: 67108864 0xC5D4A89: arena_get2 (arena.c:817)
       n1: 67108864 0xC5D6F36: __libc_malloc2 (malloc.c:3259)
        n1: 67108864 0xC17E2FB: operator new(unsigned long) (new_op.cc:50)
         n1: 67108864 0x436996: std::__new_allocator<char>::allocate(unsigned long, void const*) (new_allocator.h:162)
          n1: 67108864 0x43E5F2: allocate (allocator.h:206)
           n1: 67108864 0x43E5F2: allocate (alloc_traits.h:638)
            n1: 67108864 0x43E5F2: std::_Vector_base<char, std::allocator<char> >::_M_allocate(unsigned long) (stl_vector.h:389)
             n1: 67108864 0x43B88C: std::_Vector_base<char, std::allocator<char> >::_M_create_storage(unsigned long) (stl_vector.h:407)
              n1: 67108864 0x437F12: std::_Vector_base<char, std::allocator<char> >::_Vector_base(unsigned long, std::allocator<char> const&) (stl_vector.h:341)
               n1: 67108864 0x4340BE: std::vector<char, std::allocator<char> >::vector(unsigned long, std::allocator<char> const&) (stl_vector.h:577)
                n1: 67108864 0x42FBF6: filewatch::FileWatch<std::__cxx11::basic_string<char, std::char_traits<char>, std::allocator<char> > >::monitor_directory() (FileWatch.hpp:617)
                 n1: 67108864 0x42A351: filewatch::FileWatch<std::__cxx11::basic_string<char, std::char_traits<char>, std::allocator<char> > >::init()::{lambda()#2}::operator()() const (FileWatch.hpp:349)
                  n1: 67108864 0x460E06: void std::__invoke_impl<void, filewatch::FileWatch<std::__cxx11::basic_string<char, std::char_traits<char>, std::allocator<char> > >::init()::{lambda()#2}>(std::__invoke_other, filewatch::FileWatch<std::__cxx11::basic_string<char, std::char_traits<char>, std::allocator<char> > >::init()::{lambda()#2}&&) (invoke.h:63)
                   n1: 67108864 0x460D1D: std::__invoke_result<filewatch::FileWatch<std::__cxx11::basic_string<char, std::char_traits<char>, std::allocator<char> > >::init()::{lambda()#2}>::type std::__invoke<filewatch::FileWatch<std::__cxx11::basic_string<char, std::char_traits<char>, std::allocator<char> > >::init()::{lambda()#2}>(filewatch::FileWatch<std::__cxx11::basic_string<char, std::char_traits<char>, std::allocator<char> > >::init()::{lambda()#2}&&) (invoke.h:98)
                    n1: 67108864 0x460C0F: void std::thread::_Invoker<std::tuple<filewatch::FileWatch<std::__cxx11::basic_string<char, std::char_traits<char>, std::allocator<char> > >::init()::{lambda()#2}> >::_M_invoke<0ul>(std::_Index_tuple<0ul>) (std_thread.h:303)
                     n1: 67108864 0x460B69: std::thread::_Invoker<std::tuple<filewatch::FileWatch<std::__cxx11::basic_string<char, std::char_traits<char>, std::allocator<char> > >::init()::{lambda()#2}> >::operator()() (std_thread.h:310)
                      n1: 67108864 0x460987: std::thread::_State_impl<std::thread::_Invoker<std::tuple<filewatch::FileWatch<std::__cxx11::basic_string<char, std::char_traits<char>, std::allocator<char> > >::init()::{lambda()#2}> > >::_M_run() (std_thread.h:255)
                       n1: 67108864 0xC1AF3B5: execute_native_thread_routine (thread.cc:105)
                        n1: 67108864 0xC5C7758: start_thread (pthread_create.c:454)
                         n0: 67108864 0xC64B733: clone (clone.S:100)
   n1: 269111296 0xC5D5CBD: sysmalloc_mmap_fallback (malloc.c:2289)
    n1: 269111296 0xC5D5CBD: sysmalloc (malloc.c:2501)
     n2: 269111296 0xC5D6C17: _int_malloc (malloc.c:4334)
      n2: 222433280 0xC5D6EED: __libc_malloc2 (malloc.c:3261)
       n1: 218238976 0xD46AD81: ??? (in /usr/lib64/libnvidia-glcore.so.595.71.05)
        n2: 218238976 0xD1D01EA: ??? (in /usr/lib64/libnvidia-glcore.so.595.71.05)
         n1: 201326592 0xD1B3595: ??? (in /usr/lib64/libnvidia-glcore.so.595.71.05)
          n2: 201326592 0xD1B3AC1: ??? (in /usr/lib64/libnvidia-glcore.so.595.71.05)
           n1: 168820736 0x473BE0: ChunkRenderer::updateShaderData(glm::vec<3, float, (glm::qualifier)0> const&) (Chunk.cpp:360)
            n1: 168820736 0x4615E9: WorldRenderer::renderChunks(ShaderProgram&, Camera::Frustum const&, glm::vec<3, float, (glm::qualifier)0> const&)::{lambda(ChunkRenderer&)#1}::operator()(ChunkRenderer&) const (WorldRenderer.cpp:64)
             n1: 168820736 0x463438: void std::__invoke_impl<void, WorldRenderer::renderChunks(ShaderProgram&, Camera::Frustum const&, glm::vec<3, float, (glm::qualifier)0> const&)::{lambda(ChunkRenderer&)#1}&, ChunkRenderer&>(std::__invoke_other, WorldRenderer::renderChunks(ShaderProgram&, Camera::Frustum const&, glm::vec<3, float, (glm::qualifier)0> const&)::{lambda(ChunkRenderer&)#1}&, ChunkRenderer&) (invoke.h:63)
              n1: 168820736 0x462F22: std::enable_if<is_invocable_r_v<void, WorldRenderer::renderChunks(ShaderProgram&, Camera::Frustum const&, glm::vec<3, float, (glm::qualifier)0> const&)::{lambda(ChunkRenderer&)#1}&, ChunkRenderer&>, void>::type std::__invoke_r<void, WorldRenderer::renderChunks(ShaderProgram&, Camera::Frustum const&, glm::vec<3, float, (glm::qualifier)0> const&)::{lambda(ChunkRenderer&)#1}&, ChunkRenderer&>(WorldRenderer::renderChunks(ShaderProgram&, Camera::Frustum const&, glm::vec<3, float, (glm::qualifier)0> const&)::{lambda(ChunkRenderer&)#1}&, ChunkRenderer&) (invoke.h:113)
               n1: 168820736 0x462A7C: std::_Function_handler<void (ChunkRenderer&), WorldRenderer::renderChunks(ShaderProgram&, Camera::Frustum const&, glm::vec<3, float, (glm::qualifier)0> const&)::{lambda(ChunkRenderer&)#1}>::_M_invoke(std::_Any_data const&, ChunkRenderer&) (std_function.h:295)
                n1: 168820736 0x466E80: std::function<void (ChunkRenderer&)>::operator()(ChunkRenderer&) const (std_function.h:581)
                 n1: 168820736 0x4652BB: ContiguousStorage<ChunkRenderer, 784ul, glm::vec<3, int, (glm::qualifier)0>, MathHelpers::glmVecLexicoGraphic<int, 3ul> >::forEach(std::function<void (ChunkRenderer&)>) (Helpers.hpp:383)
                  n1: 168820736 0x461A9A: WorldRenderer::renderChunks(ShaderProgram&, Camera::Frustum const&, glm::vec<3, float, (glm::qualifier)0> const&) (WorldRenderer.cpp:59)
                   n0: 168820736 0x40317E: main (main.cpp:422)
           n0: 32505856 in 2 places, all below massif's threshold (1.00%)
         n0: 16912384 in 1 place, below massif's threshold (1.00%)
       n0: 4194304 in 1 place, below massif's threshold (1.00%)
      n1: 46678016 0xC5D6F8E: __libc_malloc2 (malloc.c:3253)
       n0: 46678016 in 3 places, all below massif's threshold (1.00%)
   n1: 75534336 0xC5C8410: allocate_thread_stack (allocatestack.c:169)
    n1: 75534336 0xC5C8410: allocate_stack (allocatestack.c:508)
     n1: 75534336 0xC5C8410: pthread_create@@GLIBC_2.34 (pthread_create.c:680)
      n1: 75534336 0xC1AF488: __gthread_create (gthr-default.h:709)
       n1: 75534336 0xC1AF488: std::thread::_M_start_thread(std::unique_ptr<std::thread::_State, std::default_delete<std::thread::_State> >, void (*)()) (thread.cc:173)
        n0: 75534336 in 3 places, all below massif's threshold (1.00%)
   n0: 42770432 in 7 places, all below massif's threshold (1.00%)
 n1: 254623744 0xB34F85C: __mmap64 (mmap64.c:58)
  n3: 254623744 0xB34F85C: mmap (mmap64.c:46)
   n1: 152305664 0xB332822: _dl_map_segment (dl-map-segments.h:30)
    n1: 152305664 0xB332822: _dl_map_segments (dl-map-segments.h:102)
     n1: 152305664 0xB332822: _dl_map_object_from_fd (dl-load.c:1259)
      n2: 152305664 0xB334008: _dl_map_new_object (dl-load.c:2187)
       n1: 149884928 0xB32DABC: openaux (dl-deps.c:64)
        n1: 149884928 0xB32C728: _dl_catch_exception (dl-catch.c:241)
         n2: 149884928 0xB32DEEE: _dl_map_object_deps (dl-deps.c:232)
          n1: 136835072 0xB337FCF: dl_open_worker_begin (dl-open.c:609)
           n1: 136835072 0xB32C728: _dl_catch_exception (dl-catch.c:241)
            n1: 136835072 0xB337542: dl_open_worker (dl-open.c:762)
             n1: 136835072 0xB32C728: _dl_catch_exception (dl-catch.c:241)
              n1: 136835072 0xB337AA9: _dl_open (dl-open.c:900)
               n1: 136835072 0xC5C3C03: dlopen_doit (dlopen.c:56)
                n1: 136835072 0xB32C728: _dl_catch_exception (dl-catch.c:241)
                 n1: 136835072 0xB32C878: _dl_catch_error (dl-catch.c:260)
                  n1: 136835072 0xC5C36F2: _dlerror_run (dlerror.c:138)
                   n1: 136835072 0xC5C3CBA: dlopen_implementation (dlopen.c:71)
                    n2: 136835072 0xC5C3CBA: dlopen@@GLIBC_2.34 (dlopen.c:81)
                     n1: 135471104 0xBEF6F63: __glXLookupVendorByName.part.0 (libglxmapping.c:428)
                      n1: 135471104 0xBEF7D19: __glXLookupVendorByName (libglxmapping.c:391)
                       n1: 135471104 0xBEF7D19: __glXLookupVendorByScreen.part.0 (libglxmapping.c:572)
                        n1: 135471104 0xBEF8CB1: __glXLookupVendorByScreen (libglxmapping.c:524)
                         n1: 135471104 0xBEF8CB1: __glXGetDynDispatch (libglxmapping.c:610)
                          n1: 135471104 0xBEF8CB1: glXQueryExtensionsString (libglx.c:1473)
                           n1: 135471104 0xC0EB7AC: extensionSupportedGLX (in /home/leo/Cours/S8/HAI819I_moteur_jeux/build/external/glfw/src/libglfw.so.3.4)
                            n1: 135471104 0xC0EBEEA: _glfwInitGLX (in /home/leo/Cours/S8/HAI819I_moteur_jeux/build/external/glfw/src/libglfw.so.3.4)
                             n1: 135471104 0xC0E79BE: _glfwCreateWindowX11 (in /home/leo/Cours/S8/HAI819I_moteur_jeux/build/external/glfw/src/libglfw.so.3.4)
                              n1: 135471104 0xC0D374D: glfwCreateWindow (in /home/leo/Cours/S8/HAI819I_moteur_jeux/build/external/glfw/src/libglfw.so.3.4)
                               n1: 135471104 0x40A1A7: Window::init() (Window.hpp:241)
                                n1: 135471104 0x4012FC: globalInit(Window&) (main.cpp:53)
                                 n0: 135471104 0x401CE1: main (main.cpp:166)
                     n0: 1363968 in 2 places, all below massif's threshold (1.00%)
          n0: 13049856 in 1 place, below massif's threshold (1.00%)
       n0: 2420736 in 2 places, all below massif's threshold (1.00%)
   n1: 100982784 0xB332974: _dl_map_segments (dl-map-segments.h:140)
    n1: 100982784 0xB332974: _dl_map_object_from_fd (dl-load.c:1259)
     n2: 100982784 0xB334008: _dl_map_new_object (dl-load.c:2187)
      n1: 99446784 0xB32DABC: openaux (dl-deps.c:64)
       n1: 99446784 0xB32C728: _dl_catch_exception (dl-catch.c:241)
        n2: 99446784 0xB32DEEE: _dl_map_object_deps (dl-deps.c:232)
         n1: 93831168 0xB337FCF: dl_open_worker_begin (dl-open.c:609)
          n1: 93831168 0xB32C728: _dl_catch_exception (dl-catch.c:241)
           n1: 93831168 0xB337542: dl_open_worker (dl-open.c:762)
            n1: 93831168 0xB32C728: _dl_catch_exception (dl-catch.c:241)
             n1: 93831168 0xB337AA9: _dl_open (dl-open.c:900)
              n1: 93831168 0xC5C3C03: dlopen_doit (dlopen.c:56)
               n1: 93831168 0xB32C728: _dl_catch_exception (dl-catch.c:241)
                n1: 93831168 0xB32C878: _dl_catch_error (dl-catch.c:260)
                 n1: 93831168 0xC5C36F2: _dlerror_run (dlerror.c:138)
                  n1: 93831168 0xC5C3CBA: dlopen_implementation (dlopen.c:71)
                   n2: 93831168 0xC5C3CBA: dlopen@@GLIBC_2.34 (dlopen.c:81)
                    n1: 93372416 0xBEF6F63: __glXLookupVendorByName.part.0 (libglxmapping.c:428)
                     n1: 93372416 0xBEF7D19: __glXLookupVendorByName (libglxmapping.c:391)
                      n1: 93372416 0xBEF7D19: __glXLookupVendorByScreen.part.0 (libglxmapping.c:572)
                       n1: 93372416 0xBEF8CB1: __glXLookupVendorByScreen (libglxmapping.c:524)
                        n1: 93372416 0xBEF8CB1: __glXGetDynDispatch (libglxmapping.c:610)
                         n1: 93372416 0xBEF8CB1: glXQueryExtensionsString (libglx.c:1473)
                          n1: 93372416 0xC0EB7AC: extensionSupportedGLX (in /home/leo/Cours/S8/HAI819I_moteur_jeux/build/external/glfw/src/libglfw.so.3.4)
                           n1: 93372416 0xC0EBEEA: _glfwInitGLX (in /home/leo/Cours/S8/HAI819I_moteur_jeux/build/external/glfw/src/libglfw.so.3.4)
                            n1: 93372416 0xC0E79BE: _glfwCreateWindowX11 (in /home/leo/Cours/S8/HAI819I_moteur_jeux/build/external/glfw/src/libglfw.so.3.4)
                             n1: 93372416 0xC0D374D: glfwCreateWindow (in /home/leo/Cours/S8/HAI819I_moteur_jeux/build/external/glfw/src/libglfw.so.3.4)
                              n1: 93372416 0x40A1A7: Window::init() (Window.hpp:241)
                               n1: 93372416 0x4012FC: globalInit(Window&) (main.cpp:53)
                                n0: 93372416 0x401CE1: main (main.cpp:166)
                    n0: 458752 in 2 places, all below massif's threshold (1.00%)
         n0: 5615616 in 1 place, below massif's threshold (1.00%)
      n0: 1536000 in 2 places, all below massif's threshold (1.00%)
   n0: 1335296 in 3 places, all below massif's threshold (1.00%)
 n0: 183943168 0x0: ???
 n0: 8376320 in 3 places, all below massif's threshold (1.00%)
#-----------
snapshot=49
#-----------
time=174102437190
mem_heap_B=4793782272
mem_heap_extra_B=0
mem_stacks_B=0
heap_tree=empty
#-----------
snapshot=50
#-----------
time=174102437212
mem_heap_B=4793782272
mem_heap_extra_B=0
mem_stacks_B=0
heap_tree=detailed
n4: 4793782272 (page allocation syscalls) mmap/mremap/brk, --alloc-fns, etc.
 n1: 4346839040 0xC647B7C: __mmap64 (mmap64.c:58)
  n5: 4346839040 0xC647B7C: mmap (mmap64.c:46)
   n2: 2281701376 0xC5D45C6: alloc_new_heap (arena.c:405)
    n1: 2013265920 0xC5D58FB: sysmalloc (malloc.c:2395)
     n1: 2013265920 0xC5D6C17: _int_malloc (malloc.c:4334)
      n1: 2013265920 0xC5D6EED: __libc_malloc2 (malloc.c:3261)
       n1: 2013265920 0xC17E2FB: operator new(unsigned long) (new_op.cc:50)
        n1: 2013265920 0x46F3E0: std::__detail::_MakeUniq<std::array<Chunk, 7ul> >::__single_object std::make_unique<std::array<Chunk, 7ul>>() (unique_ptr.h:1105)
         n1: 2013265920 0x46E643: Chunk& ContiguousStorage<Chunk, 16777216ul, glm::vec<3, int, (glm::qualifier)0>, MathHelpers::glmVecLexicoGraphic<int, 3ul> >::emplace<World*, glm::vec<3, int, (glm::qualifier)0> const&, GenType&>(glm::vec<3, int, (glm::qualifier)0>, World*&&, glm::vec<3, int, (glm::qualifier)0> const&, GenType&) (Helpers.hpp:320)
          n1: 2013265920 0x46D041: World::addChunk(glm::vec<3, int, (glm::qualifier)0> const&) (World.cpp:27)
           n1: 2013265920 0x46DA55: World::generate(std::vector<glm::vec<3, float, (glm::qualifier)0>, std::allocator<glm::vec<3, float, (glm::qualifier)0> > > const&) (World.cpp:132)
            n1: 2013265920 0x46DB3A: World::selfUpdate(std::vector<glm::vec<3, float, (glm::qualifier)0>, std::allocator<glm::vec<3, float, (glm::qualifier)0> > > const&) (World.cpp:141)
             n1: 2013265920 0x401559: worldThread() (main.cpp:137)
              n1: 2013265920 0x460E7D: void std::__invoke_impl<void, void (*)()>(std::__invoke_other, void (*&&)()) (invoke.h:63)
               n1: 2013265920 0x460DC9: std::__invoke_result<void (*)()>::type std::__invoke<void (*)()>(void (*&&)()) (invoke.h:98)
                n1: 2013265920 0x460C81: void std::thread::_Invoker<std::tuple<void (*)()> >::_M_invoke<0ul>(std::_Index_tuple<0ul>) (std_thread.h:303)
                 n1: 2013265920 0x460BBB: std::thread::_Invoker<std::tuple<void (*)()> >::operator()() (std_thread.h:310)
                  n1: 2013265920 0x460B17: std::thread::_State_impl<std::thread::_Invoker<std::tuple<void (*)()> > >::_M_run() (std_thread.h:255)
                   n1: 2013265920 0xC1AF3B5: execute_native_thread_routine (thread.cc:105)
                    n1: 2013265920 0xC5C7758: start_thread (pthread_create.c:454)
                     n0: 2013265920 0xC64B733: clone (clone.S:100)
    n1: 268435456 0xC5D4A89: _int_new_arena (arena.c:637)
     n1: 268435456 0xC5D4A89: arena_get2 (arena.c:856)
      n1: 268435456 0xC5D4A89: arena_get2 (arena.c:817)
       n1: 268435456 0xC5D6F36: __libc_malloc2 (malloc.c:3259)
        n2: 268435456 0xC17E2FB: operator new(unsigned long) (new_op.cc:50)
         n1: 201326592 0x436996: std::__new_allocator<char>::allocate(unsigned long, void const*) (new_allocator.h:162)
          n1: 201326592 0x43E5F2: allocate (allocator.h:206)
           n1: 201326592 0x43E5F2: allocate (alloc_traits.h:638)
            n1: 201326592 0x43E5F2: std::_Vector_base<char, std::allocator<char> >::_M_allocate(unsigned long) (stl_vector.h:389)
             n1: 201326592 0x43B88C: std::_Vector_base<char, std::allocator<char> >::_M_create_storage(unsigned long) (stl_vector.h:407)
              n1: 201326592 0x437F12: std::_Vector_base<char, std::allocator<char> >::_Vector_base(unsigned long, std::allocator<char> const&) (stl_vector.h:341)
               n1: 201326592 0x4340BE: std::vector<char, std::allocator<char> >::vector(unsigned long, std::allocator<char> const&) (stl_vector.h:577)
                n1: 201326592 0x42FBF6: filewatch::FileWatch<std::__cxx11::basic_string<char, std::char_traits<char>, std::allocator<char> > >::monitor_directory() (FileWatch.hpp:617)
                 n1: 201326592 0x42A351: filewatch::FileWatch<std::__cxx11::basic_string<char, std::char_traits<char>, std::allocator<char> > >::init()::{lambda()#2}::operator()() const (FileWatch.hpp:349)
                  n1: 201326592 0x460E06: void std::__invoke_impl<void, filewatch::FileWatch<std::__cxx11::basic_string<char, std::char_traits<char>, std::allocator<char> > >::init()::{lambda()#2}>(std::__invoke_other, filewatch::FileWatch<std::__cxx11::basic_string<char, std::char_traits<char>, std::allocator<char> > >::init()::{lambda()#2}&&) (invoke.h:63)
                   n1: 201326592 0x460D1D: std::__invoke_result<filewatch::FileWatch<std::__cxx11::basic_string<char, std::char_traits<char>, std::allocator<char> > >::init()::{lambda()#2}>::type std::__invoke<filewatch::FileWatch<std::__cxx11::basic_string<char, std::char_traits<char>, std::allocator<char> > >::init()::{lambda()#2}>(filewatch::FileWatch<std::__cxx11::basic_string<char, std::char_traits<char>, std::allocator<char> > >::init()::{lambda()#2}&&) (invoke.h:98)
                    n1: 201326592 0x460C0F: void std::thread::_Invoker<std::tuple<filewatch::FileWatch<std::__cxx11::basic_string<char, std::char_traits<char>, std::allocator<char> > >::init()::{lambda()#2}> >::_M_invoke<0ul>(std::_Index_tuple<0ul>) (std_thread.h:303)
                     n1: 201326592 0x460B69: std::thread::_Invoker<std::tuple<filewatch::FileWatch<std::__cxx11::basic_string<char, std::char_traits<char>, std::allocator<char> > >::init()::{lambda()#2}> >::operator()() (std_thread.h:310)
                      n1: 201326592 0x460987: std::thread::_State_impl<std::thread::_Invoker<std::tuple<filewatch::FileWatch<std::__cxx11::basic_string<char, std::char_traits<char>, std::allocator<char> > >::init()::{lambda()#2}> > >::_M_run() (std_thread.h:255)
                       n1: 201326592 0xC1AF3B5: execute_native_thread_routine (thread.cc:105)
                        n1: 201326592 0xC5C7758: start_thread (pthread_create.c:454)
                         n0: 201326592 0xC64B733: clone (clone.S:100)
         n1: 67108864 0x43188E: std::__new_allocator<glm::vec<3, float, (glm::qualifier)0> >::allocate(unsigned long, void const*) (new_allocator.h:162)
          n1: 67108864 0x41EE5A: allocate (allocator.h:206)
           n1: 67108864 0x41EE5A: allocate (alloc_traits.h:638)
            n1: 67108864 0x41EE5A: std::_Vector_base<glm::vec<3, float, (glm::qualifier)0>, std::allocator<glm::vec<3, float, (glm::qualifier)0> > >::_M_allocate(unsigned long) (stl_vector.h:389)
             n1: 67108864 0x421E4D: glm::vec<3, float, (glm::qualifier)0>* std::vector<glm::vec<3, float, (glm::qualifier)0>, std::allocator<glm::vec<3, float, (glm::qualifier)0> > >::_M_allocate_and_copy<__gnu_cxx::__normal_iterator<glm::vec<3, float, (glm::qualifier)0> const*, std::vector<glm::vec<3, float, (glm::qualifier)0>, std::allocator<glm::vec<3, float, (glm::qualifier)0> > > > >(unsigned long, __gnu_cxx::__normal_iterator<glm::vec<3, float, (glm::qualifier)0> const*, std::vector<glm::vec<3, float, (glm::qualifier)0>, std::allocator<glm::vec<3, float, (glm::qualifier)0> > > >, __gnu_cxx::__normal_iterator<glm::vec<3, float, (glm::qualifier)0> const*, std::vector<glm::vec<3, float, (glm::qualifier)0>, std::allocator<glm::vec<3, float, (glm::qualifier)0> > > >) (stl_vector.h:1900)
              n1: 67108864 0x418DC7: std::vector<glm::vec<3, float, (glm::qualifier)0>, std::allocator<glm::vec<3, float, (glm::qualifier)0> > >::operator=(std::vector<glm::vec<3, float, (glm::qualifier)0>, std::allocator<glm::vec<3, float, (glm::qualifier)0> > > const&) (vector.tcc:242)
               n1: 67108864 0x401482: worldThread() (main.cpp:123)
                n1: 67108864 0x460E7D: void std::__invoke_impl<void, void (*)()>(std::__invoke_other, void (*&&)()) (invoke.h:63)
                 n1: 67108864 0x460DC9: std::__invoke_result<void (*)()>::type std::__invoke<void (*)()>(void (*&&)()) (invoke.h:98)
                  n1: 67108864 0x460C81: void std::thread::_Invoker<std::tuple<void (*)()> >::_M_invoke<0ul>(std::_Index_tuple<0ul>) (std_thread.h:303)
                   n1: 67108864 0x460BBB: std::thread::_Invoker<std::tuple<void (*)()> >::operator()() (std_thread.h:310)
                    n1: 67108864 0x460B17: std::thread::_State_impl<std::thread::_Invoker<std::tuple<void (*)()> > >::_M_run() (std_thread.h:255)
                     n1: 67108864 0xC1AF3B5: execute_native_thread_routine (thread.cc:105)
                      n1: 67108864 0xC5C7758: start_thread (pthread_create.c:454)
                       n0: 67108864 0xC64B733: clone (clone.S:100)
   n2: 1677721600 0xC5D44D5: alloc_new_heap (arena.c:395)
    n1: 1610612736 0xC5D58FB: sysmalloc (malloc.c:2395)
     n1: 1610612736 0xC5D6C17: _int_malloc (malloc.c:4334)
      n1: 1610612736 0xC5D6EED: __libc_malloc2 (malloc.c:3261)
       n1: 1610612736 0xC17E2FB: operator new(unsigned long) (new_op.cc:50)
        n1: 1610612736 0x46F3E0: std::__detail::_MakeUniq<std::array<Chunk, 7ul> >::__single_object std::make_unique<std::array<Chunk, 7ul>>() (unique_ptr.h:1105)
         n1: 1610612736 0x46E643: Chunk& ContiguousStorage<Chunk, 16777216ul, glm::vec<3, int, (glm::qualifier)0>, MathHelpers::glmVecLexicoGraphic<int, 3ul> >::emplace<World*, glm::vec<3, int, (glm::qualifier)0> const&, GenType&>(glm::vec<3, int, (glm::qualifier)0>, World*&&, glm::vec<3, int, (glm::qualifier)0> const&, GenType&) (Helpers.hpp:320)
          n1: 1610612736 0x46D041: World::addChunk(glm::vec<3, int, (glm::qualifier)0> const&) (World.cpp:27)
           n1: 1610612736 0x46DA55: World::generate(std::vector<glm::vec<3, float, (glm::qualifier)0>, std::allocator<glm::vec<3, float, (glm::qualifier)0> > > const&) (World.cpp:132)
            n1: 1610612736 0x46DB3A: World::selfUpdate(std::vector<glm::vec<3, float, (glm::qualifier)0>, std::allocator<glm::vec<3, float, (glm::qualifier)0> > > const&) (World.cpp:141)
             n1: 1610612736 0x401559: worldThread() (main.cpp:137)
              n1: 1610612736 0x460E7D: void std::__invoke_impl<void, void (*)()>(std::__invoke_other, void (*&&)()) (invoke.h:63)
               n1: 1610612736 0x460DC9: std::__invoke_result<void (*)()>::type std::__invoke<void (*)()>(void (*&&)()) (invoke.h:98)
                n1: 1610612736 0x460C81: void std::thread::_Invoker<std::tuple<void (*)()> >::_M_invoke<0ul>(std::_Index_tuple<0ul>) (std_thread.h:303)
                 n1: 1610612736 0x460BBB: std::thread::_Invoker<std::tuple<void (*)()> >::operator()() (std_thread.h:310)
                  n1: 1610612736 0x460B17: std::thread::_State_impl<std::thread::_Invoker<std::tuple<void (*)()> > >::_M_run() (std_thread.h:255)
                   n1: 1610612736 0xC1AF3B5: execute_native_thread_routine (thread.cc:105)
                    n1: 1610612736 0xC5C7758: start_thread (pthread_create.c:454)
                     n0: 1610612736 0xC64B733: clone (clone.S:100)
    n1: 67108864 0xC5D4A89: _int_new_arena (arena.c:637)
     n1: 67108864 0xC5D4A89: arena_get2 (arena.c:856)
      n1: 67108864 0xC5D4A89: arena_get2 (arena.c:817)
       n1: 67108864 0xC5D6F36: __libc_malloc2 (malloc.c:3259)
        n1: 67108864 0xC17E2FB: operator new(unsigned long) (new_op.cc:50)
         n1: 67108864 0x436996: std::__new_allocator<char>::allocate(unsigned long, void const*) (new_allocator.h:162)
          n1: 67108864 0x43E5F2: allocate (allocator.h:206)
           n1: 67108864 0x43E5F2: allocate (alloc_traits.h:638)
            n1: 67108864 0x43E5F2: std::_Vector_base<char, std::allocator<char> >::_M_allocate(unsigned long) (stl_vector.h:389)
             n1: 67108864 0x43B88C: std::_Vector_base<char, std::allocator<char> >::_M_create_storage(unsigned long) (stl_vector.h:407)
              n1: 67108864 0x437F12: std::_Vector_base<char, std::allocator<char> >::_Vector_base(unsigned long, std::allocator<char> const&) (stl_vector.h:341)
               n1: 67108864 0x4340BE: std::vector<char, std::allocator<char> >::vector(unsigned long, std::allocator<char> const&) (stl_vector.h:577)
                n1: 67108864 0x42FBF6: filewatch::FileWatch<std::__cxx11::basic_string<char, std::char_traits<char>, std::allocator<char> > >::monitor_directory() (FileWatch.hpp:617)
                 n1: 67108864 0x42A351: filewatch::FileWatch<std::__cxx11::basic_string<char, std::char_traits<char>, std::allocator<char> > >::init()::{lambda()#2}::operator()() const (FileWatch.hpp:349)
                  n1: 67108864 0x460E06: void std::__invoke_impl<void, filewatch::FileWatch<std::__cxx11::basic_string<char, std::char_traits<char>, std::allocator<char> > >::init()::{lambda()#2}>(std::__invoke_other, filewatch::FileWatch<std::__cxx11::basic_string<char, std::char_traits<char>, std::allocator<char> > >::init()::{lambda()#2}&&) (invoke.h:63)
                   n1: 67108864 0x460D1D: std::__invoke_result<filewatch::FileWatch<std::__cxx11::basic_string<char, std::char_traits<char>, std::allocator<char> > >::init()::{lambda()#2}>::type std::__invoke<filewatch::FileWatch<std::__cxx11::basic_string<char, std::char_traits<char>, std::allocator<char> > >::init()::{lambda()#2}>(filewatch::FileWatch<std::__cxx11::basic_string<char, std::char_traits<char>, std::allocator<char> > >::init()::{lambda()#2}&&) (invoke.h:98)
                    n1: 67108864 0x460C0F: void std::thread::_Invoker<std::tuple<filewatch::FileWatch<std::__cxx11::basic_string<char, std::char_traits<char>, std::allocator<char> > >::init()::{lambda()#2}> >::_M_invoke<0ul>(std::_Index_tuple<0ul>) (std_thread.h:303)
                     n1: 67108864 0x460B69: std::thread::_Invoker<std::tuple<filewatch::FileWatch<std::__cxx11::basic_string<char, std::char_traits<char>, std::allocator<char> > >::init()::{lambda()#2}> >::operator()() (std_thread.h:310)
                      n1: 67108864 0x460987: std::thread::_State_impl<std::thread::_Invoker<std::tuple<filewatch::FileWatch<std::__cxx11::basic_string<char, std::char_traits<char>, std::allocator<char> > >::init()::{lambda()#2}> > >::_M_run() (std_thread.h:255)
                       n1: 67108864 0xC1AF3B5: execute_native_thread_routine (thread.cc:105)
                        n1: 67108864 0xC5C7758: start_thread (pthread_create.c:454)
                         n0: 67108864 0xC64B733: clone (clone.S:100)
   n1: 269111296 0xC5D5CBD: sysmalloc_mmap_fallback (malloc.c:2289)
    n1: 269111296 0xC5D5CBD: sysmalloc (malloc.c:2501)
     n2: 269111296 0xC5D6C17: _int_malloc (malloc.c:4334)
      n2: 222433280 0xC5D6EED: __libc_malloc2 (malloc.c:3261)
       n1: 218238976 0xD46AD81: ??? (in /usr/lib64/libnvidia-glcore.so.595.71.05)
        n2: 218238976 0xD1D01EA: ??? (in /usr/lib64/libnvidia-glcore.so.595.71.05)
         n1: 201326592 0xD1B3595: ??? (in /usr/lib64/libnvidia-glcore.so.595.71.05)
          n2: 201326592 0xD1B3AC1: ??? (in /usr/lib64/libnvidia-glcore.so.595.71.05)
           n1: 168820736 0x473BE0: ChunkRenderer::updateShaderData(glm::vec<3, float, (glm::qualifier)0> const&) (Chunk.cpp:360)
            n1: 168820736 0x4615E9: WorldRenderer::renderChunks(ShaderProgram&, Camera::Frustum const&, glm::vec<3, float, (glm::qualifier)0> const&)::{lambda(ChunkRenderer&)#1}::operator()(ChunkRenderer&) const (WorldRenderer.cpp:64)
             n1: 168820736 0x463438: void std::__invoke_impl<void, WorldRenderer::renderChunks(ShaderProgram&, Camera::Frustum const&, glm::vec<3, float, (glm::qualifier)0> const&)::{lambda(ChunkRenderer&)#1}&, ChunkRenderer&>(std::__invoke_other, WorldRenderer::renderChunks(ShaderProgram&, Camera::Frustum const&, glm::vec<3, float, (glm::qualifier)0> const&)::{lambda(ChunkRenderer&)#1}&, ChunkRenderer&) (invoke.h:63)
              n1: 168820736 0x462F22: std::enable_if<is_invocable_r_v<void, WorldRenderer::renderChunks(ShaderProgram&, Camera::Frustum const&, glm::vec<3, float, (glm::qualifier)0> const&)::{lambda(ChunkRenderer&)#1}&, ChunkRenderer&>, void>::type std::__invoke_r<void, WorldRenderer::renderChunks(ShaderProgram&, Camera::Frustum const&, glm::vec<3, float, (glm::qualifier)0> const&)::{lambda(ChunkRenderer&)#1}&, ChunkRenderer&>(WorldRenderer::renderChunks(ShaderProgram&, Camera::Frustum const&, glm::vec<3, float, (glm::qualifier)0> const&)::{lambda(ChunkRenderer&)#1}&, ChunkRenderer&) (invoke.h:113)
               n1: 168820736 0x462A7C: std::_Function_handler<void (ChunkRenderer&), WorldRenderer::renderChunks(ShaderProgram&, Camera::Frustum const&, glm::vec<3, float, (glm::qualifier)0> const&)::{lambda(ChunkRenderer&)#1}>::_M_invoke(std::_Any_data const&, ChunkRenderer&) (std_function.h:295)
                n1: 168820736 0x466E80: std::function<void (ChunkRenderer&)>::operator()(ChunkRenderer&) const (std_function.h:581)
                 n1: 168820736 0x4652BB: ContiguousStorage<ChunkRenderer, 784ul, glm::vec<3, int, (glm::qualifier)0>, MathHelpers::glmVecLexicoGraphic<int, 3ul> >::forEach(std::function<void (ChunkRenderer&)>) (Helpers.hpp:383)
                  n1: 168820736 0x461A9A: WorldRenderer::renderChunks(ShaderProgram&, Camera::Frustum const&, glm::vec<3, float, (glm::qualifier)0> const&) (WorldRenderer.cpp:59)
                   n0: 168820736 0x40317E: main (main.cpp:422)
           n0: 32505856 in 2 places, all below massif's threshold (1.00%)
         n0: 16912384 in 1 place, below massif's threshold (1.00%)
       n0: 4194304 in 1 place, below massif's threshold (1.00%)
      n0: 46678016 in 1 place, below massif's threshold (1.00%)
   n1: 75534336 0xC5C8410: allocate_thread_stack (allocatestack.c:169)
    n1: 75534336 0xC5C8410: allocate_stack (allocatestack.c:508)
     n1: 75534336 0xC5C8410: pthread_create@@GLIBC_2.34 (pthread_create.c:680)
      n1: 75534336 0xC1AF488: __gthread_create (gthr-default.h:709)
       n1: 75534336 0xC1AF488: std::thread::_M_start_thread(std::unique_ptr<std::thread::_State, std::default_delete<std::thread::_State> >, void (*)()) (thread.cc:173)
        n0: 75534336 in 3 places, all below massif's threshold (1.00%)
   n0: 42770432 in 7 places, all below massif's threshold (1.00%)
 n1: 254623744 0xB34F85C: __mmap64 (mmap64.c:58)
  n3: 254623744 0xB34F85C: mmap (mmap64.c:46)
   n1: 152305664 0xB332822: _dl_map_segment (dl-map-segments.h:30)
    n1: 152305664 0xB332822: _dl_map_segments (dl-map-segments.h:102)
     n1: 152305664 0xB332822: _dl_map_object_from_fd (dl-load.c:1259)
      n2: 152305664 0xB334008: _dl_map_new_object (dl-load.c:2187)
       n1: 149884928 0xB32DABC: openaux (dl-deps.c:64)
        n1: 149884928 0xB32C728: _dl_catch_exception (dl-catch.c:241)
         n2: 149884928 0xB32DEEE: _dl_map_object_deps (dl-deps.c:232)
          n1: 136835072 0xB337FCF: dl_open_worker_begin (dl-open.c:609)
           n1: 136835072 0xB32C728: _dl_catch_exception (dl-catch.c:241)
            n1: 136835072 0xB337542: dl_open_worker (dl-open.c:762)
             n1: 136835072 0xB32C728: _dl_catch_exception (dl-catch.c:241)
              n1: 136835072 0xB337AA9: _dl_open (dl-open.c:900)
               n1: 136835072 0xC5C3C03: dlopen_doit (dlopen.c:56)
                n1: 136835072 0xB32C728: _dl_catch_exception (dl-catch.c:241)
                 n1: 136835072 0xB32C878: _dl_catch_error (dl-catch.c:260)
                  n1: 136835072 0xC5C36F2: _dlerror_run (dlerror.c:138)
                   n1: 136835072 0xC5C3CBA: dlopen_implementation (dlopen.c:71)
                    n2: 136835072 0xC5C3CBA: dlopen@@GLIBC_2.34 (dlopen.c:81)
                     n1: 135471104 0xBEF6F63: __glXLookupVendorByName.part.0 (libglxmapping.c:428)
                      n1: 135471104 0xBEF7D19: __glXLookupVendorByName (libglxmapping.c:391)
                       n1: 135471104 0xBEF7D19: __glXLookupVendorByScreen.part.0 (libglxmapping.c:572)
                        n1: 135471104 0xBEF8CB1: __glXLookupVendorByScreen (libglxmapping.c:524)
                         n1: 135471104 0xBEF8CB1: __glXGetDynDispatch (libglxmapping.c:610)
                          n1: 135471104 0xBEF8CB1: glXQueryExtensionsString (libglx.c:1473)
                           n1: 135471104 0xC0EB7AC: extensionSupportedGLX (in /home/leo/Cours/S8/HAI819I_moteur_jeux/build/external/glfw/src/libglfw.so.3.4)
                            n1: 135471104 0xC0EBEEA: _glfwInitGLX (in /home/leo/Cours/S8/HAI819I_moteur_jeux/build/external/glfw/src/libglfw.so.3.4)
                             n1: 135471104 0xC0E79BE: _glfwCreateWindowX11 (in /home/leo/Cours/S8/HAI819I_moteur_jeux/build/external/glfw/src/libglfw.so.3.4)
                              n1: 135471104 0xC0D374D: glfwCreateWindow (in /home/leo/Cours/S8/HAI819I_moteur_jeux/build/external/glfw/src/libglfw.so.3.4)
                               n1: 135471104 0x40A1A7: Window::init() (Window.hpp:241)
                                n1: 135471104 0x4012FC: globalInit(Window&) (main.cpp:53)
                                 n0: 135471104 0x401CE1: main (main.cpp:166)
                     n0: 1363968 in 2 places, all below massif's threshold (1.00%)
          n0: 13049856 in 1 place, below massif's threshold (1.00%)
       n0: 2420736 in 2 places, all below massif's threshold (1.00%)
   n1: 100982784 0xB332974: _dl_map_segments (dl-map-segments.h:140)
    n1: 100982784 0xB332974: _dl_map_object_from_fd (dl-load.c:1259)
     n2: 100982784 0xB334008: _dl_map_new_object (dl-load.c:2187)
      n1: 99446784 0xB32DABC: openaux (dl-deps.c:64)
       n1: 99446784 0xB32C728: _dl_catch_exception (dl-catch.c:241)
        n2: 99446784 0xB32DEEE: _dl_map_object_deps (dl-deps.c:232)
         n1: 93831168 0xB337FCF: dl_open_worker_begin (dl-open.c:609)
          n1: 93831168 0xB32C728: _dl_catch_exception (dl-catch.c:241)
           n1: 93831168 0xB337542: dl_open_worker (dl-open.c:762)
            n1: 93831168 0xB32C728: _dl_catch_exception (dl-catch.c:241)
             n1: 93831168 0xB337AA9: _dl_open (dl-open.c:900)
              n1: 93831168 0xC5C3C03: dlopen_doit (dlopen.c:56)
               n1: 93831168 0xB32C728: _dl_catch_exception (dl-catch.c:241)
                n1: 93831168 0xB32C878: _dl_catch_error (dl-catch.c:260)
                 n1: 93831168 0xC5C36F2: _dlerror_run (dlerror.c:138)
                  n1: 93831168 0xC5C3CBA: dlopen_implementation (dlopen.c:71)
                   n2: 93831168 0xC5C3CBA: dlopen@@GLIBC_2.34 (dlopen.c:81)
                    n1: 93372416 0xBEF6F63: __glXLookupVendorByName.part.0 (libglxmapping.c:428)
                     n1: 93372416 0xBEF7D19: __glXLookupVendorByName (libglxmapping.c:391)
                      n1: 93372416 0xBEF7D19: __glXLookupVendorByScreen.part.0 (libglxmapping.c:572)
                       n1: 93372416 0xBEF8CB1: __glXLookupVendorByScreen (libglxmapping.c:524)
                        n1: 93372416 0xBEF8CB1: __glXGetDynDispatch (libglxmapping.c:610)
                         n1: 93372416 0xBEF8CB1: glXQueryExtensionsString (libglx.c:1473)
                          n1: 93372416 0xC0EB7AC: extensionSupportedGLX (in /home/leo/Cours/S8/HAI819I_moteur_jeux/build/external/glfw/src/libglfw.so.3.4)
                           n1: 93372416 0xC0EBEEA: _glfwInitGLX (in /home/leo/Cours/S8/HAI819I_moteur_jeux/build/external/glfw/src/libglfw.so.3.4)
                            n1: 93372416 0xC0E79BE: _glfwCreateWindowX11 (in /home/leo/Cours/S8/HAI819I_moteur_jeux/build/external/glfw/src/libglfw.so.3.4)
                             n1: 93372416 0xC0D374D: glfwCreateWindow (in /home/leo/Cours/S8/HAI819I_moteur_jeux/build/external/glfw/src/libglfw.so.3.4)
                              n1: 93372416 0x40A1A7: Window::init() (Window.hpp:241)
                               n1: 93372416 0x4012FC: globalInit(Window&) (main.cpp:53)
                                n0: 93372416 0x401CE1: main (main.cpp:166)
                    n0: 458752 in 2 places, all below massif's threshold (1.00%)
         n0: 5615616 in 1 place, below massif's threshold (1.00%)
      n0: 1536000 in 2 places, all below massif's threshold (1.00%)
   n0: 1335296 in 3 places, all below massif's threshold (1.00%)
 n0: 183943168 0x0: ???
 n0: 8376320 in 3 places, all below massif's threshold (1.00%)
#-----------
snapshot=51
#-----------
time=177257502953
mem_heap_B=4928000000
mem_heap_extra_B=0
mem_stacks_B=0
heap_tree=empty
#-----------
snapshot=52
#-----------
time=177257502975
mem_heap_B=4928000000
mem_heap_extra_B=0
mem_stacks_B=0
heap_tree=detailed
n4: 4928000000 (page allocation syscalls) mmap/mremap/brk, --alloc-fns, etc.
 n1: 4481056768 0xC647B7C: __mmap64 (mmap64.c:58)
  n5: 4481056768 0xC647B7C: mmap (mmap64.c:46)
   n2: 2348810240 0xC5D45C6: alloc_new_heap (arena.c:405)
    n1: 2080374784 0xC5D58FB: sysmalloc (malloc.c:2395)
     n1: 2080374784 0xC5D6C17: _int_malloc (malloc.c:4334)
      n1: 2080374784 0xC5D6EED: __libc_malloc2 (malloc.c:3261)
       n1: 2080374784 0xC17E2FB: operator new(unsigned long) (new_op.cc:50)
        n1: 2080374784 0x46F3E0: std::__detail::_MakeUniq<std::array<Chunk, 7ul> >::__single_object std::make_unique<std::array<Chunk, 7ul>>() (unique_ptr.h:1105)
         n1: 2080374784 0x46E643: Chunk& ContiguousStorage<Chunk, 16777216ul, glm::vec<3, int, (glm::qualifier)0>, MathHelpers::glmVecLexicoGraphic<int, 3ul> >::emplace<World*, glm::vec<3, int, (glm::qualifier)0> const&, GenType&>(glm::vec<3, int, (glm::qualifier)0>, World*&&, glm::vec<3, int, (glm::qualifier)0> const&, GenType&) (Helpers.hpp:320)
          n1: 2080374784 0x46D041: World::addChunk(glm::vec<3, int, (glm::qualifier)0> const&) (World.cpp:27)
           n1: 2080374784 0x46DA55: World::generate(std::vector<glm::vec<3, float, (glm::qualifier)0>, std::allocator<glm::vec<3, float, (glm::qualifier)0> > > const&) (World.cpp:132)
            n1: 2080374784 0x46DB3A: World::selfUpdate(std::vector<glm::vec<3, float, (glm::qualifier)0>, std::allocator<glm::vec<3, float, (glm::qualifier)0> > > const&) (World.cpp:141)
             n1: 2080374784 0x401559: worldThread() (main.cpp:137)
              n1: 2080374784 0x460E7D: void std::__invoke_impl<void, void (*)()>(std::__invoke_other, void (*&&)()) (invoke.h:63)
               n1: 2080374784 0x460DC9: std::__invoke_result<void (*)()>::type std::__invoke<void (*)()>(void (*&&)()) (invoke.h:98)
                n1: 2080374784 0x460C81: void std::thread::_Invoker<std::tuple<void (*)()> >::_M_invoke<0ul>(std::_Index_tuple<0ul>) (std_thread.h:303)
                 n1: 2080374784 0x460BBB: std::thread::_Invoker<std::tuple<void (*)()> >::operator()() (std_thread.h:310)
                  n1: 2080374784 0x460B17: std::thread::_State_impl<std::thread::_Invoker<std::tuple<void (*)()> > >::_M_run() (std_thread.h:255)
                   n1: 2080374784 0xC1AF3B5: execute_native_thread_routine (thread.cc:105)
                    n1: 2080374784 0xC5C7758: start_thread (pthread_create.c:454)
                     n0: 2080374784 0xC64B733: clone (clone.S:100)
    n1: 268435456 0xC5D4A89: _int_new_arena (arena.c:637)
     n1: 268435456 0xC5D4A89: arena_get2 (arena.c:856)
      n1: 268435456 0xC5D4A89: arena_get2 (arena.c:817)
       n1: 268435456 0xC5D6F36: __libc_malloc2 (malloc.c:3259)
        n2: 268435456 0xC17E2FB: operator new(unsigned long) (new_op.cc:50)
         n1: 201326592 0x436996: std::__new_allocator<char>::allocate(unsigned long, void const*) (new_allocator.h:162)
          n1: 201326592 0x43E5F2: allocate (allocator.h:206)
           n1: 201326592 0x43E5F2: allocate (alloc_traits.h:638)
            n1: 201326592 0x43E5F2: std::_Vector_base<char, std::allocator<char> >::_M_allocate(unsigned long) (stl_vector.h:389)
             n1: 201326592 0x43B88C: std::_Vector_base<char, std::allocator<char> >::_M_create_storage(unsigned long) (stl_vector.h:407)
              n1: 201326592 0x437F12: std::_Vector_base<char, std::allocator<char> >::_Vector_base(unsigned long, std::allocator<char> const&) (stl_vector.h:341)
               n1: 201326592 0x4340BE: std::vector<char, std::allocator<char> >::vector(unsigned long, std::allocator<char> const&) (stl_vector.h:577)
                n1: 201326592 0x42FBF6: filewatch::FileWatch<std::__cxx11::basic_string<char, std::char_traits<char>, std::allocator<char> > >::monitor_directory() (FileWatch.hpp:617)
                 n1: 201326592 0x42A351: filewatch::FileWatch<std::__cxx11::basic_string<char, std::char_traits<char>, std::allocator<char> > >::init()::{lambda()#2}::operator()() const (FileWatch.hpp:349)
                  n1: 201326592 0x460E06: void std::__invoke_impl<void, filewatch::FileWatch<std::__cxx11::basic_string<char, std::char_traits<char>, std::allocator<char> > >::init()::{lambda()#2}>(std::__invoke_other, filewatch::FileWatch<std::__cxx11::basic_string<char, std::char_traits<char>, std::allocator<char> > >::init()::{lambda()#2}&&) (invoke.h:63)
                   n1: 201326592 0x460D1D: std::__invoke_result<filewatch::FileWatch<std::__cxx11::basic_string<char, std::char_traits<char>, std::allocator<char> > >::init()::{lambda()#2}>::type std::__invoke<filewatch::FileWatch<std::__cxx11::basic_string<char, std::char_traits<char>, std::allocator<char> > >::init()::{lambda()#2}>(filewatch::FileWatch<std::__cxx11::basic_string<char, std::char_traits<char>, std::allocator<char> > >::init()::{lambda()#2}&&) (invoke.h:98)
                    n1: 201326592 0x460C0F: void std::thread::_Invoker<std::tuple<filewatch::FileWatch<std::__cxx11::basic_string<char, std::char_traits<char>, std::allocator<char> > >::init()::{lambda()#2}> >::_M_invoke<0ul>(std::_Index_tuple<0ul>) (std_thread.h:303)
                     n1: 201326592 0x460B69: std::thread::_Invoker<std::tuple<filewatch::FileWatch<std::__cxx11::basic_string<char, std::char_traits<char>, std::allocator<char> > >::init()::{lambda()#2}> >::operator()() (std_thread.h:310)
                      n1: 201326592 0x460987: std::thread::_State_impl<std::thread::_Invoker<std::tuple<filewatch::FileWatch<std::__cxx11::basic_string<char, std::char_traits<char>, std::allocator<char> > >::init()::{lambda()#2}> > >::_M_run() (std_thread.h:255)
                       n1: 201326592 0xC1AF3B5: execute_native_thread_routine (thread.cc:105)
                        n1: 201326592 0xC5C7758: start_thread (pthread_create.c:454)
                         n0: 201326592 0xC64B733: clone (clone.S:100)
         n1: 67108864 0x43188E: std::__new_allocator<glm::vec<3, float, (glm::qualifier)0> >::allocate(unsigned long, void const*) (new_allocator.h:162)
          n1: 67108864 0x41EE5A: allocate (allocator.h:206)
           n1: 67108864 0x41EE5A: allocate (alloc_traits.h:638)
            n1: 67108864 0x41EE5A: std::_Vector_base<glm::vec<3, float, (glm::qualifier)0>, std::allocator<glm::vec<3, float, (glm::qualifier)0> > >::_M_allocate(unsigned long) (stl_vector.h:389)
             n1: 67108864 0x421E4D: glm::vec<3, float, (glm::qualifier)0>* std::vector<glm::vec<3, float, (glm::qualifier)0>, std::allocator<glm::vec<3, float, (glm::qualifier)0> > >::_M_allocate_and_copy<__gnu_cxx::__normal_iterator<glm::vec<3, float, (glm::qualifier)0> const*, std::vector<glm::vec<3, float, (glm::qualifier)0>, std::allocator<glm::vec<3, float, (glm::qualifier)0> > > > >(unsigned long, __gnu_cxx::__normal_iterator<glm::vec<3, float, (glm::qualifier)0> const*, std::vector<glm::vec<3, float, (glm::qualifier)0>, std::allocator<glm::vec<3, float, (glm::qualifier)0> > > >, __gnu_cxx::__normal_iterator<glm::vec<3, float, (glm::qualifier)0> const*, std::vector<glm::vec<3, float, (glm::qualifier)0>, std::allocator<glm::vec<3, float, (glm::qualifier)0> > > >) (stl_vector.h:1900)
              n1: 67108864 0x418DC7: std::vector<glm::vec<3, float, (glm::qualifier)0>, std::allocator<glm::vec<3, float, (glm::qualifier)0> > >::operator=(std::vector<glm::vec<3, float, (glm::qualifier)0>, std::allocator<glm::vec<3, float, (glm::qualifier)0> > > const&) (vector.tcc:242)
               n1: 67108864 0x401482: worldThread() (main.cpp:123)
                n1: 67108864 0x460E7D: void std::__invoke_impl<void, void (*)()>(std::__invoke_other, void (*&&)()) (invoke.h:63)
                 n1: 67108864 0x460DC9: std::__invoke_result<void (*)()>::type std::__invoke<void (*)()>(void (*&&)()) (invoke.h:98)
                  n1: 67108864 0x460C81: void std::thread::_Invoker<std::tuple<void (*)()> >::_M_invoke<0ul>(std::_Index_tuple<0ul>) (std_thread.h:303)
                   n1: 67108864 0x460BBB: std::thread::_Invoker<std::tuple<void (*)()> >::operator()() (std_thread.h:310)
                    n1: 67108864 0x460B17: std::thread::_State_impl<std::thread::_Invoker<std::tuple<void (*)()> > >::_M_run() (std_thread.h:255)
                     n1: 67108864 0xC1AF3B5: execute_native_thread_routine (thread.cc:105)
                      n1: 67108864 0xC5C7758: start_thread (pthread_create.c:454)
                       n0: 67108864 0xC64B733: clone (clone.S:100)
   n2: 1744830464 0xC5D44D5: alloc_new_heap (arena.c:395)
    n1: 1677721600 0xC5D58FB: sysmalloc (malloc.c:2395)
     n1: 1677721600 0xC5D6C17: _int_malloc (malloc.c:4334)
      n1: 1677721600 0xC5D6EED: __libc_malloc2 (malloc.c:3261)
       n1: 1677721600 0xC17E2FB: operator new(unsigned long) (new_op.cc:50)
        n1: 1677721600 0x46F3E0: std::__detail::_MakeUniq<std::array<Chunk, 7ul> >::__single_object std::make_unique<std::array<Chunk, 7ul>>() (unique_ptr.h:1105)
         n1: 1677721600 0x46E643: Chunk& ContiguousStorage<Chunk, 16777216ul, glm::vec<3, int, (glm::qualifier)0>, MathHelpers::glmVecLexicoGraphic<int, 3ul> >::emplace<World*, glm::vec<3, int, (glm::qualifier)0> const&, GenType&>(glm::vec<3, int, (glm::qualifier)0>, World*&&, glm::vec<3, int, (glm::qualifier)0> const&, GenType&) (Helpers.hpp:320)
          n1: 1677721600 0x46D041: World::addChunk(glm::vec<3, int, (glm::qualifier)0> const&) (World.cpp:27)
           n1: 1677721600 0x46DA55: World::generate(std::vector<glm::vec<3, float, (glm::qualifier)0>, std::allocator<glm::vec<3, float, (glm::qualifier)0> > > const&) (World.cpp:132)
            n1: 1677721600 0x46DB3A: World::selfUpdate(std::vector<glm::vec<3, float, (glm::qualifier)0>, std::allocator<glm::vec<3, float, (glm::qualifier)0> > > const&) (World.cpp:141)
             n1: 1677721600 0x401559: worldThread() (main.cpp:137)
              n1: 1677721600 0x460E7D: void std::__invoke_impl<void, void (*)()>(std::__invoke_other, void (*&&)()) (invoke.h:63)
               n1: 1677721600 0x460DC9: std::__invoke_result<void (*)()>::type std::__invoke<void (*)()>(void (*&&)()) (invoke.h:98)
                n1: 1677721600 0x460C81: void std::thread::_Invoker<std::tuple<void (*)()> >::_M_invoke<0ul>(std::_Index_tuple<0ul>) (std_thread.h:303)
                 n1: 1677721600 0x460BBB: std::thread::_Invoker<std::tuple<void (*)()> >::operator()() (std_thread.h:310)
                  n1: 1677721600 0x460B17: std::thread::_State_impl<std::thread::_Invoker<std::tuple<void (*)()> > >::_M_run() (std_thread.h:255)
                   n1: 1677721600 0xC1AF3B5: execute_native_thread_routine (thread.cc:105)
                    n1: 1677721600 0xC5C7758: start_thread (pthread_create.c:454)
                     n0: 1677721600 0xC64B733: clone (clone.S:100)
    n1: 67108864 0xC5D4A89: _int_new_arena (arena.c:637)
     n1: 67108864 0xC5D4A89: arena_get2 (arena.c:856)
      n1: 67108864 0xC5D4A89: arena_get2 (arena.c:817)
       n1: 67108864 0xC5D6F36: __libc_malloc2 (malloc.c:3259)
        n1: 67108864 0xC17E2FB: operator new(unsigned long) (new_op.cc:50)
         n1: 67108864 0x436996: std::__new_allocator<char>::allocate(unsigned long, void const*) (new_allocator.h:162)
          n1: 67108864 0x43E5F2: allocate (allocator.h:206)
           n1: 67108864 0x43E5F2: allocate (alloc_traits.h:638)
            n1: 67108864 0x43E5F2: std::_Vector_base<char, std::allocator<char> >::_M_allocate(unsigned long) (stl_vector.h:389)
             n1: 67108864 0x43B88C: std::_Vector_base<char, std::allocator<char> >::_M_create_storage(unsigned long) (stl_vector.h:407)
              n1: 67108864 0x437F12: std::_Vector_base<char, std::allocator<char> >::_Vector_base(unsigned long, std::allocator<char> const&) (stl_vector.h:341)
               n1: 67108864 0x4340BE: std::vector<char, std::allocator<char> >::vector(unsigned long, std::allocator<char> const&) (stl_vector.h:577)
                n1: 67108864 0x42FBF6: filewatch::FileWatch<std::__cxx11::basic_string<char, std::char_traits<char>, std::allocator<char> > >::monitor_directory() (FileWatch.hpp:617)
                 n1: 67108864 0x42A351: filewatch::FileWatch<std::__cxx11::basic_string<char, std::char_traits<char>, std::allocator<char> > >::init()::{lambda()#2}::operator()() const (FileWatch.hpp:349)
                  n1: 67108864 0x460E06: void std::__invoke_impl<void, filewatch::FileWatch<std::__cxx11::basic_string<char, std::char_traits<char>, std::allocator<char> > >::init()::{lambda()#2}>(std::__invoke_other, filewatch::FileWatch<std::__cxx11::basic_string<char, std::char_traits<char>, std::allocator<char> > >::init()::{lambda()#2}&&) (invoke.h:63)
                   n1: 67108864 0x460D1D: std::__invoke_result<filewatch::FileWatch<std::__cxx11::basic_string<char, std::char_traits<char>, std::allocator<char> > >::init()::{lambda()#2}>::type std::__invoke<filewatch::FileWatch<std::__cxx11::basic_string<char, std::char_traits<char>, std::allocator<char> > >::init()::{lambda()#2}>(filewatch::FileWatch<std::__cxx11::basic_string<char, std::char_traits<char>, std::allocator<char> > >::init()::{lambda()#2}&&) (invoke.h:98)
                    n1: 67108864 0x460C0F: void std::thread::_Invoker<std::tuple<filewatch::FileWatch<std::__cxx11::basic_string<char, std::char_traits<char>, std::allocator<char> > >::init()::{lambda()#2}> >::_M_invoke<0ul>(std::_Index_tuple<0ul>) (std_thread.h:303)
                     n1: 67108864 0x460B69: std::thread::_Invoker<std::tuple<filewatch::FileWatch<std::__cxx11::basic_string<char, std::char_traits<char>, std::allocator<char> > >::init()::{lambda()#2}> >::operator()() (std_thread.h:310)
                      n1: 67108864 0x460987: std::thread::_State_impl<std::thread::_Invoker<std::tuple<filewatch::FileWatch<std::__cxx11::basic_string<char, std::char_traits<char>, std::allocator<char> > >::init()::{lambda()#2}> > >::_M_run() (std_thread.h:255)
                       n1: 67108864 0xC1AF3B5: execute_native_thread_routine (thread.cc:105)
                        n1: 67108864 0xC5C7758: start_thread (pthread_create.c:454)
                         n0: 67108864 0xC64B733: clone (clone.S:100)
   n1: 269111296 0xC5D5CBD: sysmalloc_mmap_fallback (malloc.c:2289)
    n1: 269111296 0xC5D5CBD: sysmalloc (malloc.c:2501)
     n2: 269111296 0xC5D6C17: _int_malloc (malloc.c:4334)
      n2: 222433280 0xC5D6EED: __libc_malloc2 (malloc.c:3261)
       n1: 218238976 0xD46AD81: ??? (in /usr/lib64/libnvidia-glcore.so.595.71.05)
        n2: 218238976 0xD1D01EA: ??? (in /usr/lib64/libnvidia-glcore.so.595.71.05)
         n1: 201326592 0xD1B3595: ??? (in /usr/lib64/libnvidia-glcore.so.595.71.05)
          n2: 201326592 0xD1B3AC1: ??? (in /usr/lib64/libnvidia-glcore.so.595.71.05)
           n1: 168820736 0x473BE0: ChunkRenderer::updateShaderData(glm::vec<3, float, (glm::qualifier)0> const&) (Chunk.cpp:360)
            n1: 168820736 0x4615E9: WorldRenderer::renderChunks(ShaderProgram&, Camera::Frustum const&, glm::vec<3, float, (glm::qualifier)0> const&)::{lambda(ChunkRenderer&)#1}::operator()(ChunkRenderer&) const (WorldRenderer.cpp:64)
             n1: 168820736 0x463438: void std::__invoke_impl<void, WorldRenderer::renderChunks(ShaderProgram&, Camera::Frustum const&, glm::vec<3, float, (glm::qualifier)0> const&)::{lambda(ChunkRenderer&)#1}&, ChunkRenderer&>(std::__invoke_other, WorldRenderer::renderChunks(ShaderProgram&, Camera::Frustum const&, glm::vec<3, float, (glm::qualifier)0> const&)::{lambda(ChunkRenderer&)#1}&, ChunkRenderer&) (invoke.h:63)
              n1: 168820736 0x462F22: std::enable_if<is_invocable_r_v<void, WorldRenderer::renderChunks(ShaderProgram&, Camera::Frustum const&, glm::vec<3, float, (glm::qualifier)0> const&)::{lambda(ChunkRenderer&)#1}&, ChunkRenderer&>, void>::type std::__invoke_r<void, WorldRenderer::renderChunks(ShaderProgram&, Camera::Frustum const&, glm::vec<3, float, (glm::qualifier)0> const&)::{lambda(ChunkRenderer&)#1}&, ChunkRenderer&>(WorldRenderer::renderChunks(ShaderProgram&, Camera::Frustum const&, glm::vec<3, float, (glm::qualifier)0> const&)::{lambda(ChunkRenderer&)#1}&, ChunkRenderer&) (invoke.h:113)
               n1: 168820736 0x462A7C: std::_Function_handler<void (ChunkRenderer&), WorldRenderer::renderChunks(ShaderProgram&, Camera::Frustum const&, glm::vec<3, float, (glm::qualifier)0> const&)::{lambda(ChunkRenderer&)#1}>::_M_invoke(std::_Any_data const&, ChunkRenderer&) (std_function.h:295)
                n1: 168820736 0x466E80: std::function<void (ChunkRenderer&)>::operator()(ChunkRenderer&) const (std_function.h:581)
                 n1: 168820736 0x4652BB: ContiguousStorage<ChunkRenderer, 784ul, glm::vec<3, int, (glm::qualifier)0>, MathHelpers::glmVecLexicoGraphic<int, 3ul> >::forEach(std::function<void (ChunkRenderer&)>) (Helpers.hpp:383)
                  n1: 168820736 0x461A9A: WorldRenderer::renderChunks(ShaderProgram&, Camera::Frustum const&, glm::vec<3, float, (glm::qualifier)0> const&) (WorldRenderer.cpp:59)
                   n0: 168820736 0x40317E: main (main.cpp:422)
           n0: 32505856 in 2 places, all below massif's threshold (1.00%)
         n0: 16912384 in 1 place, below massif's threshold (1.00%)
       n0: 4194304 in 1 place, below massif's threshold (1.00%)
      n0: 46678016 in 1 place, below massif's threshold (1.00%)
   n1: 75534336 0xC5C8410: allocate_thread_stack (allocatestack.c:169)
    n1: 75534336 0xC5C8410: allocate_stack (allocatestack.c:508)
     n1: 75534336 0xC5C8410: pthread_create@@GLIBC_2.34 (pthread_create.c:680)
      n1: 75534336 0xC1AF488: __gthread_create (gthr-default.h:709)
       n1: 75534336 0xC1AF488: std::thread::_M_start_thread(std::unique_ptr<std::thread::_State, std::default_delete<std::thread::_State> >, void (*)()) (thread.cc:173)
        n0: 75534336 in 3 places, all below massif's threshold (1.00%)
   n0: 42770432 in 7 places, all below massif's threshold (1.00%)
 n1: 254623744 0xB34F85C: __mmap64 (mmap64.c:58)
  n3: 254623744 0xB34F85C: mmap (mmap64.c:46)
   n1: 152305664 0xB332822: _dl_map_segment (dl-map-segments.h:30)
    n1: 152305664 0xB332822: _dl_map_segments (dl-map-segments.h:102)
     n1: 152305664 0xB332822: _dl_map_object_from_fd (dl-load.c:1259)
      n2: 152305664 0xB334008: _dl_map_new_object (dl-load.c:2187)
       n1: 149884928 0xB32DABC: openaux (dl-deps.c:64)
        n1: 149884928 0xB32C728: _dl_catch_exception (dl-catch.c:241)
         n2: 149884928 0xB32DEEE: _dl_map_object_deps (dl-deps.c:232)
          n1: 136835072 0xB337FCF: dl_open_worker_begin (dl-open.c:609)
           n1: 136835072 0xB32C728: _dl_catch_exception (dl-catch.c:241)
            n1: 136835072 0xB337542: dl_open_worker (dl-open.c:762)
             n1: 136835072 0xB32C728: _dl_catch_exception (dl-catch.c:241)
              n1: 136835072 0xB337AA9: _dl_open (dl-open.c:900)
               n1: 136835072 0xC5C3C03: dlopen_doit (dlopen.c:56)
                n1: 136835072 0xB32C728: _dl_catch_exception (dl-catch.c:241)
                 n1: 136835072 0xB32C878: _dl_catch_error (dl-catch.c:260)
                  n1: 136835072 0xC5C36F2: _dlerror_run (dlerror.c:138)
                   n1: 136835072 0xC5C3CBA: dlopen_implementation (dlopen.c:71)
                    n2: 136835072 0xC5C3CBA: dlopen@@GLIBC_2.34 (dlopen.c:81)
                     n1: 135471104 0xBEF6F63: __glXLookupVendorByName.part.0 (libglxmapping.c:428)
                      n1: 135471104 0xBEF7D19: __glXLookupVendorByName (libglxmapping.c:391)
                       n1: 135471104 0xBEF7D19: __glXLookupVendorByScreen.part.0 (libglxmapping.c:572)
                        n1: 135471104 0xBEF8CB1: __glXLookupVendorByScreen (libglxmapping.c:524)
                         n1: 135471104 0xBEF8CB1: __glXGetDynDispatch (libglxmapping.c:610)
                          n1: 135471104 0xBEF8CB1: glXQueryExtensionsString (libglx.c:1473)
                           n1: 135471104 0xC0EB7AC: extensionSupportedGLX (in /home/leo/Cours/S8/HAI819I_moteur_jeux/build/external/glfw/src/libglfw.so.3.4)
                            n1: 135471104 0xC0EBEEA: _glfwInitGLX (in /home/leo/Cours/S8/HAI819I_moteur_jeux/build/external/glfw/src/libglfw.so.3.4)
                             n1: 135471104 0xC0E79BE: _glfwCreateWindowX11 (in /home/leo/Cours/S8/HAI819I_moteur_jeux/build/external/glfw/src/libglfw.so.3.4)
                              n1: 135471104 0xC0D374D: glfwCreateWindow (in /home/leo/Cours/S8/HAI819I_moteur_jeux/build/external/glfw/src/libglfw.so.3.4)
                               n1: 135471104 0x40A1A7: Window::init() (Window.hpp:241)
                                n1: 135471104 0x4012FC: globalInit(Window&) (main.cpp:53)
                                 n0: 135471104 0x401CE1: main (main.cpp:166)
                     n0: 1363968 in 2 places, all below massif's threshold (1.00%)
          n0: 13049856 in 1 place, below massif's threshold (1.00%)
       n0: 2420736 in 2 places, all below massif's threshold (1.00%)
   n1: 100982784 0xB332974: _dl_map_segments (dl-map-segments.h:140)
    n1: 100982784 0xB332974: _dl_map_object_from_fd (dl-load.c:1259)
     n2: 100982784 0xB334008: _dl_map_new_object (dl-load.c:2187)
      n1: 99446784 0xB32DABC: openaux (dl-deps.c:64)
       n1: 99446784 0xB32C728: _dl_catch_exception (dl-catch.c:241)
        n2: 99446784 0xB32DEEE: _dl_map_object_deps (dl-deps.c:232)
         n1: 93831168 0xB337FCF: dl_open_worker_begin (dl-open.c:609)
          n1: 93831168 0xB32C728: _dl_catch_exception (dl-catch.c:241)
           n1: 93831168 0xB337542: dl_open_worker (dl-open.c:762)
            n1: 93831168 0xB32C728: _dl_catch_exception (dl-catch.c:241)
             n1: 93831168 0xB337AA9: _dl_open (dl-open.c:900)
              n1: 93831168 0xC5C3C03: dlopen_doit (dlopen.c:56)
               n1: 93831168 0xB32C728: _dl_catch_exception (dl-catch.c:241)
                n1: 93831168 0xB32C878: _dl_catch_error (dl-catch.c:260)
                 n1: 93831168 0xC5C36F2: _dlerror_run (dlerror.c:138)
                  n1: 93831168 0xC5C3CBA: dlopen_implementation (dlopen.c:71)
                   n2: 93831168 0xC5C3CBA: dlopen@@GLIBC_2.34 (dlopen.c:81)
                    n1: 93372416 0xBEF6F63: __glXLookupVendorByName.part.0 (libglxmapping.c:428)
                     n1: 93372416 0xBEF7D19: __glXLookupVendorByName (libglxmapping.c:391)
                      n1: 93372416 0xBEF7D19: __glXLookupVendorByScreen.part.0 (libglxmapping.c:572)
                       n1: 93372416 0xBEF8CB1: __glXLookupVendorByScreen (libglxmapping.c:524)
                        n1: 93372416 0xBEF8CB1: __glXGetDynDispatch (libglxmapping.c:610)
                         n1: 93372416 0xBEF8CB1: glXQueryExtensionsString (libglx.c:1473)
                          n1: 93372416 0xC0EB7AC: extensionSupportedGLX (in /home/leo/Cours/S8/HAI819I_moteur_jeux/build/external/glfw/src/libglfw.so.3.4)
                           n1: 93372416 0xC0EBEEA: _glfwInitGLX (in /home/leo/Cours/S8/HAI819I_moteur_jeux/build/external/glfw/src/libglfw.so.3.4)
                            n1: 93372416 0xC0E79BE: _glfwCreateWindowX11 (in /home/leo/Cours/S8/HAI819I_moteur_jeux/build/external/glfw/src/libglfw.so.3.4)
                             n1: 93372416 0xC0D374D: glfwCreateWindow (in /home/leo/Cours/S8/HAI819I_moteur_jeux/build/external/glfw/src/libglfw.so.3.4)
                              n1: 93372416 0x40A1A7: Window::init() (Window.hpp:241)
                               n1: 93372416 0x4012FC: globalInit(Window&) (main.cpp:53)
                                n0: 93372416 0x401CE1: main (main.cpp:166)
                    n0: 458752 in 2 places, all below massif's threshold (1.00%)
         n0: 5615616 in 1 place, below massif's threshold (1.00%)
      n0: 1536000 in 2 places, all below massif's threshold (1.00%)
   n0: 1335296 in 3 places, all below massif's threshold (1.00%)
 n0: 183943168 0x0: ???
 n0: 8376320 in 3 places, all below massif's threshold (1.00%)
#-----------
snapshot=53
#-----------
time=181739956349
mem_heap_B=4929048576
mem_heap_extra_B=0
mem_stacks_B=0
heap_tree=empty
#-----------
snapshot=54
#-----------
time=187078756116
mem_heap_B=4931145728
mem_heap_extra_B=0
mem_stacks_B=0
heap_tree=empty
#-----------
snapshot=55
#-----------
time=195410125598
mem_heap_B=4932194304
mem_heap_extra_B=0
mem_stacks_B=0
heap_tree=empty
#-----------
snapshot=56
#-----------
time=196861090748
mem_heap_B=5076897792
mem_heap_extra_B=0
mem_stacks_B=0
heap_tree=detailed
n4: 5076897792 (page allocation syscalls) mmap/mremap/brk, --alloc-fns, etc.
 n1: 4629954560 0xC647B7C: __mmap64 (mmap64.c:58)
  n5: 4629954560 0xC647B7C: mmap (mmap64.c:46)
   n2: 2415919104 0xC5D45C6: alloc_new_heap (arena.c:405)
    n1: 2147483648 0xC5D58FB: sysmalloc (malloc.c:2395)
     n1: 2147483648 0xC5D6C17: _int_malloc (malloc.c:4334)
      n1: 2147483648 0xC5D6EED: __libc_malloc2 (malloc.c:3261)
       n1: 2147483648 0xC17E2FB: operator new(unsigned long) (new_op.cc:50)
        n1: 2147483648 0x46F3E0: std::__detail::_MakeUniq<std::array<Chunk, 7ul> >::__single_object std::make_unique<std::array<Chunk, 7ul>>() (unique_ptr.h:1105)
         n1: 2147483648 0x46E643: Chunk& ContiguousStorage<Chunk, 16777216ul, glm::vec<3, int, (glm::qualifier)0>, MathHelpers::glmVecLexicoGraphic<int, 3ul> >::emplace<World*, glm::vec<3, int, (glm::qualifier)0> const&, GenType&>(glm::vec<3, int, (glm::qualifier)0>, World*&&, glm::vec<3, int, (glm::qualifier)0> const&, GenType&) (Helpers.hpp:320)
          n1: 2147483648 0x46D041: World::addChunk(glm::vec<3, int, (glm::qualifier)0> const&) (World.cpp:27)
           n1: 2147483648 0x46DA55: World::generate(std::vector<glm::vec<3, float, (glm::qualifier)0>, std::allocator<glm::vec<3, float, (glm::qualifier)0> > > const&) (World.cpp:132)
            n1: 2147483648 0x46DB3A: World::selfUpdate(std::vector<glm::vec<3, float, (glm::qualifier)0>, std::allocator<glm::vec<3, float, (glm::qualifier)0> > > const&) (World.cpp:141)
             n1: 2147483648 0x401559: worldThread() (main.cpp:137)
              n1: 2147483648 0x460E7D: void std::__invoke_impl<void, void (*)()>(std::__invoke_other, void (*&&)()) (invoke.h:63)
               n1: 2147483648 0x460DC9: std::__invoke_result<void (*)()>::type std::__invoke<void (*)()>(void (*&&)()) (invoke.h:98)
                n1: 2147483648 0x460C81: void std::thread::_Invoker<std::tuple<void (*)()> >::_M_invoke<0ul>(std::_Index_tuple<0ul>) (std_thread.h:303)
                 n1: 2147483648 0x460BBB: std::thread::_Invoker<std::tuple<void (*)()> >::operator()() (std_thread.h:310)
                  n1: 2147483648 0x460B17: std::thread::_State_impl<std::thread::_Invoker<std::tuple<void (*)()> > >::_M_run() (std_thread.h:255)
                   n1: 2147483648 0xC1AF3B5: execute_native_thread_routine (thread.cc:105)
                    n1: 2147483648 0xC5C7758: start_thread (pthread_create.c:454)
                     n0: 2147483648 0xC64B733: clone (clone.S:100)
    n1: 268435456 0xC5D4A89: _int_new_arena (arena.c:637)
     n1: 268435456 0xC5D4A89: arena_get2 (arena.c:856)
      n1: 268435456 0xC5D4A89: arena_get2 (arena.c:817)
       n1: 268435456 0xC5D6F36: __libc_malloc2 (malloc.c:3259)
        n2: 268435456 0xC17E2FB: operator new(unsigned long) (new_op.cc:50)
         n1: 201326592 0x436996: std::__new_allocator<char>::allocate(unsigned long, void const*) (new_allocator.h:162)
          n1: 201326592 0x43E5F2: allocate (allocator.h:206)
           n1: 201326592 0x43E5F2: allocate (alloc_traits.h:638)
            n1: 201326592 0x43E5F2: std::_Vector_base<char, std::allocator<char> >::_M_allocate(unsigned long) (stl_vector.h:389)
             n1: 201326592 0x43B88C: std::_Vector_base<char, std::allocator<char> >::_M_create_storage(unsigned long) (stl_vector.h:407)
              n1: 201326592 0x437F12: std::_Vector_base<char, std::allocator<char> >::_Vector_base(unsigned long, std::allocator<char> const&) (stl_vector.h:341)
               n1: 201326592 0x4340BE: std::vector<char, std::allocator<char> >::vector(unsigned long, std::allocator<char> const&) (stl_vector.h:577)
                n1: 201326592 0x42FBF6: filewatch::FileWatch<std::__cxx11::basic_string<char, std::char_traits<char>, std::allocator<char> > >::monitor_directory() (FileWatch.hpp:617)
                 n1: 201326592 0x42A351: filewatch::FileWatch<std::__cxx11::basic_string<char, std::char_traits<char>, std::allocator<char> > >::init()::{lambda()#2}::operator()() const (FileWatch.hpp:349)
                  n1: 201326592 0x460E06: void std::__invoke_impl<void, filewatch::FileWatch<std::__cxx11::basic_string<char, std::char_traits<char>, std::allocator<char> > >::init()::{lambda()#2}>(std::__invoke_other, filewatch::FileWatch<std::__cxx11::basic_string<char, std::char_traits<char>, std::allocator<char> > >::init()::{lambda()#2}&&) (invoke.h:63)
                   n1: 201326592 0x460D1D: std::__invoke_result<filewatch::FileWatch<std::__cxx11::basic_string<char, std::char_traits<char>, std::allocator<char> > >::init()::{lambda()#2}>::type std::__invoke<filewatch::FileWatch<std::__cxx11::basic_string<char, std::char_traits<char>, std::allocator<char> > >::init()::{lambda()#2}>(filewatch::FileWatch<std::__cxx11::basic_string<char, std::char_traits<char>, std::allocator<char> > >::init()::{lambda()#2}&&) (invoke.h:98)
                    n1: 201326592 0x460C0F: void std::thread::_Invoker<std::tuple<filewatch::FileWatch<std::__cxx11::basic_string<char, std::char_traits<char>, std::allocator<char> > >::init()::{lambda()#2}> >::_M_invoke<0ul>(std::_Index_tuple<0ul>) (std_thread.h:303)
                     n1: 201326592 0x460B69: std::thread::_Invoker<std::tuple<filewatch::FileWatch<std::__cxx11::basic_string<char, std::char_traits<char>, std::allocator<char> > >::init()::{lambda()#2}> >::operator()() (std_thread.h:310)
                      n1: 201326592 0x460987: std::thread::_State_impl<std::thread::_Invoker<std::tuple<filewatch::FileWatch<std::__cxx11::basic_string<char, std::char_traits<char>, std::allocator<char> > >::init()::{lambda()#2}> > >::_M_run() (std_thread.h:255)
                       n1: 201326592 0xC1AF3B5: execute_native_thread_routine (thread.cc:105)
                        n1: 201326592 0xC5C7758: start_thread (pthread_create.c:454)
                         n0: 201326592 0xC64B733: clone (clone.S:100)
         n1: 67108864 0x43188E: std::__new_allocator<glm::vec<3, float, (glm::qualifier)0> >::allocate(unsigned long, void const*) (new_allocator.h:162)
          n1: 67108864 0x41EE5A: allocate (allocator.h:206)
           n1: 67108864 0x41EE5A: allocate (alloc_traits.h:638)
            n1: 67108864 0x41EE5A: std::_Vector_base<glm::vec<3, float, (glm::qualifier)0>, std::allocator<glm::vec<3, float, (glm::qualifier)0> > >::_M_allocate(unsigned long) (stl_vector.h:389)
             n1: 67108864 0x421E4D: glm::vec<3, float, (glm::qualifier)0>* std::vector<glm::vec<3, float, (glm::qualifier)0>, std::allocator<glm::vec<3, float, (glm::qualifier)0> > >::_M_allocate_and_copy<__gnu_cxx::__normal_iterator<glm::vec<3, float, (glm::qualifier)0> const*, std::vector<glm::vec<3, float, (glm::qualifier)0>, std::allocator<glm::vec<3, float, (glm::qualifier)0> > > > >(unsigned long, __gnu_cxx::__normal_iterator<glm::vec<3, float, (glm::qualifier)0> const*, std::vector<glm::vec<3, float, (glm::qualifier)0>, std::allocator<glm::vec<3, float, (glm::qualifier)0> > > >, __gnu_cxx::__normal_iterator<glm::vec<3, float, (glm::qualifier)0> const*, std::vector<glm::vec<3, float, (glm::qualifier)0>, std::allocator<glm::vec<3, float, (glm::qualifier)0> > > >) (stl_vector.h:1900)
              n1: 67108864 0x418DC7: std::vector<glm::vec<3, float, (glm::qualifier)0>, std::allocator<glm::vec<3, float, (glm::qualifier)0> > >::operator=(std::vector<glm::vec<3, float, (glm::qualifier)0>, std::allocator<glm::vec<3, float, (glm::qualifier)0> > > const&) (vector.tcc:242)
               n1: 67108864 0x401482: worldThread() (main.cpp:123)
                n1: 67108864 0x460E7D: void std::__invoke_impl<void, void (*)()>(std::__invoke_other, void (*&&)()) (invoke.h:63)
                 n1: 67108864 0x460DC9: std::__invoke_result<void (*)()>::type std::__invoke<void (*)()>(void (*&&)()) (invoke.h:98)
                  n1: 67108864 0x460C81: void std::thread::_Invoker<std::tuple<void (*)()> >::_M_invoke<0ul>(std::_Index_tuple<0ul>) (std_thread.h:303)
                   n1: 67108864 0x460BBB: std::thread::_Invoker<std::tuple<void (*)()> >::operator()() (std_thread.h:310)
                    n1: 67108864 0x460B17: std::thread::_State_impl<std::thread::_Invoker<std::tuple<void (*)()> > >::_M_run() (std_thread.h:255)
                     n1: 67108864 0xC1AF3B5: execute_native_thread_routine (thread.cc:105)
                      n1: 67108864 0xC5C7758: start_thread (pthread_create.c:454)
                       n0: 67108864 0xC64B733: clone (clone.S:100)
   n2: 1811939328 0xC5D44D5: alloc_new_heap (arena.c:395)
    n1: 1744830464 0xC5D58FB: sysmalloc (malloc.c:2395)
     n1: 1744830464 0xC5D6C17: _int_malloc (malloc.c:4334)
      n1: 1744830464 0xC5D6EED: __libc_malloc2 (malloc.c:3261)
       n1: 1744830464 0xC17E2FB: operator new(unsigned long) (new_op.cc:50)
        n1: 1744830464 0x46F3E0: std::__detail::_MakeUniq<std::array<Chunk, 7ul> >::__single_object std::make_unique<std::array<Chunk, 7ul>>() (unique_ptr.h:1105)
         n1: 1744830464 0x46E643: Chunk& ContiguousStorage<Chunk, 16777216ul, glm::vec<3, int, (glm::qualifier)0>, MathHelpers::glmVecLexicoGraphic<int, 3ul> >::emplace<World*, glm::vec<3, int, (glm::qualifier)0> const&, GenType&>(glm::vec<3, int, (glm::qualifier)0>, World*&&, glm::vec<3, int, (glm::qualifier)0> const&, GenType&) (Helpers.hpp:320)
          n1: 1744830464 0x46D041: World::addChunk(glm::vec<3, int, (glm::qualifier)0> const&) (World.cpp:27)
           n1: 1744830464 0x46DA55: World::generate(std::vector<glm::vec<3, float, (glm::qualifier)0>, std::allocator<glm::vec<3, float, (glm::qualifier)0> > > const&) (World.cpp:132)
            n1: 1744830464 0x46DB3A: World::selfUpdate(std::vector<glm::vec<3, float, (glm::qualifier)0>, std::allocator<glm::vec<3, float, (glm::qualifier)0> > > const&) (World.cpp:141)
             n1: 1744830464 0x401559: worldThread() (main.cpp:137)
              n1: 1744830464 0x460E7D: void std::__invoke_impl<void, void (*)()>(std::__invoke_other, void (*&&)()) (invoke.h:63)
               n1: 1744830464 0x460DC9: std::__invoke_result<void (*)()>::type std::__invoke<void (*)()>(void (*&&)()) (invoke.h:98)
                n1: 1744830464 0x460C81: void std::thread::_Invoker<std::tuple<void (*)()> >::_M_invoke<0ul>(std::_Index_tuple<0ul>) (std_thread.h:303)
                 n1: 1744830464 0x460BBB: std::thread::_Invoker<std::tuple<void (*)()> >::operator()() (std_thread.h:310)
                  n1: 1744830464 0x460B17: std::thread::_State_impl<std::thread::_Invoker<std::tuple<void (*)()> > >::_M_run() (std_thread.h:255)
                   n1: 1744830464 0xC1AF3B5: execute_native_thread_routine (thread.cc:105)
                    n1: 1744830464 0xC5C7758: start_thread (pthread_create.c:454)
                     n0: 1744830464 0xC64B733: clone (clone.S:100)
    n1: 67108864 0xC5D4A89: _int_new_arena (arena.c:637)
     n1: 67108864 0xC5D4A89: arena_get2 (arena.c:856)
      n1: 67108864 0xC5D4A89: arena_get2 (arena.c:817)
       n1: 67108864 0xC5D6F36: __libc_malloc2 (malloc.c:3259)
        n1: 67108864 0xC17E2FB: operator new(unsigned long) (new_op.cc:50)
         n1: 67108864 0x436996: std::__new_allocator<char>::allocate(unsigned long, void const*) (new_allocator.h:162)
          n1: 67108864 0x43E5F2: allocate (allocator.h:206)
           n1: 67108864 0x43E5F2: allocate (alloc_traits.h:638)
            n1: 67108864 0x43E5F2: std::_Vector_base<char, std::allocator<char> >::_M_allocate(unsigned long) (stl_vector.h:389)
             n1: 67108864 0x43B88C: std::_Vector_base<char, std::allocator<char> >::_M_create_storage(unsigned long) (stl_vector.h:407)
              n1: 67108864 0x437F12: std::_Vector_base<char, std::allocator<char> >::_Vector_base(unsigned long, std::allocator<char> const&) (stl_vector.h:341)
               n1: 67108864 0x4340BE: std::vector<char, std::allocator<char> >::vector(unsigned long, std::allocator<char> const&) (stl_vector.h:577)
                n1: 67108864 0x42FBF6: filewatch::FileWatch<std::__cxx11::basic_string<char, std::char_traits<char>, std::allocator<char> > >::monitor_directory() (FileWatch.hpp:617)
                 n1: 67108864 0x42A351: filewatch::FileWatch<std::__cxx11::basic_string<char, std::char_traits<char>, std::allocator<char> > >::init()::{lambda()#2}::operator()() const (FileWatch.hpp:349)
                  n1: 67108864 0x460E06: void std::__invoke_impl<void, filewatch::FileWatch<std::__cxx11::basic_string<char, std::char_traits<char>, std::allocator<char> > >::init()::{lambda()#2}>(std::__invoke_other, filewatch::FileWatch<std::__cxx11::basic_string<char, std::char_traits<char>, std::allocator<char> > >::init()::{lambda()#2}&&) (invoke.h:63)
                   n1: 67108864 0x460D1D: std::__invoke_result<filewatch::FileWatch<std::__cxx11::basic_string<char, std::char_traits<char>, std::allocator<char> > >::init()::{lambda()#2}>::type std::__invoke<filewatch::FileWatch<std::__cxx11::basic_string<char, std::char_traits<char>, std::allocator<char> > >::init()::{lambda()#2}>(filewatch::FileWatch<std::__cxx11::basic_string<char, std::char_traits<char>, std::allocator<char> > >::init()::{lambda()#2}&&) (invoke.h:98)
                    n1: 67108864 0x460C0F: void std::thread::_Invoker<std::tuple<filewatch::FileWatch<std::__cxx11::basic_string<char, std::char_traits<char>, std::allocator<char> > >::init()::{lambda()#2}> >::_M_invoke<0ul>(std::_Index_tuple<0ul>) (std_thread.h:303)
                     n1: 67108864 0x460B69: std::thread::_Invoker<std::tuple<filewatch::FileWatch<std::__cxx11::basic_string<char, std::char_traits<char>, std::allocator<char> > >::init()::{lambda()#2}> >::operator()() (std_thread.h:310)
                      n1: 67108864 0x460987: std::thread::_State_impl<std::thread::_Invoker<std::tuple<filewatch::FileWatch<std::__cxx11::basic_string<char, std::char_traits<char>, std::allocator<char> > >::init()::{lambda()#2}> > >::_M_run() (std_thread.h:255)
                       n1: 67108864 0xC1AF3B5: execute_native_thread_routine (thread.cc:105)
                        n1: 67108864 0xC5C7758: start_thread (pthread_create.c:454)
                         n0: 67108864 0xC64B733: clone (clone.S:100)
   n1: 283791360 0xC5D5CBD: sysmalloc_mmap_fallback (malloc.c:2289)
    n1: 283791360 0xC5D5CBD: sysmalloc (malloc.c:2501)
     n2: 283791360 0xC5D6C17: _int_malloc (malloc.c:4334)
      n2: 237113344 0xC5D6EED: __libc_malloc2 (malloc.c:3261)
       n1: 229773312 0xD46AD81: ??? (in /usr/lib64/libnvidia-glcore.so.595.71.05)
        n2: 229773312 0xD1D01EA: ??? (in /usr/lib64/libnvidia-glcore.so.595.71.05)
         n1: 212860928 0xD1B3595: ??? (in /usr/lib64/libnvidia-glcore.so.595.71.05)
          n2: 212860928 0xD1B3AC1: ??? (in /usr/lib64/libnvidia-glcore.so.595.71.05)
           n1: 178257920 0x473BE0: ChunkRenderer::updateShaderData(glm::vec<3, float, (glm::qualifier)0> const&) (Chunk.cpp:360)
            n1: 178257920 0x4615E9: WorldRenderer::renderChunks(ShaderProgram&, Camera::Frustum const&, glm::vec<3, float, (glm::qualifier)0> const&)::{lambda(ChunkRenderer&)#1}::operator()(ChunkRenderer&) const (WorldRenderer.cpp:64)
             n1: 178257920 0x463438: void std::__invoke_impl<void, WorldRenderer::renderChunks(ShaderProgram&, Camera::Frustum const&, glm::vec<3, float, (glm::qualifier)0> const&)::{lambda(ChunkRenderer&)#1}&, ChunkRenderer&>(std::__invoke_other, WorldRenderer::renderChunks(ShaderProgram&, Camera::Frustum const&, glm::vec<3, float, (glm::qualifier)0> const&)::{lambda(ChunkRenderer&)#1}&, ChunkRenderer&) (invoke.h:63)
              n1: 178257920 0x462F22: std::enable_if<is_invocable_r_v<void, WorldRenderer::renderChunks(ShaderProgram&, Camera::Frustum const&, glm::vec<3, float, (glm::qualifier)0> const&)::{lambda(ChunkRenderer&)#1}&, ChunkRenderer&>, void>::type std::__invoke_r<void, WorldRenderer::renderChunks(ShaderProgram&, Camera::Frustum const&, glm::vec<3, float, (glm::qualifier)0> const&)::{lambda(ChunkRenderer&)#1}&, ChunkRenderer&>(WorldRenderer::renderChunks(ShaderProgram&, Camera::Frustum const&, glm::vec<3, float, (glm::qualifier)0> const&)::{lambda(ChunkRenderer&)#1}&, ChunkRenderer&) (invoke.h:113)
               n1: 178257920 0x462A7C: std::_Function_handler<void (ChunkRenderer&), WorldRenderer::renderChunks(ShaderProgram&, Camera::Frustum const&, glm::vec<3, float, (glm::qualifier)0> const&)::{lambda(ChunkRenderer&)#1}>::_M_invoke(std::_Any_data const&, ChunkRenderer&) (std_function.h:295)
                n1: 178257920 0x466E80: std::function<void (ChunkRenderer&)>::operator()(ChunkRenderer&) const (std_function.h:581)
                 n1: 178257920 0x4652BB: ContiguousStorage<ChunkRenderer, 784ul, glm::vec<3, int, (glm::qualifier)0>, MathHelpers::glmVecLexicoGraphic<int, 3ul> >::forEach(std::function<void (ChunkRenderer&)>) (Helpers.hpp:383)
                  n1: 178257920 0x461A9A: WorldRenderer::renderChunks(ShaderProgram&, Camera::Frustum const&, glm::vec<3, float, (glm::qualifier)0> const&) (WorldRenderer.cpp:59)
                   n0: 178257920 0x40317E: main (main.cpp:422)
           n0: 34603008 in 2 places, all below massif's threshold (1.00%)
         n0: 16912384 in 1 place, below massif's threshold (1.00%)
       n0: 7340032 in 1 place, below massif's threshold (1.00%)
      n0: 46678016 in 1 place, below massif's threshold (1.00%)
   n1: 75534336 0xC5C8410: allocate_thread_stack (allocatestack.c:169)
    n1: 75534336 0xC5C8410: allocate_stack (allocatestack.c:508)
     n1: 75534336 0xC5C8410: pthread_create@@GLIBC_2.34 (pthread_create.c:680)
      n1: 75534336 0xC1AF488: __gthread_create (gthr-default.h:709)
       n1: 75534336 0xC1AF488: std::thread::_M_start_thread(std::unique_ptr<std::thread::_State, std::default_delete<std::thread::_State> >, void (*)()) (thread.cc:173)
        n0: 75534336 in 3 places, all below massif's threshold (1.00%)
   n0: 42770432 in 7 places, all below massif's threshold (1.00%)
 n1: 254623744 0xB34F85C: __mmap64 (mmap64.c:58)
  n3: 254623744 0xB34F85C: mmap (mmap64.c:46)
   n1: 152305664 0xB332822: _dl_map_segment (dl-map-segments.h:30)
    n1: 152305664 0xB332822: _dl_map_segments (dl-map-segments.h:102)
     n1: 152305664 0xB332822: _dl_map_object_from_fd (dl-load.c:1259)
      n2: 152305664 0xB334008: _dl_map_new_object (dl-load.c:2187)
       n1: 149884928 0xB32DABC: openaux (dl-deps.c:64)
        n1: 149884928 0xB32C728: _dl_catch_exception (dl-catch.c:241)
         n2: 149884928 0xB32DEEE: _dl_map_object_deps (dl-deps.c:232)
          n1: 136835072 0xB337FCF: dl_open_worker_begin (dl-open.c:609)
           n1: 136835072 0xB32C728: _dl_catch_exception (dl-catch.c:241)
            n1: 136835072 0xB337542: dl_open_worker (dl-open.c:762)
             n1: 136835072 0xB32C728: _dl_catch_exception (dl-catch.c:241)
              n1: 136835072 0xB337AA9: _dl_open (dl-open.c:900)
               n1: 136835072 0xC5C3C03: dlopen_doit (dlopen.c:56)
                n1: 136835072 0xB32C728: _dl_catch_exception (dl-catch.c:241)
                 n1: 136835072 0xB32C878: _dl_catch_error (dl-catch.c:260)
                  n1: 136835072 0xC5C36F2: _dlerror_run (dlerror.c:138)
                   n1: 136835072 0xC5C3CBA: dlopen_implementation (dlopen.c:71)
                    n2: 136835072 0xC5C3CBA: dlopen@@GLIBC_2.34 (dlopen.c:81)
                     n1: 135471104 0xBEF6F63: __glXLookupVendorByName.part.0 (libglxmapping.c:428)
                      n1: 135471104 0xBEF7D19: __glXLookupVendorByName (libglxmapping.c:391)
                       n1: 135471104 0xBEF7D19: __glXLookupVendorByScreen.part.0 (libglxmapping.c:572)
                        n1: 135471104 0xBEF8CB1: __glXLookupVendorByScreen (libglxmapping.c:524)
                         n1: 135471104 0xBEF8CB1: __glXGetDynDispatch (libglxmapping.c:610)
                          n1: 135471104 0xBEF8CB1: glXQueryExtensionsString (libglx.c:1473)
                           n1: 135471104 0xC0EB7AC: extensionSupportedGLX (in /home/leo/Cours/S8/HAI819I_moteur_jeux/build/external/glfw/src/libglfw.so.3.4)
                            n1: 135471104 0xC0EBEEA: _glfwInitGLX (in /home/leo/Cours/S8/HAI819I_moteur_jeux/build/external/glfw/src/libglfw.so.3.4)
                             n1: 135471104 0xC0E79BE: _glfwCreateWindowX11 (in /home/leo/Cours/S8/HAI819I_moteur_jeux/build/external/glfw/src/libglfw.so.3.4)
                              n1: 135471104 0xC0D374D: glfwCreateWindow (in /home/leo/Cours/S8/HAI819I_moteur_jeux/build/external/glfw/src/libglfw.so.3.4)
                               n1: 135471104 0x40A1A7: Window::init() (Window.hpp:241)
                                n1: 135471104 0x4012FC: globalInit(Window&) (main.cpp:53)
                                 n0: 135471104 0x401CE1: main (main.cpp:166)
                     n0: 1363968 in 2 places, all below massif's threshold (1.00%)
          n0: 13049856 in 1 place, below massif's threshold (1.00%)
       n0: 2420736 in 2 places, all below massif's threshold (1.00%)
   n1: 100982784 0xB332974: _dl_map_segments (dl-map-segments.h:140)
    n1: 100982784 0xB332974: _dl_map_object_from_fd (dl-load.c:1259)
     n2: 100982784 0xB334008: _dl_map_new_object (dl-load.c:2187)
      n1: 99446784 0xB32DABC: openaux (dl-deps.c:64)
       n1: 99446784 0xB32C728: _dl_catch_exception (dl-catch.c:241)
        n2: 99446784 0xB32DEEE: _dl_map_object_deps (dl-deps.c:232)
         n1: 93831168 0xB337FCF: dl_open_worker_begin (dl-open.c:609)
          n1: 93831168 0xB32C728: _dl_catch_exception (dl-catch.c:241)
           n1: 93831168 0xB337542: dl_open_worker (dl-open.c:762)
            n1: 93831168 0xB32C728: _dl_catch_exception (dl-catch.c:241)
             n1: 93831168 0xB337AA9: _dl_open (dl-open.c:900)
              n1: 93831168 0xC5C3C03: dlopen_doit (dlopen.c:56)
               n1: 93831168 0xB32C728: _dl_catch_exception (dl-catch.c:241)
                n1: 93831168 0xB32C878: _dl_catch_error (dl-catch.c:260)
                 n1: 93831168 0xC5C36F2: _dlerror_run (dlerror.c:138)
                  n1: 93831168 0xC5C3CBA: dlopen_implementation (dlopen.c:71)
                   n2: 93831168 0xC5C3CBA: dlopen@@GLIBC_2.34 (dlopen.c:81)
                    n1: 93372416 0xBEF6F63: __glXLookupVendorByName.part.0 (libglxmapping.c:428)
                     n1: 93372416 0xBEF7D19: __glXLookupVendorByName (libglxmapping.c:391)
                      n1: 93372416 0xBEF7D19: __glXLookupVendorByScreen.part.0 (libglxmapping.c:572)
                       n1: 93372416 0xBEF8CB1: __glXLookupVendorByScreen (libglxmapping.c:524)
                        n1: 93372416 0xBEF8CB1: __glXGetDynDispatch (libglxmapping.c:610)
                         n1: 93372416 0xBEF8CB1: glXQueryExtensionsString (libglx.c:1473)
                          n1: 93372416 0xC0EB7AC: extensionSupportedGLX (in /home/leo/Cours/S8/HAI819I_moteur_jeux/build/external/glfw/src/libglfw.so.3.4)
                           n1: 93372416 0xC0EBEEA: _glfwInitGLX (in /home/leo/Cours/S8/HAI819I_moteur_jeux/build/external/glfw/src/libglfw.so.3.4)
                            n1: 93372416 0xC0E79BE: _glfwCreateWindowX11 (in /home/leo/Cours/S8/HAI819I_moteur_jeux/build/external/glfw/src/libglfw.so.3.4)
                             n1: 93372416 0xC0D374D: glfwCreateWindow (in /home/leo/Cours/S8/HAI819I_moteur_jeux/build/external/glfw/src/libglfw.so.3.4)
                              n1: 93372416 0x40A1A7: Window::init() (Window.hpp:241)
                               n1: 93372416 0x4012FC: globalInit(Window&) (main.cpp:53)
                                n0: 93372416 0x401CE1: main (main.cpp:166)
                    n0: 458752 in 2 places, all below massif's threshold (1.00%)
         n0: 5615616 in 1 place, below massif's threshold (1.00%)
      n0: 1536000 in 2 places, all below massif's threshold (1.00%)
   n0: 1335296 in 3 places, all below massif's threshold (1.00%)
 n0: 183943168 0x0: ???
 n0: 8376320 in 3 places, all below massif's threshold (1.00%)
#-----------
snapshot=57
#-----------
time=199973613839
mem_heap_B=5211115520
mem_heap_extra_B=0
mem_stacks_B=0
heap_tree=empty
#-----------
snapshot=58
#-----------
time=199973613861
mem_heap_B=5211115520
mem_heap_extra_B=0
mem_stacks_B=0
heap_tree=detailed
n4: 5211115520 (page allocation syscalls) mmap/mremap/brk, --alloc-fns, etc.
 n1: 4764172288 0xC647B7C: __mmap64 (mmap64.c:58)
  n5: 4764172288 0xC647B7C: mmap (mmap64.c:46)
   n2: 2483027968 0xC5D45C6: alloc_new_heap (arena.c:405)
    n1: 2214592512 0xC5D58FB: sysmalloc (malloc.c:2395)
     n1: 2214592512 0xC5D6C17: _int_malloc (malloc.c:4334)
      n1: 2214592512 0xC5D6EED: __libc_malloc2 (malloc.c:3261)
       n1: 2214592512 0xC17E2FB: operator new(unsigned long) (new_op.cc:50)
        n1: 2214592512 0x46F3E0: std::__detail::_MakeUniq<std::array<Chunk, 7ul> >::__single_object std::make_unique<std::array<Chunk, 7ul>>() (unique_ptr.h:1105)
         n1: 2214592512 0x46E643: Chunk& ContiguousStorage<Chunk, 16777216ul, glm::vec<3, int, (glm::qualifier)0>, MathHelpers::glmVecLexicoGraphic<int, 3ul> >::emplace<World*, glm::vec<3, int, (glm::qualifier)0> const&, GenType&>(glm::vec<3, int, (glm::qualifier)0>, World*&&, glm::vec<3, int, (glm::qualifier)0> const&, GenType&) (Helpers.hpp:320)
          n1: 2214592512 0x46D041: World::addChunk(glm::vec<3, int, (glm::qualifier)0> const&) (World.cpp:27)
           n1: 2214592512 0x46DA55: World::generate(std::vector<glm::vec<3, float, (glm::qualifier)0>, std::allocator<glm::vec<3, float, (glm::qualifier)0> > > const&) (World.cpp:132)
            n1: 2214592512 0x46DB3A: World::selfUpdate(std::vector<glm::vec<3, float, (glm::qualifier)0>, std::allocator<glm::vec<3, float, (glm::qualifier)0> > > const&) (World.cpp:141)
             n1: 2214592512 0x401559: worldThread() (main.cpp:137)
              n1: 2214592512 0x460E7D: void std::__invoke_impl<void, void (*)()>(std::__invoke_other, void (*&&)()) (invoke.h:63)
               n1: 2214592512 0x460DC9: std::__invoke_result<void (*)()>::type std::__invoke<void (*)()>(void (*&&)()) (invoke.h:98)
                n1: 2214592512 0x460C81: void std::thread::_Invoker<std::tuple<void (*)()> >::_M_invoke<0ul>(std::_Index_tuple<0ul>) (std_thread.h:303)
                 n1: 2214592512 0x460BBB: std::thread::_Invoker<std::tuple<void (*)()> >::operator()() (std_thread.h:310)
                  n1: 2214592512 0x460B17: std::thread::_State_impl<std::thread::_Invoker<std::tuple<void (*)()> > >::_M_run() (std_thread.h:255)
                   n1: 2214592512 0xC1AF3B5: execute_native_thread_routine (thread.cc:105)
                    n1: 2214592512 0xC5C7758: start_thread (pthread_create.c:454)
                     n0: 2214592512 0xC64B733: clone (clone.S:100)
    n1: 268435456 0xC5D4A89: _int_new_arena (arena.c:637)
     n1: 268435456 0xC5D4A89: arena_get2 (arena.c:856)
      n1: 268435456 0xC5D4A89: arena_get2 (arena.c:817)
       n1: 268435456 0xC5D6F36: __libc_malloc2 (malloc.c:3259)
        n2: 268435456 0xC17E2FB: operator new(unsigned long) (new_op.cc:50)
         n1: 201326592 0x436996: std::__new_allocator<char>::allocate(unsigned long, void const*) (new_allocator.h:162)
          n1: 201326592 0x43E5F2: allocate (allocator.h:206)
           n1: 201326592 0x43E5F2: allocate (alloc_traits.h:638)
            n1: 201326592 0x43E5F2: std::_Vector_base<char, std::allocator<char> >::_M_allocate(unsigned long) (stl_vector.h:389)
             n1: 201326592 0x43B88C: std::_Vector_base<char, std::allocator<char> >::_M_create_storage(unsigned long) (stl_vector.h:407)
              n1: 201326592 0x437F12: std::_Vector_base<char, std::allocator<char> >::_Vector_base(unsigned long, std::allocator<char> const&) (stl_vector.h:341)
               n1: 201326592 0x4340BE: std::vector<char, std::allocator<char> >::vector(unsigned long, std::allocator<char> const&) (stl_vector.h:577)
                n1: 201326592 0x42FBF6: filewatch::FileWatch<std::__cxx11::basic_string<char, std::char_traits<char>, std::allocator<char> > >::monitor_directory() (FileWatch.hpp:617)
                 n1: 201326592 0x42A351: filewatch::FileWatch<std::__cxx11::basic_string<char, std::char_traits<char>, std::allocator<char> > >::init()::{lambda()#2}::operator()() const (FileWatch.hpp:349)
                  n1: 201326592 0x460E06: void std::__invoke_impl<void, filewatch::FileWatch<std::__cxx11::basic_string<char, std::char_traits<char>, std::allocator<char> > >::init()::{lambda()#2}>(std::__invoke_other, filewatch::FileWatch<std::__cxx11::basic_string<char, std::char_traits<char>, std::allocator<char> > >::init()::{lambda()#2}&&) (invoke.h:63)
                   n1: 201326592 0x460D1D: std::__invoke_result<filewatch::FileWatch<std::__cxx11::basic_string<char, std::char_traits<char>, std::allocator<char> > >::init()::{lambda()#2}>::type std::__invoke<filewatch::FileWatch<std::__cxx11::basic_string<char, std::char_traits<char>, std::allocator<char> > >::init()::{lambda()#2}>(filewatch::FileWatch<std::__cxx11::basic_string<char, std::char_traits<char>, std::allocator<char> > >::init()::{lambda()#2}&&) (invoke.h:98)
                    n1: 201326592 0x460C0F: void std::thread::_Invoker<std::tuple<filewatch::FileWatch<std::__cxx11::basic_string<char, std::char_traits<char>, std::allocator<char> > >::init()::{lambda()#2}> >::_M_invoke<0ul>(std::_Index_tuple<0ul>) (std_thread.h:303)
                     n1: 201326592 0x460B69: std::thread::_Invoker<std::tuple<filewatch::FileWatch<std::__cxx11::basic_string<char, std::char_traits<char>, std::allocator<char> > >::init()::{lambda()#2}> >::operator()() (std_thread.h:310)
                      n1: 201326592 0x460987: std::thread::_State_impl<std::thread::_Invoker<std::tuple<filewatch::FileWatch<std::__cxx11::basic_string<char, std::char_traits<char>, std::allocator<char> > >::init()::{lambda()#2}> > >::_M_run() (std_thread.h:255)
                       n1: 201326592 0xC1AF3B5: execute_native_thread_routine (thread.cc:105)
                        n1: 201326592 0xC5C7758: start_thread (pthread_create.c:454)
                         n0: 201326592 0xC64B733: clone (clone.S:100)
         n1: 67108864 0x43188E: std::__new_allocator<glm::vec<3, float, (glm::qualifier)0> >::allocate(unsigned long, void const*) (new_allocator.h:162)
          n1: 67108864 0x41EE5A: allocate (allocator.h:206)
           n1: 67108864 0x41EE5A: allocate (alloc_traits.h:638)
            n1: 67108864 0x41EE5A: std::_Vector_base<glm::vec<3, float, (glm::qualifier)0>, std::allocator<glm::vec<3, float, (glm::qualifier)0> > >::_M_allocate(unsigned long) (stl_vector.h:389)
             n1: 67108864 0x421E4D: glm::vec<3, float, (glm::qualifier)0>* std::vector<glm::vec<3, float, (glm::qualifier)0>, std::allocator<glm::vec<3, float, (glm::qualifier)0> > >::_M_allocate_and_copy<__gnu_cxx::__normal_iterator<glm::vec<3, float, (glm::qualifier)0> const*, std::vector<glm::vec<3, float, (glm::qualifier)0>, std::allocator<glm::vec<3, float, (glm::qualifier)0> > > > >(unsigned long, __gnu_cxx::__normal_iterator<glm::vec<3, float, (glm::qualifier)0> const*, std::vector<glm::vec<3, float, (glm::qualifier)0>, std::allocator<glm::vec<3, float, (glm::qualifier)0> > > >, __gnu_cxx::__normal_iterator<glm::vec<3, float, (glm::qualifier)0> const*, std::vector<glm::vec<3, float, (glm::qualifier)0>, std::allocator<glm::vec<3, float, (glm::qualifier)0> > > >) (stl_vector.h:1900)
              n1: 67108864 0x418DC7: std::vector<glm::vec<3, float, (glm::qualifier)0>, std::allocator<glm::vec<3, float, (glm::qualifier)0> > >::operator=(std::vector<glm::vec<3, float, (glm::qualifier)0>, std::allocator<glm::vec<3, float, (glm::qualifier)0> > > const&) (vector.tcc:242)
               n1: 67108864 0x401482: worldThread() (main.cpp:123)
                n1: 67108864 0x460E7D: void std::__invoke_impl<void, void (*)()>(std::__invoke_other, void (*&&)()) (invoke.h:63)
                 n1: 67108864 0x460DC9: std::__invoke_result<void (*)()>::type std::__invoke<void (*)()>(void (*&&)()) (invoke.h:98)
                  n1: 67108864 0x460C81: void std::thread::_Invoker<std::tuple<void (*)()> >::_M_invoke<0ul>(std::_Index_tuple<0ul>) (std_thread.h:303)
                   n1: 67108864 0x460BBB: std::thread::_Invoker<std::tuple<void (*)()> >::operator()() (std_thread.h:310)
                    n1: 67108864 0x460B17: std::thread::_State_impl<std::thread::_Invoker<std::tuple<void (*)()> > >::_M_run() (std_thread.h:255)
                     n1: 67108864 0xC1AF3B5: execute_native_thread_routine (thread.cc:105)
                      n1: 67108864 0xC5C7758: start_thread (pthread_create.c:454)
                       n0: 67108864 0xC64B733: clone (clone.S:100)
   n2: 1879048192 0xC5D44D5: alloc_new_heap (arena.c:395)
    n1: 1811939328 0xC5D58FB: sysmalloc (malloc.c:2395)
     n1: 1811939328 0xC5D6C17: _int_malloc (malloc.c:4334)
      n1: 1811939328 0xC5D6EED: __libc_malloc2 (malloc.c:3261)
       n1: 1811939328 0xC17E2FB: operator new(unsigned long) (new_op.cc:50)
        n1: 1811939328 0x46F3E0: std::__detail::_MakeUniq<std::array<Chunk, 7ul> >::__single_object std::make_unique<std::array<Chunk, 7ul>>() (unique_ptr.h:1105)
         n1: 1811939328 0x46E643: Chunk& ContiguousStorage<Chunk, 16777216ul, glm::vec<3, int, (glm::qualifier)0>, MathHelpers::glmVecLexicoGraphic<int, 3ul> >::emplace<World*, glm::vec<3, int, (glm::qualifier)0> const&, GenType&>(glm::vec<3, int, (glm::qualifier)0>, World*&&, glm::vec<3, int, (glm::qualifier)0> const&, GenType&) (Helpers.hpp:320)
          n1: 1811939328 0x46D041: World::addChunk(glm::vec<3, int, (glm::qualifier)0> const&) (World.cpp:27)
           n1: 1811939328 0x46DA55: World::generate(std::vector<glm::vec<3, float, (glm::qualifier)0>, std::allocator<glm::vec<3, float, (glm::qualifier)0> > > const&) (World.cpp:132)
            n1: 1811939328 0x46DB3A: World::selfUpdate(std::vector<glm::vec<3, float, (glm::qualifier)0>, std::allocator<glm::vec<3, float, (glm::qualifier)0> > > const&) (World.cpp:141)
             n1: 1811939328 0x401559: worldThread() (main.cpp:137)
              n1: 1811939328 0x460E7D: void std::__invoke_impl<void, void (*)()>(std::__invoke_other, void (*&&)()) (invoke.h:63)
               n1: 1811939328 0x460DC9: std::__invoke_result<void (*)()>::type std::__invoke<void (*)()>(void (*&&)()) (invoke.h:98)
                n1: 1811939328 0x460C81: void std::thread::_Invoker<std::tuple<void (*)()> >::_M_invoke<0ul>(std::_Index_tuple<0ul>) (std_thread.h:303)
                 n1: 1811939328 0x460BBB: std::thread::_Invoker<std::tuple<void (*)()> >::operator()() (std_thread.h:310)
                  n1: 1811939328 0x460B17: std::thread::_State_impl<std::thread::_Invoker<std::tuple<void (*)()> > >::_M_run() (std_thread.h:255)
                   n1: 1811939328 0xC1AF3B5: execute_native_thread_routine (thread.cc:105)
                    n1: 1811939328 0xC5C7758: start_thread (pthread_create.c:454)
                     n0: 1811939328 0xC64B733: clone (clone.S:100)
    n1: 67108864 0xC5D4A89: _int_new_arena (arena.c:637)
     n1: 67108864 0xC5D4A89: arena_get2 (arena.c:856)
      n1: 67108864 0xC5D4A89: arena_get2 (arena.c:817)
       n1: 67108864 0xC5D6F36: __libc_malloc2 (malloc.c:3259)
        n1: 67108864 0xC17E2FB: operator new(unsigned long) (new_op.cc:50)
         n1: 67108864 0x436996: std::__new_allocator<char>::allocate(unsigned long, void const*) (new_allocator.h:162)
          n1: 67108864 0x43E5F2: allocate (allocator.h:206)
           n1: 67108864 0x43E5F2: allocate (alloc_traits.h:638)
            n1: 67108864 0x43E5F2: std::_Vector_base<char, std::allocator<char> >::_M_allocate(unsigned long) (stl_vector.h:389)
             n1: 67108864 0x43B88C: std::_Vector_base<char, std::allocator<char> >::_M_create_storage(unsigned long) (stl_vector.h:407)
              n1: 67108864 0x437F12: std::_Vector_base<char, std::allocator<char> >::_Vector_base(unsigned long, std::allocator<char> const&) (stl_vector.h:341)
               n1: 67108864 0x4340BE: std::vector<char, std::allocator<char> >::vector(unsigned long, std::allocator<char> const&) (stl_vector.h:577)
                n1: 67108864 0x42FBF6: filewatch::FileWatch<std::__cxx11::basic_string<char, std::char_traits<char>, std::allocator<char> > >::monitor_directory() (FileWatch.hpp:617)
                 n1: 67108864 0x42A351: filewatch::FileWatch<std::__cxx11::basic_string<char, std::char_traits<char>, std::allocator<char> > >::init()::{lambda()#2}::operator()() const (FileWatch.hpp:349)
                  n1: 67108864 0x460E06: void std::__invoke_impl<void, filewatch::FileWatch<std::__cxx11::basic_string<char, std::char_traits<char>, std::allocator<char> > >::init()::{lambda()#2}>(std::__invoke_other, filewatch::FileWatch<std::__cxx11::basic_string<char, std::char_traits<char>, std::allocator<char> > >::init()::{lambda()#2}&&) (invoke.h:63)
                   n1: 67108864 0x460D1D: std::__invoke_result<filewatch::FileWatch<std::__cxx11::basic_string<char, std::char_traits<char>, std::allocator<char> > >::init()::{lambda()#2}>::type std::__invoke<filewatch::FileWatch<std::__cxx11::basic_string<char, std::char_traits<char>, std::allocator<char> > >::init()::{lambda()#2}>(filewatch::FileWatch<std::__cxx11::basic_string<char, std::char_traits<char>, std::allocator<char> > >::init()::{lambda()#2}&&) (invoke.h:98)
                    n1: 67108864 0x460C0F: void std::thread::_Invoker<std::tuple<filewatch::FileWatch<std::__cxx11::basic_string<char, std::char_traits<char>, std::allocator<char> > >::init()::{lambda()#2}> >::_M_invoke<0ul>(std::_Index_tuple<0ul>) (std_thread.h:303)
                     n1: 67108864 0x460B69: std::thread::_Invoker<std::tuple<filewatch::FileWatch<std::__cxx11::basic_string<char, std::char_traits<char>, std::allocator<char> > >::init()::{lambda()#2}> >::operator()() (std_thread.h:310)
                      n1: 67108864 0x460987: std::thread::_State_impl<std::thread::_Invoker<std::tuple<filewatch::FileWatch<std::__cxx11::basic_string<char, std::char_traits<char>, std::allocator<char> > >::init()::{lambda()#2}> > >::_M_run() (std_thread.h:255)
                       n1: 67108864 0xC1AF3B5: execute_native_thread_routine (thread.cc:105)
                        n1: 67108864 0xC5C7758: start_thread (pthread_create.c:454)
                         n0: 67108864 0xC64B733: clone (clone.S:100)
   n1: 283791360 0xC5D5CBD: sysmalloc_mmap_fallback (malloc.c:2289)
    n1: 283791360 0xC5D5CBD: sysmalloc (malloc.c:2501)
     n2: 283791360 0xC5D6C17: _int_malloc (malloc.c:4334)
      n2: 237113344 0xC5D6EED: __libc_malloc2 (malloc.c:3261)
       n1: 229773312 0xD46AD81: ??? (in /usr/lib64/libnvidia-glcore.so.595.71.05)
        n2: 229773312 0xD1D01EA: ??? (in /usr/lib64/libnvidia-glcore.so.595.71.05)
         n1: 212860928 0xD1B3595: ??? (in /usr/lib64/libnvidia-glcore.so.595.71.05)
          n2: 212860928 0xD1B3AC1: ??? (in /usr/lib64/libnvidia-glcore.so.595.71.05)
           n1: 178257920 0x473BE0: ChunkRenderer::updateShaderData(glm::vec<3, float, (glm::qualifier)0> const&) (Chunk.cpp:360)
            n1: 178257920 0x4615E9: WorldRenderer::renderChunks(ShaderProgram&, Camera::Frustum const&, glm::vec<3, float, (glm::qualifier)0> const&)::{lambda(ChunkRenderer&)#1}::operator()(ChunkRenderer&) const (WorldRenderer.cpp:64)
             n1: 178257920 0x463438: void std::__invoke_impl<void, WorldRenderer::renderChunks(ShaderProgram&, Camera::Frustum const&, glm::vec<3, float, (glm::qualifier)0> const&)::{lambda(ChunkRenderer&)#1}&, ChunkRenderer&>(std::__invoke_other, WorldRenderer::renderChunks(ShaderProgram&, Camera::Frustum const&, glm::vec<3, float, (glm::qualifier)0> const&)::{lambda(ChunkRenderer&)#1}&, ChunkRenderer&) (invoke.h:63)
              n1: 178257920 0x462F22: std::enable_if<is_invocable_r_v<void, WorldRenderer::renderChunks(ShaderProgram&, Camera::Frustum const&, glm::vec<3, float, (glm::qualifier)0> const&)::{lambda(ChunkRenderer&)#1}&, ChunkRenderer&>, void>::type std::__invoke_r<void, WorldRenderer::renderChunks(ShaderProgram&, Camera::Frustum const&, glm::vec<3, float, (glm::qualifier)0> const&)::{lambda(ChunkRenderer&)#1}&, ChunkRenderer&>(WorldRenderer::renderChunks(ShaderProgram&, Camera::Frustum const&, glm::vec<3, float, (glm::qualifier)0> const&)::{lambda(ChunkRenderer&)#1}&, ChunkRenderer&) (invoke.h:113)
               n1: 178257920 0x462A7C: std::_Function_handler<void (ChunkRenderer&), WorldRenderer::renderChunks(ShaderProgram&, Camera::Frustum const&, glm::vec<3, float, (glm::qualifier)0> const&)::{lambda(ChunkRenderer&)#1}>::_M_invoke(std::_Any_data const&, ChunkRenderer&) (std_function.h:295)
                n1: 178257920 0x466E80: std::function<void (ChunkRenderer&)>::operator()(ChunkRenderer&) const (std_function.h:581)
                 n1: 178257920 0x4652BB: ContiguousStorage<ChunkRenderer, 784ul, glm::vec<3, int, (glm::qualifier)0>, MathHelpers::glmVecLexicoGraphic<int, 3ul> >::forEach(std::function<void (ChunkRenderer&)>) (Helpers.hpp:383)
                  n1: 178257920 0x461A9A: WorldRenderer::renderChunks(ShaderProgram&, Camera::Frustum const&, glm::vec<3, float, (glm::qualifier)0> const&) (WorldRenderer.cpp:59)
                   n0: 178257920 0x40317E: main (main.cpp:422)
           n0: 34603008 in 2 places, all below massif's threshold (1.00%)
         n0: 16912384 in 1 place, below massif's threshold (1.00%)
       n0: 7340032 in 1 place, below massif's threshold (1.00%)
      n0: 46678016 in 1 place, below massif's threshold (1.00%)
   n1: 75534336 0xC5C8410: allocate_thread_stack (allocatestack.c:169)
    n1: 75534336 0xC5C8410: allocate_stack (allocatestack.c:508)
     n1: 75534336 0xC5C8410: pthread_create@@GLIBC_2.34 (pthread_create.c:680)
      n1: 75534336 0xC1AF488: __gthread_create (gthr-default.h:709)
       n1: 75534336 0xC1AF488: std::thread::_M_start_thread(std::unique_ptr<std::thread::_State, std::default_delete<std::thread::_State> >, void (*)()) (thread.cc:173)
        n0: 75534336 in 3 places, all below massif's threshold (1.00%)
   n0: 42770432 in 7 places, all below massif's threshold (1.00%)
 n1: 254623744 0xB34F85C: __mmap64 (mmap64.c:58)
  n3: 254623744 0xB34F85C: mmap (mmap64.c:46)
   n1: 152305664 0xB332822: _dl_map_segment (dl-map-segments.h:30)
    n1: 152305664 0xB332822: _dl_map_segments (dl-map-segments.h:102)
     n1: 152305664 0xB332822: _dl_map_object_from_fd (dl-load.c:1259)
      n2: 152305664 0xB334008: _dl_map_new_object (dl-load.c:2187)
       n1: 149884928 0xB32DABC: openaux (dl-deps.c:64)
        n1: 149884928 0xB32C728: _dl_catch_exception (dl-catch.c:241)
         n2: 149884928 0xB32DEEE: _dl_map_object_deps (dl-deps.c:232)
          n1: 136835072 0xB337FCF: dl_open_worker_begin (dl-open.c:609)
           n1: 136835072 0xB32C728: _dl_catch_exception (dl-catch.c:241)
            n1: 136835072 0xB337542: dl_open_worker (dl-open.c:762)
             n1: 136835072 0xB32C728: _dl_catch_exception (dl-catch.c:241)
              n1: 136835072 0xB337AA9: _dl_open (dl-open.c:900)
               n1: 136835072 0xC5C3C03: dlopen_doit (dlopen.c:56)
                n1: 136835072 0xB32C728: _dl_catch_exception (dl-catch.c:241)
                 n1: 136835072 0xB32C878: _dl_catch_error (dl-catch.c:260)
                  n1: 136835072 0xC5C36F2: _dlerror_run (dlerror.c:138)
                   n1: 136835072 0xC5C3CBA: dlopen_implementation (dlopen.c:71)
                    n2: 136835072 0xC5C3CBA: dlopen@@GLIBC_2.34 (dlopen.c:81)
                     n1: 135471104 0xBEF6F63: __glXLookupVendorByName.part.0 (libglxmapping.c:428)
                      n1: 135471104 0xBEF7D19: __glXLookupVendorByName (libglxmapping.c:391)
                       n1: 135471104 0xBEF7D19: __glXLookupVendorByScreen.part.0 (libglxmapping.c:572)
                        n1: 135471104 0xBEF8CB1: __glXLookupVendorByScreen (libglxmapping.c:524)
                         n1: 135471104 0xBEF8CB1: __glXGetDynDispatch (libglxmapping.c:610)
                          n1: 135471104 0xBEF8CB1: glXQueryExtensionsString (libglx.c:1473)
                           n1: 135471104 0xC0EB7AC: extensionSupportedGLX (in /home/leo/Cours/S8/HAI819I_moteur_jeux/build/external/glfw/src/libglfw.so.3.4)
                            n1: 135471104 0xC0EBEEA: _glfwInitGLX (in /home/leo/Cours/S8/HAI819I_moteur_jeux/build/external/glfw/src/libglfw.so.3.4)
                             n1: 135471104 0xC0E79BE: _glfwCreateWindowX11 (in /home/leo/Cours/S8/HAI819I_moteur_jeux/build/external/glfw/src/libglfw.so.3.4)
                              n1: 135471104 0xC0D374D: glfwCreateWindow (in /home/leo/Cours/S8/HAI819I_moteur_jeux/build/external/glfw/src/libglfw.so.3.4)
                               n1: 135471104 0x40A1A7: Window::init() (Window.hpp:241)
                                n1: 135471104 0x4012FC: globalInit(Window&) (main.cpp:53)
                                 n0: 135471104 0x401CE1: main (main.cpp:166)
                     n0: 1363968 in 2 places, all below massif's threshold (1.00%)
          n0: 13049856 in 1 place, below massif's threshold (1.00%)
       n0: 2420736 in 2 places, all below massif's threshold (1.00%)
   n1: 100982784 0xB332974: _dl_map_segments (dl-map-segments.h:140)
    n1: 100982784 0xB332974: _dl_map_object_from_fd (dl-load.c:1259)
     n2: 100982784 0xB334008: _dl_map_new_object (dl-load.c:2187)
      n1: 99446784 0xB32DABC: openaux (dl-deps.c:64)
       n1: 99446784 0xB32C728: _dl_catch_exception (dl-catch.c:241)
        n2: 99446784 0xB32DEEE: _dl_map_object_deps (dl-deps.c:232)
         n1: 93831168 0xB337FCF: dl_open_worker_begin (dl-open.c:609)
          n1: 93831168 0xB32C728: _dl_catch_exception (dl-catch.c:241)
           n1: 93831168 0xB337542: dl_open_worker (dl-open.c:762)
            n1: 93831168 0xB32C728: _dl_catch_exception (dl-catch.c:241)
             n1: 93831168 0xB337AA9: _dl_open (dl-open.c:900)
              n1: 93831168 0xC5C3C03: dlopen_doit (dlopen.c:56)
               n1: 93831168 0xB32C728: _dl_catch_exception (dl-catch.c:241)
                n1: 93831168 0xB32C878: _dl_catch_error (dl-catch.c:260)
                 n1: 93831168 0xC5C36F2: _dlerror_run (dlerror.c:138)
                  n1: 93831168 0xC5C3CBA: dlopen_implementation (dlopen.c:71)
                   n2: 93831168 0xC5C3CBA: dlopen@@GLIBC_2.34 (dlopen.c:81)
                    n1: 93372416 0xBEF6F63: __glXLookupVendorByName.part.0 (libglxmapping.c:428)
                     n1: 93372416 0xBEF7D19: __glXLookupVendorByName (libglxmapping.c:391)
                      n1: 93372416 0xBEF7D19: __glXLookupVendorByScreen.part.0 (libglxmapping.c:572)
                       n1: 93372416 0xBEF8CB1: __glXLookupVendorByScreen (libglxmapping.c:524)
                        n1: 93372416 0xBEF8CB1: __glXGetDynDispatch (libglxmapping.c:610)
                         n1: 93372416 0xBEF8CB1: glXQueryExtensionsString (libglx.c:1473)
                          n1: 93372416 0xC0EB7AC: extensionSupportedGLX (in /home/leo/Cours/S8/HAI819I_moteur_jeux/build/external/glfw/src/libglfw.so.3.4)
                           n1: 93372416 0xC0EBEEA: _glfwInitGLX (in /home/leo/Cours/S8/HAI819I_moteur_jeux/build/external/glfw/src/libglfw.so.3.4)
                            n1: 93372416 0xC0E79BE: _glfwCreateWindowX11 (in /home/leo/Cours/S8/HAI819I_moteur_jeux/build/external/glfw/src/libglfw.so.3.4)
                             n1: 93372416 0xC0D374D: glfwCreateWindow (in /home/leo/Cours/S8/HAI819I_moteur_jeux/build/external/glfw/src/libglfw.so.3.4)
                              n1: 93372416 0x40A1A7: Window::init() (Window.hpp:241)
                               n1: 93372416 0x4012FC: globalInit(Window&) (main.cpp:53)
                                n0: 93372416 0x401CE1: main (main.cpp:166)
                    n0: 458752 in 2 places, all below massif's threshold (1.00%)
         n0: 5615616 in 1 place, below massif's threshold (1.00%)
      n0: 1536000 in 2 places, all below massif's threshold (1.00%)
   n0: 1335296 in 3 places, all below massif's threshold (1.00%)
 n0: 183943168 0x0: ???
 n0: 8376320 in 3 places, all below massif's threshold (1.00%)
#-----------
snapshot=59
#-----------
time=203092541003
mem_heap_B=5345333248
mem_heap_extra_B=0
mem_stacks_B=0
heap_tree=empty
#-----------
snapshot=60
#-----------
time=203092541025
mem_heap_B=5345333248
mem_heap_extra_B=0
mem_stacks_B=0
heap_tree=detailed
n4: 5345333248 (page allocation syscalls) mmap/mremap/brk, --alloc-fns, etc.
 n1: 4898390016 0xC647B7C: __mmap64 (mmap64.c:58)
  n5: 4898390016 0xC647B7C: mmap (mmap64.c:46)
   n2: 2550136832 0xC5D45C6: alloc_new_heap (arena.c:405)
    n1: 2281701376 0xC5D58FB: sysmalloc (malloc.c:2395)
     n1: 2281701376 0xC5D6C17: _int_malloc (malloc.c:4334)
      n1: 2281701376 0xC5D6EED: __libc_malloc2 (malloc.c:3261)
       n1: 2281701376 0xC17E2FB: operator new(unsigned long) (new_op.cc:50)
        n1: 2281701376 0x46F3E0: std::__detail::_MakeUniq<std::array<Chunk, 7ul> >::__single_object std::make_unique<std::array<Chunk, 7ul>>() (unique_ptr.h:1105)
         n1: 2281701376 0x46E643: Chunk& ContiguousStorage<Chunk, 16777216ul, glm::vec<3, int, (glm::qualifier)0>, MathHelpers::glmVecLexicoGraphic<int, 3ul> >::emplace<World*, glm::vec<3, int, (glm::qualifier)0> const&, GenType&>(glm::vec<3, int, (glm::qualifier)0>, World*&&, glm::vec<3, int, (glm::qualifier)0> const&, GenType&) (Helpers.hpp:320)
          n1: 2281701376 0x46D041: World::addChunk(glm::vec<3, int, (glm::qualifier)0> const&) (World.cpp:27)
           n1: 2281701376 0x46DA55: World::generate(std::vector<glm::vec<3, float, (glm::qualifier)0>, std::allocator<glm::vec<3, float, (glm::qualifier)0> > > const&) (World.cpp:132)
            n1: 2281701376 0x46DB3A: World::selfUpdate(std::vector<glm::vec<3, float, (glm::qualifier)0>, std::allocator<glm::vec<3, float, (glm::qualifier)0> > > const&) (World.cpp:141)
             n1: 2281701376 0x401559: worldThread() (main.cpp:137)
              n1: 2281701376 0x460E7D: void std::__invoke_impl<void, void (*)()>(std::__invoke_other, void (*&&)()) (invoke.h:63)
               n1: 2281701376 0x460DC9: std::__invoke_result<void (*)()>::type std::__invoke<void (*)()>(void (*&&)()) (invoke.h:98)
                n1: 2281701376 0x460C81: void std::thread::_Invoker<std::tuple<void (*)()> >::_M_invoke<0ul>(std::_Index_tuple<0ul>) (std_thread.h:303)
                 n1: 2281701376 0x460BBB: std::thread::_Invoker<std::tuple<void (*)()> >::operator()() (std_thread.h:310)
                  n1: 2281701376 0x460B17: std::thread::_State_impl<std::thread::_Invoker<std::tuple<void (*)()> > >::_M_run() (std_thread.h:255)
                   n1: 2281701376 0xC1AF3B5: execute_native_thread_routine (thread.cc:105)
                    n1: 2281701376 0xC5C7758: start_thread (pthread_create.c:454)
                     n0: 2281701376 0xC64B733: clone (clone.S:100)
    n1: 268435456 0xC5D4A89: _int_new_arena (arena.c:637)
     n1: 268435456 0xC5D4A89: arena_get2 (arena.c:856)
      n1: 268435456 0xC5D4A89: arena_get2 (arena.c:817)
       n1: 268435456 0xC5D6F36: __libc_malloc2 (malloc.c:3259)
        n2: 268435456 0xC17E2FB: operator new(unsigned long) (new_op.cc:50)
         n1: 201326592 0x436996: std::__new_allocator<char>::allocate(unsigned long, void const*) (new_allocator.h:162)
          n1: 201326592 0x43E5F2: allocate (allocator.h:206)
           n1: 201326592 0x43E5F2: allocate (alloc_traits.h:638)
            n1: 201326592 0x43E5F2: std::_Vector_base<char, std::allocator<char> >::_M_allocate(unsigned long) (stl_vector.h:389)
             n1: 201326592 0x43B88C: std::_Vector_base<char, std::allocator<char> >::_M_create_storage(unsigned long) (stl_vector.h:407)
              n1: 201326592 0x437F12: std::_Vector_base<char, std::allocator<char> >::_Vector_base(unsigned long, std::allocator<char> const&) (stl_vector.h:341)
               n1: 201326592 0x4340BE: std::vector<char, std::allocator<char> >::vector(unsigned long, std::allocator<char> const&) (stl_vector.h:577)
                n1: 201326592 0x42FBF6: filewatch::FileWatch<std::__cxx11::basic_string<char, std::char_traits<char>, std::allocator<char> > >::monitor_directory() (FileWatch.hpp:617)
                 n1: 201326592 0x42A351: filewatch::FileWatch<std::__cxx11::basic_string<char, std::char_traits<char>, std::allocator<char> > >::init()::{lambda()#2}::operator()() const (FileWatch.hpp:349)
                  n1: 201326592 0x460E06: void std::__invoke_impl<void, filewatch::FileWatch<std::__cxx11::basic_string<char, std::char_traits<char>, std::allocator<char> > >::init()::{lambda()#2}>(std::__invoke_other, filewatch::FileWatch<std::__cxx11::basic_string<char, std::char_traits<char>, std::allocator<char> > >::init()::{lambda()#2}&&) (invoke.h:63)
                   n1: 201326592 0x460D1D: std::__invoke_result<filewatch::FileWatch<std::__cxx11::basic_string<char, std::char_traits<char>, std::allocator<char> > >::init()::{lambda()#2}>::type std::__invoke<filewatch::FileWatch<std::__cxx11::basic_string<char, std::char_traits<char>, std::allocator<char> > >::init()::{lambda()#2}>(filewatch::FileWatch<std::__cxx11::basic_string<char, std::char_traits<char>, std::allocator<char> > >::init()::{lambda()#2}&&) (invoke.h:98)
                    n1: 201326592 0x460C0F: void std::thread::_Invoker<std::tuple<filewatch::FileWatch<std::__cxx11::basic_string<char, std::char_traits<char>, std::allocator<char> > >::init()::{lambda()#2}> >::_M_invoke<0ul>(std::_Index_tuple<0ul>) (std_thread.h:303)
                     n1: 201326592 0x460B69: std::thread::_Invoker<std::tuple<filewatch::FileWatch<std::__cxx11::basic_string<char, std::char_traits<char>, std::allocator<char> > >::init()::{lambda()#2}> >::operator()() (std_thread.h:310)
                      n1: 201326592 0x460987: std::thread::_State_impl<std::thread::_Invoker<std::tuple<filewatch::FileWatch<std::__cxx11::basic_string<char, std::char_traits<char>, std::allocator<char> > >::init()::{lambda()#2}> > >::_M_run() (std_thread.h:255)
                       n1: 201326592 0xC1AF3B5: execute_native_thread_routine (thread.cc:105)
                        n1: 201326592 0xC5C7758: start_thread (pthread_create.c:454)
                         n0: 201326592 0xC64B733: clone (clone.S:100)
         n1: 67108864 0x43188E: std::__new_allocator<glm::vec<3, float, (glm::qualifier)0> >::allocate(unsigned long, void const*) (new_allocator.h:162)
          n1: 67108864 0x41EE5A: allocate (allocator.h:206)
           n1: 67108864 0x41EE5A: allocate (alloc_traits.h:638)
            n1: 67108864 0x41EE5A: std::_Vector_base<glm::vec<3, float, (glm::qualifier)0>, std::allocator<glm::vec<3, float, (glm::qualifier)0> > >::_M_allocate(unsigned long) (stl_vector.h:389)
             n1: 67108864 0x421E4D: glm::vec<3, float, (glm::qualifier)0>* std::vector<glm::vec<3, float, (glm::qualifier)0>, std::allocator<glm::vec<3, float, (glm::qualifier)0> > >::_M_allocate_and_copy<__gnu_cxx::__normal_iterator<glm::vec<3, float, (glm::qualifier)0> const*, std::vector<glm::vec<3, float, (glm::qualifier)0>, std::allocator<glm::vec<3, float, (glm::qualifier)0> > > > >(unsigned long, __gnu_cxx::__normal_iterator<glm::vec<3, float, (glm::qualifier)0> const*, std::vector<glm::vec<3, float, (glm::qualifier)0>, std::allocator<glm::vec<3, float, (glm::qualifier)0> > > >, __gnu_cxx::__normal_iterator<glm::vec<3, float, (glm::qualifier)0> const*, std::vector<glm::vec<3, float, (glm::qualifier)0>, std::allocator<glm::vec<3, float, (glm::qualifier)0> > > >) (stl_vector.h:1900)
              n1: 67108864 0x418DC7: std::vector<glm::vec<3, float, (glm::qualifier)0>, std::allocator<glm::vec<3, float, (glm::qualifier)0> > >::operator=(std::vector<glm::vec<3, float, (glm::qualifier)0>, std::allocator<glm::vec<3, float, (glm::qualifier)0> > > const&) (vector.tcc:242)
               n1: 67108864 0x401482: worldThread() (main.cpp:123)
                n1: 67108864 0x460E7D: void std::__invoke_impl<void, void (*)()>(std::__invoke_other, void (*&&)()) (invoke.h:63)
                 n1: 67108864 0x460DC9: std::__invoke_result<void (*)()>::type std::__invoke<void (*)()>(void (*&&)()) (invoke.h:98)
                  n1: 67108864 0x460C81: void std::thread::_Invoker<std::tuple<void (*)()> >::_M_invoke<0ul>(std::_Index_tuple<0ul>) (std_thread.h:303)
                   n1: 67108864 0x460BBB: std::thread::_Invoker<std::tuple<void (*)()> >::operator()() (std_thread.h:310)
                    n1: 67108864 0x460B17: std::thread::_State_impl<std::thread::_Invoker<std::tuple<void (*)()> > >::_M_run() (std_thread.h:255)
                     n1: 67108864 0xC1AF3B5: execute_native_thread_routine (thread.cc:105)
                      n1: 67108864 0xC5C7758: start_thread (pthread_create.c:454)
                       n0: 67108864 0xC64B733: clone (clone.S:100)
   n2: 1946157056 0xC5D44D5: alloc_new_heap (arena.c:395)
    n1: 1879048192 0xC5D58FB: sysmalloc (malloc.c:2395)
     n1: 1879048192 0xC5D6C17: _int_malloc (malloc.c:4334)
      n1: 1879048192 0xC5D6EED: __libc_malloc2 (malloc.c:3261)
       n1: 1879048192 0xC17E2FB: operator new(unsigned long) (new_op.cc:50)
        n1: 1879048192 0x46F3E0: std::__detail::_MakeUniq<std::array<Chunk, 7ul> >::__single_object std::make_unique<std::array<Chunk, 7ul>>() (unique_ptr.h:1105)
         n1: 1879048192 0x46E643: Chunk& ContiguousStorage<Chunk, 16777216ul, glm::vec<3, int, (glm::qualifier)0>, MathHelpers::glmVecLexicoGraphic<int, 3ul> >::emplace<World*, glm::vec<3, int, (glm::qualifier)0> const&, GenType&>(glm::vec<3, int, (glm::qualifier)0>, World*&&, glm::vec<3, int, (glm::qualifier)0> const&, GenType&) (Helpers.hpp:320)
          n1: 1879048192 0x46D041: World::addChunk(glm::vec<3, int, (glm::qualifier)0> const&) (World.cpp:27)
           n1: 1879048192 0x46DA55: World::generate(std::vector<glm::vec<3, float, (glm::qualifier)0>, std::allocator<glm::vec<3, float, (glm::qualifier)0> > > const&) (World.cpp:132)
            n1: 1879048192 0x46DB3A: World::selfUpdate(std::vector<glm::vec<3, float, (glm::qualifier)0>, std::allocator<glm::vec<3, float, (glm::qualifier)0> > > const&) (World.cpp:141)
             n1: 1879048192 0x401559: worldThread() (main.cpp:137)
              n1: 1879048192 0x460E7D: void std::__invoke_impl<void, void (*)()>(std::__invoke_other, void (*&&)()) (invoke.h:63)
               n1: 1879048192 0x460DC9: std::__invoke_result<void (*)()>::type std::__invoke<void (*)()>(void (*&&)()) (invoke.h:98)
                n1: 1879048192 0x460C81: void std::thread::_Invoker<std::tuple<void (*)()> >::_M_invoke<0ul>(std::_Index_tuple<0ul>) (std_thread.h:303)
                 n1: 1879048192 0x460BBB: std::thread::_Invoker<std::tuple<void (*)()> >::operator()() (std_thread.h:310)
                  n1: 1879048192 0x460B17: std::thread::_State_impl<std::thread::_Invoker<std::tuple<void (*)()> > >::_M_run() (std_thread.h:255)
                   n1: 1879048192 0xC1AF3B5: execute_native_thread_routine (thread.cc:105)
                    n1: 1879048192 0xC5C7758: start_thread (pthread_create.c:454)
                     n0: 1879048192 0xC64B733: clone (clone.S:100)
    n1: 67108864 0xC5D4A89: _int_new_arena (arena.c:637)
     n1: 67108864 0xC5D4A89: arena_get2 (arena.c:856)
      n1: 67108864 0xC5D4A89: arena_get2 (arena.c:817)
       n1: 67108864 0xC5D6F36: __libc_malloc2 (malloc.c:3259)
        n1: 67108864 0xC17E2FB: operator new(unsigned long) (new_op.cc:50)
         n1: 67108864 0x436996: std::__new_allocator<char>::allocate(unsigned long, void const*) (new_allocator.h:162)
          n1: 67108864 0x43E5F2: allocate (allocator.h:206)
           n1: 67108864 0x43E5F2: allocate (alloc_traits.h:638)
            n1: 67108864 0x43E5F2: std::_Vector_base<char, std::allocator<char> >::_M_allocate(unsigned long) (stl_vector.h:389)
             n1: 67108864 0x43B88C: std::_Vector_base<char, std::allocator<char> >::_M_create_storage(unsigned long) (stl_vector.h:407)
              n1: 67108864 0x437F12: std::_Vector_base<char, std::allocator<char> >::_Vector_base(unsigned long, std::allocator<char> const&) (stl_vector.h:341)
               n1: 67108864 0x4340BE: std::vector<char, std::allocator<char> >::vector(unsigned long, std::allocator<char> const&) (stl_vector.h:577)
                n1: 67108864 0x42FBF6: filewatch::FileWatch<std::__cxx11::basic_string<char, std::char_traits<char>, std::allocator<char> > >::monitor_directory() (FileWatch.hpp:617)
                 n1: 67108864 0x42A351: filewatch::FileWatch<std::__cxx11::basic_string<char, std::char_traits<char>, std::allocator<char> > >::init()::{lambda()#2}::operator()() const (FileWatch.hpp:349)
                  n1: 67108864 0x460E06: void std::__invoke_impl<void, filewatch::FileWatch<std::__cxx11::basic_string<char, std::char_traits<char>, std::allocator<char> > >::init()::{lambda()#2}>(std::__invoke_other, filewatch::FileWatch<std::__cxx11::basic_string<char, std::char_traits<char>, std::allocator<char> > >::init()::{lambda()#2}&&) (invoke.h:63)
                   n1: 67108864 0x460D1D: std::__invoke_result<filewatch::FileWatch<std::__cxx11::basic_string<char, std::char_traits<char>, std::allocator<char> > >::init()::{lambda()#2}>::type std::__invoke<filewatch::FileWatch<std::__cxx11::basic_string<char, std::char_traits<char>, std::allocator<char> > >::init()::{lambda()#2}>(filewatch::FileWatch<std::__cxx11::basic_string<char, std::char_traits<char>, std::allocator<char> > >::init()::{lambda()#2}&&) (invoke.h:98)
                    n1: 67108864 0x460C0F: void std::thread::_Invoker<std::tuple<filewatch::FileWatch<std::__cxx11::basic_string<char, std::char_traits<char>, std::allocator<char> > >::init()::{lambda()#2}> >::_M_invoke<0ul>(std::_Index_tuple<0ul>) (std_thread.h:303)
                     n1: 67108864 0x460B69: std::thread::_Invoker<std::tuple<filewatch::FileWatch<std::__cxx11::basic_string<char, std::char_traits<char>, std::allocator<char> > >::init()::{lambda()#2}> >::operator()() (std_thread.h:310)
                      n1: 67108864 0x460987: std::thread::_State_impl<std::thread::_Invoker<std::tuple<filewatch::FileWatch<std::__cxx11::basic_string<char, std::char_traits<char>, std::allocator<char> > >::init()::{lambda()#2}> > >::_M_run() (std_thread.h:255)
                       n1: 67108864 0xC1AF3B5: execute_native_thread_routine (thread.cc:105)
                        n1: 67108864 0xC5C7758: start_thread (pthread_create.c:454)
                         n0: 67108864 0xC64B733: clone (clone.S:100)
   n1: 283791360 0xC5D5CBD: sysmalloc_mmap_fallback (malloc.c:2289)
    n1: 283791360 0xC5D5CBD: sysmalloc (malloc.c:2501)
     n2: 283791360 0xC5D6C17: _int_malloc (malloc.c:4334)
      n2: 237113344 0xC5D6EED: __libc_malloc2 (malloc.c:3261)
       n1: 229773312 0xD46AD81: ??? (in /usr/lib64/libnvidia-glcore.so.595.71.05)
        n2: 229773312 0xD1D01EA: ??? (in /usr/lib64/libnvidia-glcore.so.595.71.05)
         n1: 212860928 0xD1B3595: ??? (in /usr/lib64/libnvidia-glcore.so.595.71.05)
          n2: 212860928 0xD1B3AC1: ??? (in /usr/lib64/libnvidia-glcore.so.595.71.05)
           n1: 178257920 0x473BE0: ChunkRenderer::updateShaderData(glm::vec<3, float, (glm::qualifier)0> const&) (Chunk.cpp:360)
            n1: 178257920 0x4615E9: WorldRenderer::renderChunks(ShaderProgram&, Camera::Frustum const&, glm::vec<3, float, (glm::qualifier)0> const&)::{lambda(ChunkRenderer&)#1}::operator()(ChunkRenderer&) const (WorldRenderer.cpp:64)
             n1: 178257920 0x463438: void std::__invoke_impl<void, WorldRenderer::renderChunks(ShaderProgram&, Camera::Frustum const&, glm::vec<3, float, (glm::qualifier)0> const&)::{lambda(ChunkRenderer&)#1}&, ChunkRenderer&>(std::__invoke_other, WorldRenderer::renderChunks(ShaderProgram&, Camera::Frustum const&, glm::vec<3, float, (glm::qualifier)0> const&)::{lambda(ChunkRenderer&)#1}&, ChunkRenderer&) (invoke.h:63)
              n1: 178257920 0x462F22: std::enable_if<is_invocable_r_v<void, WorldRenderer::renderChunks(ShaderProgram&, Camera::Frustum const&, glm::vec<3, float, (glm::qualifier)0> const&)::{lambda(ChunkRenderer&)#1}&, ChunkRenderer&>, void>::type std::__invoke_r<void, WorldRenderer::renderChunks(ShaderProgram&, Camera::Frustum const&, glm::vec<3, float, (glm::qualifier)0> const&)::{lambda(ChunkRenderer&)#1}&, ChunkRenderer&>(WorldRenderer::renderChunks(ShaderProgram&, Camera::Frustum const&, glm::vec<3, float, (glm::qualifier)0> const&)::{lambda(ChunkRenderer&)#1}&, ChunkRenderer&) (invoke.h:113)
               n1: 178257920 0x462A7C: std::_Function_handler<void (ChunkRenderer&), WorldRenderer::renderChunks(ShaderProgram&, Camera::Frustum const&, glm::vec<3, float, (glm::qualifier)0> const&)::{lambda(ChunkRenderer&)#1}>::_M_invoke(std::_Any_data const&, ChunkRenderer&) (std_function.h:295)
                n1: 178257920 0x466E80: std::function<void (ChunkRenderer&)>::operator()(ChunkRenderer&) const (std_function.h:581)
                 n1: 178257920 0x4652BB: ContiguousStorage<ChunkRenderer, 784ul, glm::vec<3, int, (glm::qualifier)0>, MathHelpers::glmVecLexicoGraphic<int, 3ul> >::forEach(std::function<void (ChunkRenderer&)>) (Helpers.hpp:383)
                  n1: 178257920 0x461A9A: WorldRenderer::renderChunks(ShaderProgram&, Camera::Frustum const&, glm::vec<3, float, (glm::qualifier)0> const&) (WorldRenderer.cpp:59)
                   n0: 178257920 0x40317E: main (main.cpp:422)
           n0: 34603008 in 2 places, all below massif's threshold (1.00%)
         n0: 16912384 in 1 place, below massif's threshold (1.00%)
       n0: 7340032 in 1 place, below massif's threshold (1.00%)
      n0: 46678016 in 1 place, below massif's threshold (1.00%)
   n1: 75534336 0xC5C8410: allocate_thread_stack (allocatestack.c:169)
    n1: 75534336 0xC5C8410: allocate_stack (allocatestack.c:508)
     n1: 75534336 0xC5C8410: pthread_create@@GLIBC_2.34 (pthread_create.c:680)
      n1: 75534336 0xC1AF488: __gthread_create (gthr-default.h:709)
       n1: 75534336 0xC1AF488: std::thread::_M_start_thread(std::unique_ptr<std::thread::_State, std::default_delete<std::thread::_State> >, void (*)()) (thread.cc:173)
        n0: 75534336 in 3 places, all below massif's threshold (1.00%)
   n0: 42770432 in 7 places, all below massif's threshold (1.00%)
 n1: 254623744 0xB34F85C: __mmap64 (mmap64.c:58)
  n3: 254623744 0xB34F85C: mmap (mmap64.c:46)
   n1: 152305664 0xB332822: _dl_map_segment (dl-map-segments.h:30)
    n1: 152305664 0xB332822: _dl_map_segments (dl-map-segments.h:102)
     n1: 152305664 0xB332822: _dl_map_object_from_fd (dl-load.c:1259)
      n2: 152305664 0xB334008: _dl_map_new_object (dl-load.c:2187)
       n1: 149884928 0xB32DABC: openaux (dl-deps.c:64)
        n1: 149884928 0xB32C728: _dl_catch_exception (dl-catch.c:241)
         n2: 149884928 0xB32DEEE: _dl_map_object_deps (dl-deps.c:232)
          n1: 136835072 0xB337FCF: dl_open_worker_begin (dl-open.c:609)
           n1: 136835072 0xB32C728: _dl_catch_exception (dl-catch.c:241)
            n1: 136835072 0xB337542: dl_open_worker (dl-open.c:762)
             n1: 136835072 0xB32C728: _dl_catch_exception (dl-catch.c:241)
              n1: 136835072 0xB337AA9: _dl_open (dl-open.c:900)
               n1: 136835072 0xC5C3C03: dlopen_doit (dlopen.c:56)
                n1: 136835072 0xB32C728: _dl_catch_exception (dl-catch.c:241)
                 n1: 136835072 0xB32C878: _dl_catch_error (dl-catch.c:260)
                  n1: 136835072 0xC5C36F2: _dlerror_run (dlerror.c:138)
                   n1: 136835072 0xC5C3CBA: dlopen_implementation (dlopen.c:71)
                    n2: 136835072 0xC5C3CBA: dlopen@@GLIBC_2.34 (dlopen.c:81)
                     n1: 135471104 0xBEF6F63: __glXLookupVendorByName.part.0 (libglxmapping.c:428)
                      n1: 135471104 0xBEF7D19: __glXLookupVendorByName (libglxmapping.c:391)
                       n1: 135471104 0xBEF7D19: __glXLookupVendorByScreen.part.0 (libglxmapping.c:572)
                        n1: 135471104 0xBEF8CB1: __glXLookupVendorByScreen (libglxmapping.c:524)
                         n1: 135471104 0xBEF8CB1: __glXGetDynDispatch (libglxmapping.c:610)
                          n1: 135471104 0xBEF8CB1: glXQueryExtensionsString (libglx.c:1473)
                           n1: 135471104 0xC0EB7AC: extensionSupportedGLX (in /home/leo/Cours/S8/HAI819I_moteur_jeux/build/external/glfw/src/libglfw.so.3.4)
                            n1: 135471104 0xC0EBEEA: _glfwInitGLX (in /home/leo/Cours/S8/HAI819I_moteur_jeux/build/external/glfw/src/libglfw.so.3.4)
                             n1: 135471104 0xC0E79BE: _glfwCreateWindowX11 (in /home/leo/Cours/S8/HAI819I_moteur_jeux/build/external/glfw/src/libglfw.so.3.4)
                              n1: 135471104 0xC0D374D: glfwCreateWindow (in /home/leo/Cours/S8/HAI819I_moteur_jeux/build/external/glfw/src/libglfw.so.3.4)
                               n1: 135471104 0x40A1A7: Window::init() (Window.hpp:241)
                                n1: 135471104 0x4012FC: globalInit(Window&) (main.cpp:53)
                                 n0: 135471104 0x401CE1: main (main.cpp:166)
                     n0: 1363968 in 2 places, all below massif's threshold (1.00%)
          n0: 13049856 in 1 place, below massif's threshold (1.00%)
       n0: 2420736 in 2 places, all below massif's threshold (1.00%)
   n1: 100982784 0xB332974: _dl_map_segments (dl-map-segments.h:140)
    n1: 100982784 0xB332974: _dl_map_object_from_fd (dl-load.c:1259)
     n2: 100982784 0xB334008: _dl_map_new_object (dl-load.c:2187)
      n1: 99446784 0xB32DABC: openaux (dl-deps.c:64)
       n1: 99446784 0xB32C728: _dl_catch_exception (dl-catch.c:241)
        n2: 99446784 0xB32DEEE: _dl_map_object_deps (dl-deps.c:232)
         n1: 93831168 0xB337FCF: dl_open_worker_begin (dl-open.c:609)
          n1: 93831168 0xB32C728: _dl_catch_exception (dl-catch.c:241)
           n1: 93831168 0xB337542: dl_open_worker (dl-open.c:762)
            n1: 93831168 0xB32C728: _dl_catch_exception (dl-catch.c:241)
             n1: 93831168 0xB337AA9: _dl_open (dl-open.c:900)
              n1: 93831168 0xC5C3C03: dlopen_doit (dlopen.c:56)
               n1: 93831168 0xB32C728: _dl_catch_exception (dl-catch.c:241)
                n1: 93831168 0xB32C878: _dl_catch_error (dl-catch.c:260)
                 n1: 93831168 0xC5C36F2: _dlerror_run (dlerror.c:138)
                  n1: 93831168 0xC5C3CBA: dlopen_implementation (dlopen.c:71)
                   n2: 93831168 0xC5C3CBA: dlopen@@GLIBC_2.34 (dlopen.c:81)
                    n1: 93372416 0xBEF6F63: __glXLookupVendorByName.part.0 (libglxmapping.c:428)
                     n1: 93372416 0xBEF7D19: __glXLookupVendorByName (libglxmapping.c:391)
                      n1: 93372416 0xBEF7D19: __glXLookupVendorByScreen.part.0 (libglxmapping.c:572)
                       n1: 93372416 0xBEF8CB1: __glXLookupVendorByScreen (libglxmapping.c:524)
                        n1: 93372416 0xBEF8CB1: __glXGetDynDispatch (libglxmapping.c:610)
                         n1: 93372416 0xBEF8CB1: glXQueryExtensionsString (libglx.c:1473)
                          n1: 93372416 0xC0EB7AC: extensionSupportedGLX (in /home/leo/Cours/S8/HAI819I_moteur_jeux/build/external/glfw/src/libglfw.so.3.4)
                           n1: 93372416 0xC0EBEEA: _glfwInitGLX (in /home/leo/Cours/S8/HAI819I_moteur_jeux/build/external/glfw/src/libglfw.so.3.4)
                            n1: 93372416 0xC0E79BE: _glfwCreateWindowX11 (in /home/leo/Cours/S8/HAI819I_moteur_jeux/build/external/glfw/src/libglfw.so.3.4)
                             n1: 93372416 0xC0D374D: glfwCreateWindow (in /home/leo/Cours/S8/HAI819I_moteur_jeux/build/external/glfw/src/libglfw.so.3.4)
                              n1: 93372416 0x40A1A7: Window::init() (Window.hpp:241)
                               n1: 93372416 0x4012FC: globalInit(Window&) (main.cpp:53)
                                n0: 93372416 0x401CE1: main (main.cpp:166)
                    n0: 458752 in 2 places, all below massif's threshold (1.00%)
         n0: 5615616 in 1 place, below massif's threshold (1.00%)
      n0: 1536000 in 2 places, all below massif's threshold (1.00%)
   n0: 1335296 in 3 places, all below massif's threshold (1.00%)
 n0: 183943168 0x0: ???
 n0: 8376320 in 3 places, all below massif's threshold (1.00%)
#-----------
snapshot=61
#-----------
time=206204263989
mem_heap_B=5479550976
mem_heap_extra_B=0
mem_stacks_B=0
heap_tree=empty
#-----------
snapshot=62
#-----------
time=206204264011
mem_heap_B=5479550976
mem_heap_extra_B=0
mem_stacks_B=0
heap_tree=detailed
n4: 5479550976 (page allocation syscalls) mmap/mremap/brk, --alloc-fns, etc.
 n1: 5032607744 0xC647B7C: __mmap64 (mmap64.c:58)
  n5: 5032607744 0xC647B7C: mmap (mmap64.c:46)
   n2: 2617245696 0xC5D45C6: alloc_new_heap (arena.c:405)
    n1: 2348810240 0xC5D58FB: sysmalloc (malloc.c:2395)
     n1: 2348810240 0xC5D6C17: _int_malloc (malloc.c:4334)
      n1: 2348810240 0xC5D6EED: __libc_malloc2 (malloc.c:3261)
       n1: 2348810240 0xC17E2FB: operator new(unsigned long) (new_op.cc:50)
        n1: 2348810240 0x46F3E0: std::__detail::_MakeUniq<std::array<Chunk, 7ul> >::__single_object std::make_unique<std::array<Chunk, 7ul>>() (unique_ptr.h:1105)
         n1: 2348810240 0x46E643: Chunk& ContiguousStorage<Chunk, 16777216ul, glm::vec<3, int, (glm::qualifier)0>, MathHelpers::glmVecLexicoGraphic<int, 3ul> >::emplace<World*, glm::vec<3, int, (glm::qualifier)0> const&, GenType&>(glm::vec<3, int, (glm::qualifier)0>, World*&&, glm::vec<3, int, (glm::qualifier)0> const&, GenType&) (Helpers.hpp:320)
          n1: 2348810240 0x46D041: World::addChunk(glm::vec<3, int, (glm::qualifier)0> const&) (World.cpp:27)
           n1: 2348810240 0x46DA55: World::generate(std::vector<glm::vec<3, float, (glm::qualifier)0>, std::allocator<glm::vec<3, float, (glm::qualifier)0> > > const&) (World.cpp:132)
            n1: 2348810240 0x46DB3A: World::selfUpdate(std::vector<glm::vec<3, float, (glm::qualifier)0>, std::allocator<glm::vec<3, float, (glm::qualifier)0> > > const&) (World.cpp:141)
             n1: 2348810240 0x401559: worldThread() (main.cpp:137)
              n1: 2348810240 0x460E7D: void std::__invoke_impl<void, void (*)()>(std::__invoke_other, void (*&&)()) (invoke.h:63)
               n1: 2348810240 0x460DC9: std::__invoke_result<void (*)()>::type std::__invoke<void (*)()>(void (*&&)()) (invoke.h:98)
                n1: 2348810240 0x460C81: void std::thread::_Invoker<std::tuple<void (*)()> >::_M_invoke<0ul>(std::_Index_tuple<0ul>) (std_thread.h:303)
                 n1: 2348810240 0x460BBB: std::thread::_Invoker<std::tuple<void (*)()> >::operator()() (std_thread.h:310)
                  n1: 2348810240 0x460B17: std::thread::_State_impl<std::thread::_Invoker<std::tuple<void (*)()> > >::_M_run() (std_thread.h:255)
                   n1: 2348810240 0xC1AF3B5: execute_native_thread_routine (thread.cc:105)
                    n1: 2348810240 0xC5C7758: start_thread (pthread_create.c:454)
                     n0: 2348810240 0xC64B733: clone (clone.S:100)
    n1: 268435456 0xC5D4A89: _int_new_arena (arena.c:637)
     n1: 268435456 0xC5D4A89: arena_get2 (arena.c:856)
      n1: 268435456 0xC5D4A89: arena_get2 (arena.c:817)
       n1: 268435456 0xC5D6F36: __libc_malloc2 (malloc.c:3259)
        n2: 268435456 0xC17E2FB: operator new(unsigned long) (new_op.cc:50)
         n1: 201326592 0x436996: std::__new_allocator<char>::allocate(unsigned long, void const*) (new_allocator.h:162)
          n1: 201326592 0x43E5F2: allocate (allocator.h:206)
           n1: 201326592 0x43E5F2: allocate (alloc_traits.h:638)
            n1: 201326592 0x43E5F2: std::_Vector_base<char, std::allocator<char> >::_M_allocate(unsigned long) (stl_vector.h:389)
             n1: 201326592 0x43B88C: std::_Vector_base<char, std::allocator<char> >::_M_create_storage(unsigned long) (stl_vector.h:407)
              n1: 201326592 0x437F12: std::_Vector_base<char, std::allocator<char> >::_Vector_base(unsigned long, std::allocator<char> const&) (stl_vector.h:341)
               n1: 201326592 0x4340BE: std::vector<char, std::allocator<char> >::vector(unsigned long, std::allocator<char> const&) (stl_vector.h:577)
                n1: 201326592 0x42FBF6: filewatch::FileWatch<std::__cxx11::basic_string<char, std::char_traits<char>, std::allocator<char> > >::monitor_directory() (FileWatch.hpp:617)
                 n1: 201326592 0x42A351: filewatch::FileWatch<std::__cxx11::basic_string<char, std::char_traits<char>, std::allocator<char> > >::init()::{lambda()#2}::operator()() const (FileWatch.hpp:349)
                  n1: 201326592 0x460E06: void std::__invoke_impl<void, filewatch::FileWatch<std::__cxx11::basic_string<char, std::char_traits<char>, std::allocator<char> > >::init()::{lambda()#2}>(std::__invoke_other, filewatch::FileWatch<std::__cxx11::basic_string<char, std::char_traits<char>, std::allocator<char> > >::init()::{lambda()#2}&&) (invoke.h:63)
                   n1: 201326592 0x460D1D: std::__invoke_result<filewatch::FileWatch<std::__cxx11::basic_string<char, std::char_traits<char>, std::allocator<char> > >::init()::{lambda()#2}>::type std::__invoke<filewatch::FileWatch<std::__cxx11::basic_string<char, std::char_traits<char>, std::allocator<char> > >::init()::{lambda()#2}>(filewatch::FileWatch<std::__cxx11::basic_string<char, std::char_traits<char>, std::allocator<char> > >::init()::{lambda()#2}&&) (invoke.h:98)
                    n1: 201326592 0x460C0F: void std::thread::_Invoker<std::tuple<filewatch::FileWatch<std::__cxx11::basic_string<char, std::char_traits<char>, std::allocator<char> > >::init()::{lambda()#2}> >::_M_invoke<0ul>(std::_Index_tuple<0ul>) (std_thread.h:303)
                     n1: 201326592 0x460B69: std::thread::_Invoker<std::tuple<filewatch::FileWatch<std::__cxx11::basic_string<char, std::char_traits<char>, std::allocator<char> > >::init()::{lambda()#2}> >::operator()() (std_thread.h:310)
                      n1: 201326592 0x460987: std::thread::_State_impl<std::thread::_Invoker<std::tuple<filewatch::FileWatch<std::__cxx11::basic_string<char, std::char_traits<char>, std::allocator<char> > >::init()::{lambda()#2}> > >::_M_run() (std_thread.h:255)
                       n1: 201326592 0xC1AF3B5: execute_native_thread_routine (thread.cc:105)
                        n1: 201326592 0xC5C7758: start_thread (pthread_create.c:454)
                         n0: 201326592 0xC64B733: clone (clone.S:100)
         n1: 67108864 0x43188E: std::__new_allocator<glm::vec<3, float, (glm::qualifier)0> >::allocate(unsigned long, void const*) (new_allocator.h:162)
          n1: 67108864 0x41EE5A: allocate (allocator.h:206)
           n1: 67108864 0x41EE5A: allocate (alloc_traits.h:638)
            n1: 67108864 0x41EE5A: std::_Vector_base<glm::vec<3, float, (glm::qualifier)0>, std::allocator<glm::vec<3, float, (glm::qualifier)0> > >::_M_allocate(unsigned long) (stl_vector.h:389)
             n1: 67108864 0x421E4D: glm::vec<3, float, (glm::qualifier)0>* std::vector<glm::vec<3, float, (glm::qualifier)0>, std::allocator<glm::vec<3, float, (glm::qualifier)0> > >::_M_allocate_and_copy<__gnu_cxx::__normal_iterator<glm::vec<3, float, (glm::qualifier)0> const*, std::vector<glm::vec<3, float, (glm::qualifier)0>, std::allocator<glm::vec<3, float, (glm::qualifier)0> > > > >(unsigned long, __gnu_cxx::__normal_iterator<glm::vec<3, float, (glm::qualifier)0> const*, std::vector<glm::vec<3, float, (glm::qualifier)0>, std::allocator<glm::vec<3, float, (glm::qualifier)0> > > >, __gnu_cxx::__normal_iterator<glm::vec<3, float, (glm::qualifier)0> const*, std::vector<glm::vec<3, float, (glm::qualifier)0>, std::allocator<glm::vec<3, float, (glm::qualifier)0> > > >) (stl_vector.h:1900)
              n1: 67108864 0x418DC7: std::vector<glm::vec<3, float, (glm::qualifier)0>, std::allocator<glm::vec<3, float, (glm::qualifier)0> > >::operator=(std::vector<glm::vec<3, float, (glm::qualifier)0>, std::allocator<glm::vec<3, float, (glm::qualifier)0> > > const&) (vector.tcc:242)
               n1: 67108864 0x401482: worldThread() (main.cpp:123)
                n1: 67108864 0x460E7D: void std::__invoke_impl<void, void (*)()>(std::__invoke_other, void (*&&)()) (invoke.h:63)
                 n1: 67108864 0x460DC9: std::__invoke_result<void (*)()>::type std::__invoke<void (*)()>(void (*&&)()) (invoke.h:98)
                  n1: 67108864 0x460C81: void std::thread::_Invoker<std::tuple<void (*)()> >::_M_invoke<0ul>(std::_Index_tuple<0ul>) (std_thread.h:303)
                   n1: 67108864 0x460BBB: std::thread::_Invoker<std::tuple<void (*)()> >::operator()() (std_thread.h:310)
                    n1: 67108864 0x460B17: std::thread::_State_impl<std::thread::_Invoker<std::tuple<void (*)()> > >::_M_run() (std_thread.h:255)
                     n1: 67108864 0xC1AF3B5: execute_native_thread_routine (thread.cc:105)
                      n1: 67108864 0xC5C7758: start_thread (pthread_create.c:454)
                       n0: 67108864 0xC64B733: clone (clone.S:100)
   n2: 2013265920 0xC5D44D5: alloc_new_heap (arena.c:395)
    n1: 1946157056 0xC5D58FB: sysmalloc (malloc.c:2395)
     n1: 1946157056 0xC5D6C17: _int_malloc (malloc.c:4334)
      n1: 1946157056 0xC5D6EED: __libc_malloc2 (malloc.c:3261)
       n1: 1946157056 0xC17E2FB: operator new(unsigned long) (new_op.cc:50)
        n1: 1946157056 0x46F3E0: std::__detail::_MakeUniq<std::array<Chunk, 7ul> >::__single_object std::make_unique<std::array<Chunk, 7ul>>() (unique_ptr.h:1105)
         n1: 1946157056 0x46E643: Chunk& ContiguousStorage<Chunk, 16777216ul, glm::vec<3, int, (glm::qualifier)0>, MathHelpers::glmVecLexicoGraphic<int, 3ul> >::emplace<World*, glm::vec<3, int, (glm::qualifier)0> const&, GenType&>(glm::vec<3, int, (glm::qualifier)0>, World*&&, glm::vec<3, int, (glm::qualifier)0> const&, GenType&) (Helpers.hpp:320)
          n1: 1946157056 0x46D041: World::addChunk(glm::vec<3, int, (glm::qualifier)0> const&) (World.cpp:27)
           n1: 1946157056 0x46DA55: World::generate(std::vector<glm::vec<3, float, (glm::qualifier)0>, std::allocator<glm::vec<3, float, (glm::qualifier)0> > > const&) (World.cpp:132)
            n1: 1946157056 0x46DB3A: World::selfUpdate(std::vector<glm::vec<3, float, (glm::qualifier)0>, std::allocator<glm::vec<3, float, (glm::qualifier)0> > > const&) (World.cpp:141)
             n1: 1946157056 0x401559: worldThread() (main.cpp:137)
              n1: 1946157056 0x460E7D: void std::__invoke_impl<void, void (*)()>(std::__invoke_other, void (*&&)()) (invoke.h:63)
               n1: 1946157056 0x460DC9: std::__invoke_result<void (*)()>::type std::__invoke<void (*)()>(void (*&&)()) (invoke.h:98)
                n1: 1946157056 0x460C81: void std::thread::_Invoker<std::tuple<void (*)()> >::_M_invoke<0ul>(std::_Index_tuple<0ul>) (std_thread.h:303)
                 n1: 1946157056 0x460BBB: std::thread::_Invoker<std::tuple<void (*)()> >::operator()() (std_thread.h:310)
                  n1: 1946157056 0x460B17: std::thread::_State_impl<std::thread::_Invoker<std::tuple<void (*)()> > >::_M_run() (std_thread.h:255)
                   n1: 1946157056 0xC1AF3B5: execute_native_thread_routine (thread.cc:105)
                    n1: 1946157056 0xC5C7758: start_thread (pthread_create.c:454)
                     n0: 1946157056 0xC64B733: clone (clone.S:100)
    n1: 67108864 0xC5D4A89: _int_new_arena (arena.c:637)
     n1: 67108864 0xC5D4A89: arena_get2 (arena.c:856)
      n1: 67108864 0xC5D4A89: arena_get2 (arena.c:817)
       n1: 67108864 0xC5D6F36: __libc_malloc2 (malloc.c:3259)
        n1: 67108864 0xC17E2FB: operator new(unsigned long) (new_op.cc:50)
         n1: 67108864 0x436996: std::__new_allocator<char>::allocate(unsigned long, void const*) (new_allocator.h:162)
          n1: 67108864 0x43E5F2: allocate (allocator.h:206)
           n1: 67108864 0x43E5F2: allocate (alloc_traits.h:638)
            n1: 67108864 0x43E5F2: std::_Vector_base<char, std::allocator<char> >::_M_allocate(unsigned long) (stl_vector.h:389)
             n1: 67108864 0x43B88C: std::_Vector_base<char, std::allocator<char> >::_M_create_storage(unsigned long) (stl_vector.h:407)
              n1: 67108864 0x437F12: std::_Vector_base<char, std::allocator<char> >::_Vector_base(unsigned long, std::allocator<char> const&) (stl_vector.h:341)
               n1: 67108864 0x4340BE: std::vector<char, std::allocator<char> >::vector(unsigned long, std::allocator<char> const&) (stl_vector.h:577)
                n1: 67108864 0x42FBF6: filewatch::FileWatch<std::__cxx11::basic_string<char, std::char_traits<char>, std::allocator<char> > >::monitor_directory() (FileWatch.hpp:617)
                 n1: 67108864 0x42A351: filewatch::FileWatch<std::__cxx11::basic_string<char, std::char_traits<char>, std::allocator<char> > >::init()::{lambda()#2}::operator()() const (FileWatch.hpp:349)
                  n1: 67108864 0x460E06: void std::__invoke_impl<void, filewatch::FileWatch<std::__cxx11::basic_string<char, std::char_traits<char>, std::allocator<char> > >::init()::{lambda()#2}>(std::__invoke_other, filewatch::FileWatch<std::__cxx11::basic_string<char, std::char_traits<char>, std::allocator<char> > >::init()::{lambda()#2}&&) (invoke.h:63)
                   n1: 67108864 0x460D1D: std::__invoke_result<filewatch::FileWatch<std::__cxx11::basic_string<char, std::char_traits<char>, std::allocator<char> > >::init()::{lambda()#2}>::type std::__invoke<filewatch::FileWatch<std::__cxx11::basic_string<char, std::char_traits<char>, std::allocator<char> > >::init()::{lambda()#2}>(filewatch::FileWatch<std::__cxx11::basic_string<char, std::char_traits<char>, std::allocator<char> > >::init()::{lambda()#2}&&) (invoke.h:98)
                    n1: 67108864 0x460C0F: void std::thread::_Invoker<std::tuple<filewatch::FileWatch<std::__cxx11::basic_string<char, std::char_traits<char>, std::allocator<char> > >::init()::{lambda()#2}> >::_M_invoke<0ul>(std::_Index_tuple<0ul>) (std_thread.h:303)
                     n1: 67108864 0x460B69: std::thread::_Invoker<std::tuple<filewatch::FileWatch<std::__cxx11::basic_string<char, std::char_traits<char>, std::allocator<char> > >::init()::{lambda()#2}> >::operator()() (std_thread.h:310)
                      n1: 67108864 0x460987: std::thread::_State_impl<std::thread::_Invoker<std::tuple<filewatch::FileWatch<std::__cxx11::basic_string<char, std::char_traits<char>, std::allocator<char> > >::init()::{lambda()#2}> > >::_M_run() (std_thread.h:255)
                       n1: 67108864 0xC1AF3B5: execute_native_thread_routine (thread.cc:105)
                        n1: 67108864 0xC5C7758: start_thread (pthread_create.c:454)
                         n0: 67108864 0xC64B733: clone (clone.S:100)
   n1: 283791360 0xC5D5CBD: sysmalloc_mmap_fallback (malloc.c:2289)
    n1: 283791360 0xC5D5CBD: sysmalloc (malloc.c:2501)
     n2: 283791360 0xC5D6C17: _int_malloc (malloc.c:4334)
      n2: 237113344 0xC5D6EED: __libc_malloc2 (malloc.c:3261)
       n1: 229773312 0xD46AD81: ??? (in /usr/lib64/libnvidia-glcore.so.595.71.05)
        n2: 229773312 0xD1D01EA: ??? (in /usr/lib64/libnvidia-glcore.so.595.71.05)
         n1: 212860928 0xD1B3595: ??? (in /usr/lib64/libnvidia-glcore.so.595.71.05)
          n2: 212860928 0xD1B3AC1: ??? (in /usr/lib64/libnvidia-glcore.so.595.71.05)
           n1: 178257920 0x473BE0: ChunkRenderer::updateShaderData(glm::vec<3, float, (glm::qualifier)0> const&) (Chunk.cpp:360)
            n1: 178257920 0x4615E9: WorldRenderer::renderChunks(ShaderProgram&, Camera::Frustum const&, glm::vec<3, float, (glm::qualifier)0> const&)::{lambda(ChunkRenderer&)#1}::operator()(ChunkRenderer&) const (WorldRenderer.cpp:64)
             n1: 178257920 0x463438: void std::__invoke_impl<void, WorldRenderer::renderChunks(ShaderProgram&, Camera::Frustum const&, glm::vec<3, float, (glm::qualifier)0> const&)::{lambda(ChunkRenderer&)#1}&, ChunkRenderer&>(std::__invoke_other, WorldRenderer::renderChunks(ShaderProgram&, Camera::Frustum const&, glm::vec<3, float, (glm::qualifier)0> const&)::{lambda(ChunkRenderer&)#1}&, ChunkRenderer&) (invoke.h:63)
              n1: 178257920 0x462F22: std::enable_if<is_invocable_r_v<void, WorldRenderer::renderChunks(ShaderProgram&, Camera::Frustum const&, glm::vec<3, float, (glm::qualifier)0> const&)::{lambda(ChunkRenderer&)#1}&, ChunkRenderer&>, void>::type std::__invoke_r<void, WorldRenderer::renderChunks(ShaderProgram&, Camera::Frustum const&, glm::vec<3, float, (glm::qualifier)0> const&)::{lambda(ChunkRenderer&)#1}&, ChunkRenderer&>(WorldRenderer::renderChunks(ShaderProgram&, Camera::Frustum const&, glm::vec<3, float, (glm::qualifier)0> const&)::{lambda(ChunkRenderer&)#1}&, ChunkRenderer&) (invoke.h:113)
               n1: 178257920 0x462A7C: std::_Function_handler<void (ChunkRenderer&), WorldRenderer::renderChunks(ShaderProgram&, Camera::Frustum const&, glm::vec<3, float, (glm::qualifier)0> const&)::{lambda(ChunkRenderer&)#1}>::_M_invoke(std::_Any_data const&, ChunkRenderer&) (std_function.h:295)
                n1: 178257920 0x466E80: std::function<void (ChunkRenderer&)>::operator()(ChunkRenderer&) const (std_function.h:581)
                 n1: 178257920 0x4652BB: ContiguousStorage<ChunkRenderer, 784ul, glm::vec<3, int, (glm::qualifier)0>, MathHelpers::glmVecLexicoGraphic<int, 3ul> >::forEach(std::function<void (ChunkRenderer&)>) (Helpers.hpp:383)
                  n1: 178257920 0x461A9A: WorldRenderer::renderChunks(ShaderProgram&, Camera::Frustum const&, glm::vec<3, float, (glm::qualifier)0> const&) (WorldRenderer.cpp:59)
                   n0: 178257920 0x40317E: main (main.cpp:422)
           n0: 34603008 in 2 places, all below massif's threshold (1.00%)
         n0: 16912384 in 1 place, below massif's threshold (1.00%)
       n0: 7340032 in 1 place, below massif's threshold (1.00%)
      n0: 46678016 in 1 place, below massif's threshold (1.00%)
   n1: 75534336 0xC5C8410: allocate_thread_stack (allocatestack.c:169)
    n1: 75534336 0xC5C8410: allocate_stack (allocatestack.c:508)
     n1: 75534336 0xC5C8410: pthread_create@@GLIBC_2.34 (pthread_create.c:680)
      n1: 75534336 0xC1AF488: __gthread_create (gthr-default.h:709)
       n1: 75534336 0xC1AF488: std::thread::_M_start_thread(std::unique_ptr<std::thread::_State, std::default_delete<std::thread::_State> >, void (*)()) (thread.cc:173)
        n0: 75534336 in 3 places, all below massif's threshold (1.00%)
   n0: 42770432 in 7 places, all below massif's threshold (1.00%)
 n1: 254623744 0xB34F85C: __mmap64 (mmap64.c:58)
  n3: 254623744 0xB34F85C: mmap (mmap64.c:46)
   n1: 152305664 0xB332822: _dl_map_segment (dl-map-segments.h:30)
    n1: 152305664 0xB332822: _dl_map_segments (dl-map-segments.h:102)
     n1: 152305664 0xB332822: _dl_map_object_from_fd (dl-load.c:1259)
      n2: 152305664 0xB334008: _dl_map_new_object (dl-load.c:2187)
       n1: 149884928 0xB32DABC: openaux (dl-deps.c:64)
        n1: 149884928 0xB32C728: _dl_catch_exception (dl-catch.c:241)
         n2: 149884928 0xB32DEEE: _dl_map_object_deps (dl-deps.c:232)
          n1: 136835072 0xB337FCF: dl_open_worker_begin (dl-open.c:609)
           n1: 136835072 0xB32C728: _dl_catch_exception (dl-catch.c:241)
            n1: 136835072 0xB337542: dl_open_worker (dl-open.c:762)
             n1: 136835072 0xB32C728: _dl_catch_exception (dl-catch.c:241)
              n1: 136835072 0xB337AA9: _dl_open (dl-open.c:900)
               n1: 136835072 0xC5C3C03: dlopen_doit (dlopen.c:56)
                n1: 136835072 0xB32C728: _dl_catch_exception (dl-catch.c:241)
                 n1: 136835072 0xB32C878: _dl_catch_error (dl-catch.c:260)
                  n1: 136835072 0xC5C36F2: _dlerror_run (dlerror.c:138)
                   n1: 136835072 0xC5C3CBA: dlopen_implementation (dlopen.c:71)
                    n2: 136835072 0xC5C3CBA: dlopen@@GLIBC_2.34 (dlopen.c:81)
                     n1: 135471104 0xBEF6F63: __glXLookupVendorByName.part.0 (libglxmapping.c:428)
                      n1: 135471104 0xBEF7D19: __glXLookupVendorByName (libglxmapping.c:391)
                       n1: 135471104 0xBEF7D19: __glXLookupVendorByScreen.part.0 (libglxmapping.c:572)
                        n1: 135471104 0xBEF8CB1: __glXLookupVendorByScreen (libglxmapping.c:524)
                         n1: 135471104 0xBEF8CB1: __glXGetDynDispatch (libglxmapping.c:610)
                          n1: 135471104 0xBEF8CB1: glXQueryExtensionsString (libglx.c:1473)
                           n1: 135471104 0xC0EB7AC: extensionSupportedGLX (in /home/leo/Cours/S8/HAI819I_moteur_jeux/build/external/glfw/src/libglfw.so.3.4)
                            n1: 135471104 0xC0EBEEA: _glfwInitGLX (in /home/leo/Cours/S8/HAI819I_moteur_jeux/build/external/glfw/src/libglfw.so.3.4)
                             n1: 135471104 0xC0E79BE: _glfwCreateWindowX11 (in /home/leo/Cours/S8/HAI819I_moteur_jeux/build/external/glfw/src/libglfw.so.3.4)
                              n1: 135471104 0xC0D374D: glfwCreateWindow (in /home/leo/Cours/S8/HAI819I_moteur_jeux/build/external/glfw/src/libglfw.so.3.4)
                               n1: 135471104 0x40A1A7: Window::init() (Window.hpp:241)
                                n1: 135471104 0x4012FC: globalInit(Window&) (main.cpp:53)
                                 n0: 135471104 0x401CE1: main (main.cpp:166)
                     n0: 1363968 in 2 places, all below massif's threshold (1.00%)
          n0: 13049856 in 1 place, below massif's threshold (1.00%)
       n0: 2420736 in 2 places, all below massif's threshold (1.00%)
   n1: 100982784 0xB332974: _dl_map_segments (dl-map-segments.h:140)
    n1: 100982784 0xB332974: _dl_map_object_from_fd (dl-load.c:1259)
     n2: 100982784 0xB334008: _dl_map_new_object (dl-load.c:2187)
      n1: 99446784 0xB32DABC: openaux (dl-deps.c:64)
       n1: 99446784 0xB32C728: _dl_catch_exception (dl-catch.c:241)
        n2: 99446784 0xB32DEEE: _dl_map_object_deps (dl-deps.c:232)
         n1: 93831168 0xB337FCF: dl_open_worker_begin (dl-open.c:609)
          n1: 93831168 0xB32C728: _dl_catch_exception (dl-catch.c:241)
           n1: 93831168 0xB337542: dl_open_worker (dl-open.c:762)
            n1: 93831168 0xB32C728: _dl_catch_exception (dl-catch.c:241)
             n1: 93831168 0xB337AA9: _dl_open (dl-open.c:900)
              n1: 93831168 0xC5C3C03: dlopen_doit (dlopen.c:56)
               n1: 93831168 0xB32C728: _dl_catch_exception (dl-catch.c:241)
                n1: 93831168 0xB32C878: _dl_catch_error (dl-catch.c:260)
                 n1: 93831168 0xC5C36F2: _dlerror_run (dlerror.c:138)
                  n1: 93831168 0xC5C3CBA: dlopen_implementation (dlopen.c:71)
                   n2: 93831168 0xC5C3CBA: dlopen@@GLIBC_2.34 (dlopen.c:81)
                    n1: 93372416 0xBEF6F63: __glXLookupVendorByName.part.0 (libglxmapping.c:428)
                     n1: 93372416 0xBEF7D19: __glXLookupVendorByName (libglxmapping.c:391)
                      n1: 93372416 0xBEF7D19: __glXLookupVendorByScreen.part.0 (libglxmapping.c:572)
                       n1: 93372416 0xBEF8CB1: __glXLookupVendorByScreen (libglxmapping.c:524)
                        n1: 93372416 0xBEF8CB1: __glXGetDynDispatch (libglxmapping.c:610)
                         n1: 93372416 0xBEF8CB1: glXQueryExtensionsString (libglx.c:1473)
                          n1: 93372416 0xC0EB7AC: extensionSupportedGLX (in /home/leo/Cours/S8/HAI819I_moteur_jeux/build/external/glfw/src/libglfw.so.3.4)
                           n1: 93372416 0xC0EBEEA: _glfwInitGLX (in /home/leo/Cours/S8/HAI819I_moteur_jeux/build/external/glfw/src/libglfw.so.3.4)
                            n1: 93372416 0xC0E79BE: _glfwCreateWindowX11 (in /home/leo/Cours/S8/HAI819I_moteur_jeux/build/external/glfw/src/libglfw.so.3.4)
                             n1: 93372416 0xC0D374D: glfwCreateWindow (in /home/leo/Cours/S8/HAI819I_moteur_jeux/build/external/glfw/src/libglfw.so.3.4)
                              n1: 93372416 0x40A1A7: Window::init() (Window.hpp:241)
                               n1: 93372416 0x4012FC: globalInit(Window&) (main.cpp:53)
                                n0: 93372416 0x401CE1: main (main.cpp:166)
                    n0: 458752 in 2 places, all below massif's threshold (1.00%)
         n0: 5615616 in 1 place, below massif's threshold (1.00%)
      n0: 1536000 in 2 places, all below massif's threshold (1.00%)
   n0: 1335296 in 3 places, all below massif's threshold (1.00%)
 n0: 183943168 0x0: ???
 n0: 8376320 in 3 places, all below massif's threshold (1.00%)
#-----------
snapshot=63
#-----------
time=209306795180
mem_heap_B=5613768704
mem_heap_extra_B=0
mem_stacks_B=0
heap_tree=empty
#-----------
snapshot=64
#-----------
time=209306795202
mem_heap_B=5613768704
mem_heap_extra_B=0
mem_stacks_B=0
heap_tree=detailed
n4: 5613768704 (page allocation syscalls) mmap/mremap/brk, --alloc-fns, etc.
 n1: 5166825472 0xC647B7C: __mmap64 (mmap64.c:58)
  n5: 5166825472 0xC647B7C: mmap (mmap64.c:46)
   n2: 2684354560 0xC5D45C6: alloc_new_heap (arena.c:405)
    n1: 2415919104 0xC5D58FB: sysmalloc (malloc.c:2395)
     n1: 2415919104 0xC5D6C17: _int_malloc (malloc.c:4334)
      n1: 2415919104 0xC5D6EED: __libc_malloc2 (malloc.c:3261)
       n1: 2415919104 0xC17E2FB: operator new(unsigned long) (new_op.cc:50)
        n1: 2415919104 0x46F3E0: std::__detail::_MakeUniq<std::array<Chunk, 7ul> >::__single_object std::make_unique<std::array<Chunk, 7ul>>() (unique_ptr.h:1105)
         n1: 2415919104 0x46E643: Chunk& ContiguousStorage<Chunk, 16777216ul, glm::vec<3, int, (glm::qualifier)0>, MathHelpers::glmVecLexicoGraphic<int, 3ul> >::emplace<World*, glm::vec<3, int, (glm::qualifier)0> const&, GenType&>(glm::vec<3, int, (glm::qualifier)0>, World*&&, glm::vec<3, int, (glm::qualifier)0> const&, GenType&) (Helpers.hpp:320)
          n1: 2415919104 0x46D041: World::addChunk(glm::vec<3, int, (glm::qualifier)0> const&) (World.cpp:27)
           n1: 2415919104 0x46DA55: World::generate(std::vector<glm::vec<3, float, (glm::qualifier)0>, std::allocator<glm::vec<3, float, (glm::qualifier)0> > > const&) (World.cpp:132)
            n1: 2415919104 0x46DB3A: World::selfUpdate(std::vector<glm::vec<3, float, (glm::qualifier)0>, std::allocator<glm::vec<3, float, (glm::qualifier)0> > > const&) (World.cpp:141)
             n1: 2415919104 0x401559: worldThread() (main.cpp:137)
              n1: 2415919104 0x460E7D: void std::__invoke_impl<void, void (*)()>(std::__invoke_other, void (*&&)()) (invoke.h:63)
               n1: 2415919104 0x460DC9: std::__invoke_result<void (*)()>::type std::__invoke<void (*)()>(void (*&&)()) (invoke.h:98)
                n1: 2415919104 0x460C81: void std::thread::_Invoker<std::tuple<void (*)()> >::_M_invoke<0ul>(std::_Index_tuple<0ul>) (std_thread.h:303)
                 n1: 2415919104 0x460BBB: std::thread::_Invoker<std::tuple<void (*)()> >::operator()() (std_thread.h:310)
                  n1: 2415919104 0x460B17: std::thread::_State_impl<std::thread::_Invoker<std::tuple<void (*)()> > >::_M_run() (std_thread.h:255)
                   n1: 2415919104 0xC1AF3B5: execute_native_thread_routine (thread.cc:105)
                    n1: 2415919104 0xC5C7758: start_thread (pthread_create.c:454)
                     n0: 2415919104 0xC64B733: clone (clone.S:100)
    n1: 268435456 0xC5D4A89: _int_new_arena (arena.c:637)
     n1: 268435456 0xC5D4A89: arena_get2 (arena.c:856)
      n1: 268435456 0xC5D4A89: arena_get2 (arena.c:817)
       n1: 268435456 0xC5D6F36: __libc_malloc2 (malloc.c:3259)
        n2: 268435456 0xC17E2FB: operator new(unsigned long) (new_op.cc:50)
         n1: 201326592 0x436996: std::__new_allocator<char>::allocate(unsigned long, void const*) (new_allocator.h:162)
          n1: 201326592 0x43E5F2: allocate (allocator.h:206)
           n1: 201326592 0x43E5F2: allocate (alloc_traits.h:638)
            n1: 201326592 0x43E5F2: std::_Vector_base<char, std::allocator<char> >::_M_allocate(unsigned long) (stl_vector.h:389)
             n1: 201326592 0x43B88C: std::_Vector_base<char, std::allocator<char> >::_M_create_storage(unsigned long) (stl_vector.h:407)
              n1: 201326592 0x437F12: std::_Vector_base<char, std::allocator<char> >::_Vector_base(unsigned long, std::allocator<char> const&) (stl_vector.h:341)
               n1: 201326592 0x4340BE: std::vector<char, std::allocator<char> >::vector(unsigned long, std::allocator<char> const&) (stl_vector.h:577)
                n1: 201326592 0x42FBF6: filewatch::FileWatch<std::__cxx11::basic_string<char, std::char_traits<char>, std::allocator<char> > >::monitor_directory() (FileWatch.hpp:617)
                 n1: 201326592 0x42A351: filewatch::FileWatch<std::__cxx11::basic_string<char, std::char_traits<char>, std::allocator<char> > >::init()::{lambda()#2}::operator()() const (FileWatch.hpp:349)
                  n1: 201326592 0x460E06: void std::__invoke_impl<void, filewatch::FileWatch<std::__cxx11::basic_string<char, std::char_traits<char>, std::allocator<char> > >::init()::{lambda()#2}>(std::__invoke_other, filewatch::FileWatch<std::__cxx11::basic_string<char, std::char_traits<char>, std::allocator<char> > >::init()::{lambda()#2}&&) (invoke.h:63)
                   n1: 201326592 0x460D1D: std::__invoke_result<filewatch::FileWatch<std::__cxx11::basic_string<char, std::char_traits<char>, std::allocator<char> > >::init()::{lambda()#2}>::type std::__invoke<filewatch::FileWatch<std::__cxx11::basic_string<char, std::char_traits<char>, std::allocator<char> > >::init()::{lambda()#2}>(filewatch::FileWatch<std::__cxx11::basic_string<char, std::char_traits<char>, std::allocator<char> > >::init()::{lambda()#2}&&) (invoke.h:98)
                    n1: 201326592 0x460C0F: void std::thread::_Invoker<std::tuple<filewatch::FileWatch<std::__cxx11::basic_string<char, std::char_traits<char>, std::allocator<char> > >::init()::{lambda()#2}> >::_M_invoke<0ul>(std::_Index_tuple<0ul>) (std_thread.h:303)
                     n1: 201326592 0x460B69: std::thread::_Invoker<std::tuple<filewatch::FileWatch<std::__cxx11::basic_string<char, std::char_traits<char>, std::allocator<char> > >::init()::{lambda()#2}> >::operator()() (std_thread.h:310)
                      n1: 201326592 0x460987: std::thread::_State_impl<std::thread::_Invoker<std::tuple<filewatch::FileWatch<std::__cxx11::basic_string<char, std::char_traits<char>, std::allocator<char> > >::init()::{lambda()#2}> > >::_M_run() (std_thread.h:255)
                       n1: 201326592 0xC1AF3B5: execute_native_thread_routine (thread.cc:105)
                        n1: 201326592 0xC5C7758: start_thread (pthread_create.c:454)
                         n0: 201326592 0xC64B733: clone (clone.S:100)
         n1: 67108864 0x43188E: std::__new_allocator<glm::vec<3, float, (glm::qualifier)0> >::allocate(unsigned long, void const*) (new_allocator.h:162)
          n1: 67108864 0x41EE5A: allocate (allocator.h:206)
           n1: 67108864 0x41EE5A: allocate (alloc_traits.h:638)
            n1: 67108864 0x41EE5A: std::_Vector_base<glm::vec<3, float, (glm::qualifier)0>, std::allocator<glm::vec<3, float, (glm::qualifier)0> > >::_M_allocate(unsigned long) (stl_vector.h:389)
             n1: 67108864 0x421E4D: glm::vec<3, float, (glm::qualifier)0>* std::vector<glm::vec<3, float, (glm::qualifier)0>, std::allocator<glm::vec<3, float, (glm::qualifier)0> > >::_M_allocate_and_copy<__gnu_cxx::__normal_iterator<glm::vec<3, float, (glm::qualifier)0> const*, std::vector<glm::vec<3, float, (glm::qualifier)0>, std::allocator<glm::vec<3, float, (glm::qualifier)0> > > > >(unsigned long, __gnu_cxx::__normal_iterator<glm::vec<3, float, (glm::qualifier)0> const*, std::vector<glm::vec<3, float, (glm::qualifier)0>, std::allocator<glm::vec<3, float, (glm::qualifier)0> > > >, __gnu_cxx::__normal_iterator<glm::vec<3, float, (glm::qualifier)0> const*, std::vector<glm::vec<3, float, (glm::qualifier)0>, std::allocator<glm::vec<3, float, (glm::qualifier)0> > > >) (stl_vector.h:1900)
              n1: 67108864 0x418DC7: std::vector<glm::vec<3, float, (glm::qualifier)0>, std::allocator<glm::vec<3, float, (glm::qualifier)0> > >::operator=(std::vector<glm::vec<3, float, (glm::qualifier)0>, std::allocator<glm::vec<3, float, (glm::qualifier)0> > > const&) (vector.tcc:242)
               n1: 67108864 0x401482: worldThread() (main.cpp:123)
                n1: 67108864 0x460E7D: void std::__invoke_impl<void, void (*)()>(std::__invoke_other, void (*&&)()) (invoke.h:63)
                 n1: 67108864 0x460DC9: std::__invoke_result<void (*)()>::type std::__invoke<void (*)()>(void (*&&)()) (invoke.h:98)
                  n1: 67108864 0x460C81: void std::thread::_Invoker<std::tuple<void (*)()> >::_M_invoke<0ul>(std::_Index_tuple<0ul>) (std_thread.h:303)
                   n1: 67108864 0x460BBB: std::thread::_Invoker<std::tuple<void (*)()> >::operator()() (std_thread.h:310)
                    n1: 67108864 0x460B17: std::thread::_State_impl<std::thread::_Invoker<std::tuple<void (*)()> > >::_M_run() (std_thread.h:255)
                     n1: 67108864 0xC1AF3B5: execute_native_thread_routine (thread.cc:105)
                      n1: 67108864 0xC5C7758: start_thread (pthread_create.c:454)
                       n0: 67108864 0xC64B733: clone (clone.S:100)
   n2: 2080374784 0xC5D44D5: alloc_new_heap (arena.c:395)
    n1: 2013265920 0xC5D58FB: sysmalloc (malloc.c:2395)
     n1: 2013265920 0xC5D6C17: _int_malloc (malloc.c:4334)
      n1: 2013265920 0xC5D6EED: __libc_malloc2 (malloc.c:3261)
       n1: 2013265920 0xC17E2FB: operator new(unsigned long) (new_op.cc:50)
        n1: 2013265920 0x46F3E0: std::__detail::_MakeUniq<std::array<Chunk, 7ul> >::__single_object std::make_unique<std::array<Chunk, 7ul>>() (unique_ptr.h:1105)
         n1: 2013265920 0x46E643: Chunk& ContiguousStorage<Chunk, 16777216ul, glm::vec<3, int, (glm::qualifier)0>, MathHelpers::glmVecLexicoGraphic<int, 3ul> >::emplace<World*, glm::vec<3, int, (glm::qualifier)0> const&, GenType&>(glm::vec<3, int, (glm::qualifier)0>, World*&&, glm::vec<3, int, (glm::qualifier)0> const&, GenType&) (Helpers.hpp:320)
          n1: 2013265920 0x46D041: World::addChunk(glm::vec<3, int, (glm::qualifier)0> const&) (World.cpp:27)
           n1: 2013265920 0x46DA55: World::generate(std::vector<glm::vec<3, float, (glm::qualifier)0>, std::allocator<glm::vec<3, float, (glm::qualifier)0> > > const&) (World.cpp:132)
            n1: 2013265920 0x46DB3A: World::selfUpdate(std::vector<glm::vec<3, float, (glm::qualifier)0>, std::allocator<glm::vec<3, float, (glm::qualifier)0> > > const&) (World.cpp:141)
             n1: 2013265920 0x401559: worldThread() (main.cpp:137)
              n1: 2013265920 0x460E7D: void std::__invoke_impl<void, void (*)()>(std::__invoke_other, void (*&&)()) (invoke.h:63)
               n1: 2013265920 0x460DC9: std::__invoke_result<void (*)()>::type std::__invoke<void (*)()>(void (*&&)()) (invoke.h:98)
                n1: 2013265920 0x460C81: void std::thread::_Invoker<std::tuple<void (*)()> >::_M_invoke<0ul>(std::_Index_tuple<0ul>) (std_thread.h:303)
                 n1: 2013265920 0x460BBB: std::thread::_Invoker<std::tuple<void (*)()> >::operator()() (std_thread.h:310)
                  n1: 2013265920 0x460B17: std::thread::_State_impl<std::thread::_Invoker<std::tuple<void (*)()> > >::_M_run() (std_thread.h:255)
                   n1: 2013265920 0xC1AF3B5: execute_native_thread_routine (thread.cc:105)
                    n1: 2013265920 0xC5C7758: start_thread (pthread_create.c:454)
                     n0: 2013265920 0xC64B733: clone (clone.S:100)
    n1: 67108864 0xC5D4A89: _int_new_arena (arena.c:637)
     n1: 67108864 0xC5D4A89: arena_get2 (arena.c:856)
      n1: 67108864 0xC5D4A89: arena_get2 (arena.c:817)
       n1: 67108864 0xC5D6F36: __libc_malloc2 (malloc.c:3259)
        n1: 67108864 0xC17E2FB: operator new(unsigned long) (new_op.cc:50)
         n1: 67108864 0x436996: std::__new_allocator<char>::allocate(unsigned long, void const*) (new_allocator.h:162)
          n1: 67108864 0x43E5F2: allocate (allocator.h:206)
           n1: 67108864 0x43E5F2: allocate (alloc_traits.h:638)
            n1: 67108864 0x43E5F2: std::_Vector_base<char, std::allocator<char> >::_M_allocate(unsigned long) (stl_vector.h:389)
             n1: 67108864 0x43B88C: std::_Vector_base<char, std::allocator<char> >::_M_create_storage(unsigned long) (stl_vector.h:407)
              n1: 67108864 0x437F12: std::_Vector_base<char, std::allocator<char> >::_Vector_base(unsigned long, std::allocator<char> const&) (stl_vector.h:341)
               n1: 67108864 0x4340BE: std::vector<char, std::allocator<char> >::vector(unsigned long, std::allocator<char> const&) (stl_vector.h:577)
                n1: 67108864 0x42FBF6: filewatch::FileWatch<std::__cxx11::basic_string<char, std::char_traits<char>, std::allocator<char> > >::monitor_directory() (FileWatch.hpp:617)
                 n1: 67108864 0x42A351: filewatch::FileWatch<std::__cxx11::basic_string<char, std::char_traits<char>, std::allocator<char> > >::init()::{lambda()#2}::operator()() const (FileWatch.hpp:349)
                  n1: 67108864 0x460E06: void std::__invoke_impl<void, filewatch::FileWatch<std::__cxx11::basic_string<char, std::char_traits<char>, std::allocator<char> > >::init()::{lambda()#2}>(std::__invoke_other, filewatch::FileWatch<std::__cxx11::basic_string<char, std::char_traits<char>, std::allocator<char> > >::init()::{lambda()#2}&&) (invoke.h:63)
                   n1: 67108864 0x460D1D: std::__invoke_result<filewatch::FileWatch<std::__cxx11::basic_string<char, std::char_traits<char>, std::allocator<char> > >::init()::{lambda()#2}>::type std::__invoke<filewatch::FileWatch<std::__cxx11::basic_string<char, std::char_traits<char>, std::allocator<char> > >::init()::{lambda()#2}>(filewatch::FileWatch<std::__cxx11::basic_string<char, std::char_traits<char>, std::allocator<char> > >::init()::{lambda()#2}&&) (invoke.h:98)
                    n1: 67108864 0x460C0F: void std::thread::_Invoker<std::tuple<filewatch::FileWatch<std::__cxx11::basic_string<char, std::char_traits<char>, std::allocator<char> > >::init()::{lambda()#2}> >::_M_invoke<0ul>(std::_Index_tuple<0ul>) (std_thread.h:303)
                     n1: 67108864 0x460B69: std::thread::_Invoker<std::tuple<filewatch::FileWatch<std::__cxx11::basic_string<char, std::char_traits<char>, std::allocator<char> > >::init()::{lambda()#2}> >::operator()() (std_thread.h:310)
                      n1: 67108864 0x460987: std::thread::_State_impl<std::thread::_Invoker<std::tuple<filewatch::FileWatch<std::__cxx11::basic_string<char, std::char_traits<char>, std::allocator<char> > >::init()::{lambda()#2}> > >::_M_run() (std_thread.h:255)
                       n1: 67108864 0xC1AF3B5: execute_native_thread_routine (thread.cc:105)
                        n1: 67108864 0xC5C7758: start_thread (pthread_create.c:454)
                         n0: 67108864 0xC64B733: clone (clone.S:100)
   n1: 283791360 0xC5D5CBD: sysmalloc_mmap_fallback (malloc.c:2289)
    n1: 283791360 0xC5D5CBD: sysmalloc (malloc.c:2501)
     n2: 283791360 0xC5D6C17: _int_malloc (malloc.c:4334)
      n2: 237113344 0xC5D6EED: __libc_malloc2 (malloc.c:3261)
       n1: 229773312 0xD46AD81: ??? (in /usr/lib64/libnvidia-glcore.so.595.71.05)
        n2: 229773312 0xD1D01EA: ??? (in /usr/lib64/libnvidia-glcore.so.595.71.05)
         n1: 212860928 0xD1B3595: ??? (in /usr/lib64/libnvidia-glcore.so.595.71.05)
          n2: 212860928 0xD1B3AC1: ??? (in /usr/lib64/libnvidia-glcore.so.595.71.05)
           n1: 178257920 0x473BE0: ChunkRenderer::updateShaderData(glm::vec<3, float, (glm::qualifier)0> const&) (Chunk.cpp:360)
            n1: 178257920 0x4615E9: WorldRenderer::renderChunks(ShaderProgram&, Camera::Frustum const&, glm::vec<3, float, (glm::qualifier)0> const&)::{lambda(ChunkRenderer&)#1}::operator()(ChunkRenderer&) const (WorldRenderer.cpp:64)
             n1: 178257920 0x463438: void std::__invoke_impl<void, WorldRenderer::renderChunks(ShaderProgram&, Camera::Frustum const&, glm::vec<3, float, (glm::qualifier)0> const&)::{lambda(ChunkRenderer&)#1}&, ChunkRenderer&>(std::__invoke_other, WorldRenderer::renderChunks(ShaderProgram&, Camera::Frustum const&, glm::vec<3, float, (glm::qualifier)0> const&)::{lambda(ChunkRenderer&)#1}&, ChunkRenderer&) (invoke.h:63)
              n1: 178257920 0x462F22: std::enable_if<is_invocable_r_v<void, WorldRenderer::renderChunks(ShaderProgram&, Camera::Frustum const&, glm::vec<3, float, (glm::qualifier)0> const&)::{lambda(ChunkRenderer&)#1}&, ChunkRenderer&>, void>::type std::__invoke_r<void, WorldRenderer::renderChunks(ShaderProgram&, Camera::Frustum const&, glm::vec<3, float, (glm::qualifier)0> const&)::{lambda(ChunkRenderer&)#1}&, ChunkRenderer&>(WorldRenderer::renderChunks(ShaderProgram&, Camera::Frustum const&, glm::vec<3, float, (glm::qualifier)0> const&)::{lambda(ChunkRenderer&)#1}&, ChunkRenderer&) (invoke.h:113)
               n1: 178257920 0x462A7C: std::_Function_handler<void (ChunkRenderer&), WorldRenderer::renderChunks(ShaderProgram&, Camera::Frustum const&, glm::vec<3, float, (glm::qualifier)0> const&)::{lambda(ChunkRenderer&)#1}>::_M_invoke(std::_Any_data const&, ChunkRenderer&) (std_function.h:295)
                n1: 178257920 0x466E80: std::function<void (ChunkRenderer&)>::operator()(ChunkRenderer&) const (std_function.h:581)
                 n1: 178257920 0x4652BB: ContiguousStorage<ChunkRenderer, 784ul, glm::vec<3, int, (glm::qualifier)0>, MathHelpers::glmVecLexicoGraphic<int, 3ul> >::forEach(std::function<void (ChunkRenderer&)>) (Helpers.hpp:383)
                  n1: 178257920 0x461A9A: WorldRenderer::renderChunks(ShaderProgram&, Camera::Frustum const&, glm::vec<3, float, (glm::qualifier)0> const&) (WorldRenderer.cpp:59)
                   n0: 178257920 0x40317E: main (main.cpp:422)
           n0: 34603008 in 2 places, all below massif's threshold (1.00%)
         n0: 16912384 in 1 place, below massif's threshold (1.00%)
       n0: 7340032 in 1 place, below massif's threshold (1.00%)
      n0: 46678016 in 1 place, below massif's threshold (1.00%)
   n1: 75534336 0xC5C8410: allocate_thread_stack (allocatestack.c:169)
    n1: 75534336 0xC5C8410: allocate_stack (allocatestack.c:508)
     n1: 75534336 0xC5C8410: pthread_create@@GLIBC_2.34 (pthread_create.c:680)
      n1: 75534336 0xC1AF488: __gthread_create (gthr-default.h:709)
       n1: 75534336 0xC1AF488: std::thread::_M_start_thread(std::unique_ptr<std::thread::_State, std::default_delete<std::thread::_State> >, void (*)()) (thread.cc:173)
        n0: 75534336 in 3 places, all below massif's threshold (1.00%)
   n0: 42770432 in 7 places, all below massif's threshold (1.00%)
 n1: 254623744 0xB34F85C: __mmap64 (mmap64.c:58)
  n3: 254623744 0xB34F85C: mmap (mmap64.c:46)
   n1: 152305664 0xB332822: _dl_map_segment (dl-map-segments.h:30)
    n1: 152305664 0xB332822: _dl_map_segments (dl-map-segments.h:102)
     n1: 152305664 0xB332822: _dl_map_object_from_fd (dl-load.c:1259)
      n2: 152305664 0xB334008: _dl_map_new_object (dl-load.c:2187)
       n1: 149884928 0xB32DABC: openaux (dl-deps.c:64)
        n1: 149884928 0xB32C728: _dl_catch_exception (dl-catch.c:241)
         n2: 149884928 0xB32DEEE: _dl_map_object_deps (dl-deps.c:232)
          n1: 136835072 0xB337FCF: dl_open_worker_begin (dl-open.c:609)
           n1: 136835072 0xB32C728: _dl_catch_exception (dl-catch.c:241)
            n1: 136835072 0xB337542: dl_open_worker (dl-open.c:762)
             n1: 136835072 0xB32C728: _dl_catch_exception (dl-catch.c:241)
              n1: 136835072 0xB337AA9: _dl_open (dl-open.c:900)
               n1: 136835072 0xC5C3C03: dlopen_doit (dlopen.c:56)
                n1: 136835072 0xB32C728: _dl_catch_exception (dl-catch.c:241)
                 n1: 136835072 0xB32C878: _dl_catch_error (dl-catch.c:260)
                  n1: 136835072 0xC5C36F2: _dlerror_run (dlerror.c:138)
                   n1: 136835072 0xC5C3CBA: dlopen_implementation (dlopen.c:71)
                    n2: 136835072 0xC5C3CBA: dlopen@@GLIBC_2.34 (dlopen.c:81)
                     n1: 135471104 0xBEF6F63: __glXLookupVendorByName.part.0 (libglxmapping.c:428)
                      n1: 135471104 0xBEF7D19: __glXLookupVendorByName (libglxmapping.c:391)
                       n1: 135471104 0xBEF7D19: __glXLookupVendorByScreen.part.0 (libglxmapping.c:572)
                        n1: 135471104 0xBEF8CB1: __glXLookupVendorByScreen (libglxmapping.c:524)
                         n1: 135471104 0xBEF8CB1: __glXGetDynDispatch (libglxmapping.c:610)
                          n1: 135471104 0xBEF8CB1: glXQueryExtensionsString (libglx.c:1473)
                           n1: 135471104 0xC0EB7AC: extensionSupportedGLX (in /home/leo/Cours/S8/HAI819I_moteur_jeux/build/external/glfw/src/libglfw.so.3.4)
                            n1: 135471104 0xC0EBEEA: _glfwInitGLX (in /home/leo/Cours/S8/HAI819I_moteur_jeux/build/external/glfw/src/libglfw.so.3.4)
                             n1: 135471104 0xC0E79BE: _glfwCreateWindowX11 (in /home/leo/Cours/S8/HAI819I_moteur_jeux/build/external/glfw/src/libglfw.so.3.4)
                              n1: 135471104 0xC0D374D: glfwCreateWindow (in /home/leo/Cours/S8/HAI819I_moteur_jeux/build/external/glfw/src/libglfw.so.3.4)
                               n1: 135471104 0x40A1A7: Window::init() (Window.hpp:241)
                                n1: 135471104 0x4012FC: globalInit(Window&) (main.cpp:53)
                                 n0: 135471104 0x401CE1: main (main.cpp:166)
                     n0: 1363968 in 2 places, all below massif's threshold (1.00%)
          n0: 13049856 in 1 place, below massif's threshold (1.00%)
       n0: 2420736 in 2 places, all below massif's threshold (1.00%)
   n1: 100982784 0xB332974: _dl_map_segments (dl-map-segments.h:140)
    n1: 100982784 0xB332974: _dl_map_object_from_fd (dl-load.c:1259)
     n2: 100982784 0xB334008: _dl_map_new_object (dl-load.c:2187)
      n1: 99446784 0xB32DABC: openaux (dl-deps.c:64)
       n1: 99446784 0xB32C728: _dl_catch_exception (dl-catch.c:241)
        n2: 99446784 0xB32DEEE: _dl_map_object_deps (dl-deps.c:232)
         n1: 93831168 0xB337FCF: dl_open_worker_begin (dl-open.c:609)
          n1: 93831168 0xB32C728: _dl_catch_exception (dl-catch.c:241)
           n1: 93831168 0xB337542: dl_open_worker (dl-open.c:762)
            n1: 93831168 0xB32C728: _dl_catch_exception (dl-catch.c:241)
             n1: 93831168 0xB337AA9: _dl_open (dl-open.c:900)
              n1: 93831168 0xC5C3C03: dlopen_doit (dlopen.c:56)
               n1: 93831168 0xB32C728: _dl_catch_exception (dl-catch.c:241)
                n1: 93831168 0xB32C878: _dl_catch_error (dl-catch.c:260)
                 n1: 93831168 0xC5C36F2: _dlerror_run (dlerror.c:138)
                  n1: 93831168 0xC5C3CBA: dlopen_implementation (dlopen.c:71)
                   n2: 93831168 0xC5C3CBA: dlopen@@GLIBC_2.34 (dlopen.c:81)
                    n1: 93372416 0xBEF6F63: __glXLookupVendorByName.part.0 (libglxmapping.c:428)
                     n1: 93372416 0xBEF7D19: __glXLookupVendorByName (libglxmapping.c:391)
                      n1: 93372416 0xBEF7D19: __glXLookupVendorByScreen.part.0 (libglxmapping.c:572)
                       n1: 93372416 0xBEF8CB1: __glXLookupVendorByScreen (libglxmapping.c:524)
                        n1: 93372416 0xBEF8CB1: __glXGetDynDispatch (libglxmapping.c:610)
                         n1: 93372416 0xBEF8CB1: glXQueryExtensionsString (libglx.c:1473)
                          n1: 93372416 0xC0EB7AC: extensionSupportedGLX (in /home/leo/Cours/S8/HAI819I_moteur_jeux/build/external/glfw/src/libglfw.so.3.4)
                           n1: 93372416 0xC0EBEEA: _glfwInitGLX (in /home/leo/Cours/S8/HAI819I_moteur_jeux/build/external/glfw/src/libglfw.so.3.4)
                            n1: 93372416 0xC0E79BE: _glfwCreateWindowX11 (in /home/leo/Cours/S8/HAI819I_moteur_jeux/build/external/glfw/src/libglfw.so.3.4)
                             n1: 93372416 0xC0D374D: glfwCreateWindow (in /home/leo/Cours/S8/HAI819I_moteur_jeux/build/external/glfw/src/libglfw.so.3.4)
                              n1: 93372416 0x40A1A7: Window::init() (Window.hpp:241)
                               n1: 93372416 0x4012FC: globalInit(Window&) (main.cpp:53)
                                n0: 93372416 0x401CE1: main (main.cpp:166)
                    n0: 458752 in 2 places, all below massif's threshold (1.00%)
         n0: 5615616 in 1 place, below massif's threshold (1.00%)
      n0: 1536000 in 2 places, all below massif's threshold (1.00%)
   n0: 1335296 in 3 places, all below massif's threshold (1.00%)
 n0: 183943168 0x0: ???
 n0: 8376320 in 3 places, all below massif's threshold (1.00%)
#-----------
snapshot=65
#-----------
time=212405489077
mem_heap_B=5747986432
mem_heap_extra_B=0
mem_stacks_B=0
heap_tree=empty
#-----------
snapshot=66
#-----------
time=212405489099
mem_heap_B=5747986432
mem_heap_extra_B=0
mem_stacks_B=0
heap_tree=detailed
n4: 5747986432 (page allocation syscalls) mmap/mremap/brk, --alloc-fns, etc.
 n1: 5301043200 0xC647B7C: __mmap64 (mmap64.c:58)
  n5: 5301043200 0xC647B7C: mmap (mmap64.c:46)
   n2: 2751463424 0xC5D45C6: alloc_new_heap (arena.c:405)
    n1: 2483027968 0xC5D58FB: sysmalloc (malloc.c:2395)
     n1: 2483027968 0xC5D6C17: _int_malloc (malloc.c:4334)
      n1: 2483027968 0xC5D6EED: __libc_malloc2 (malloc.c:3261)
       n1: 2483027968 0xC17E2FB: operator new(unsigned long) (new_op.cc:50)
        n1: 2483027968 0x46F3E0: std::__detail::_MakeUniq<std::array<Chunk, 7ul> >::__single_object std::make_unique<std::array<Chunk, 7ul>>() (unique_ptr.h:1105)
         n1: 2483027968 0x46E643: Chunk& ContiguousStorage<Chunk, 16777216ul, glm::vec<3, int, (glm::qualifier)0>, MathHelpers::glmVecLexicoGraphic<int, 3ul> >::emplace<World*, glm::vec<3, int, (glm::qualifier)0> const&, GenType&>(glm::vec<3, int, (glm::qualifier)0>, World*&&, glm::vec<3, int, (glm::qualifier)0> const&, GenType&) (Helpers.hpp:320)
          n1: 2483027968 0x46D041: World::addChunk(glm::vec<3, int, (glm::qualifier)0> const&) (World.cpp:27)
           n1: 2483027968 0x46DA55: World::generate(std::vector<glm::vec<3, float, (glm::qualifier)0>, std::allocator<glm::vec<3, float, (glm::qualifier)0> > > const&) (World.cpp:132)
            n1: 2483027968 0x46DB3A: World::selfUpdate(std::vector<glm::vec<3, float, (glm::qualifier)0>, std::allocator<glm::vec<3, float, (glm::qualifier)0> > > const&) (World.cpp:141)
             n1: 2483027968 0x401559: worldThread() (main.cpp:137)
              n1: 2483027968 0x460E7D: void std::__invoke_impl<void, void (*)()>(std::__invoke_other, void (*&&)()) (invoke.h:63)
               n1: 2483027968 0x460DC9: std::__invoke_result<void (*)()>::type std::__invoke<void (*)()>(void (*&&)()) (invoke.h:98)
                n1: 2483027968 0x460C81: void std::thread::_Invoker<std::tuple<void (*)()> >::_M_invoke<0ul>(std::_Index_tuple<0ul>) (std_thread.h:303)
                 n1: 2483027968 0x460BBB: std::thread::_Invoker<std::tuple<void (*)()> >::operator()() (std_thread.h:310)
                  n1: 2483027968 0x460B17: std::thread::_State_impl<std::thread::_Invoker<std::tuple<void (*)()> > >::_M_run() (std_thread.h:255)
                   n1: 2483027968 0xC1AF3B5: execute_native_thread_routine (thread.cc:105)
                    n1: 2483027968 0xC5C7758: start_thread (pthread_create.c:454)
                     n0: 2483027968 0xC64B733: clone (clone.S:100)
    n1: 268435456 0xC5D4A89: _int_new_arena (arena.c:637)
     n1: 268435456 0xC5D4A89: arena_get2 (arena.c:856)
      n1: 268435456 0xC5D4A89: arena_get2 (arena.c:817)
       n1: 268435456 0xC5D6F36: __libc_malloc2 (malloc.c:3259)
        n2: 268435456 0xC17E2FB: operator new(unsigned long) (new_op.cc:50)
         n1: 201326592 0x436996: std::__new_allocator<char>::allocate(unsigned long, void const*) (new_allocator.h:162)
          n1: 201326592 0x43E5F2: allocate (allocator.h:206)
           n1: 201326592 0x43E5F2: allocate (alloc_traits.h:638)
            n1: 201326592 0x43E5F2: std::_Vector_base<char, std::allocator<char> >::_M_allocate(unsigned long) (stl_vector.h:389)
             n1: 201326592 0x43B88C: std::_Vector_base<char, std::allocator<char> >::_M_create_storage(unsigned long) (stl_vector.h:407)
              n1: 201326592 0x437F12: std::_Vector_base<char, std::allocator<char> >::_Vector_base(unsigned long, std::allocator<char> const&) (stl_vector.h:341)
               n1: 201326592 0x4340BE: std::vector<char, std::allocator<char> >::vector(unsigned long, std::allocator<char> const&) (stl_vector.h:577)
                n1: 201326592 0x42FBF6: filewatch::FileWatch<std::__cxx11::basic_string<char, std::char_traits<char>, std::allocator<char> > >::monitor_directory() (FileWatch.hpp:617)
                 n1: 201326592 0x42A351: filewatch::FileWatch<std::__cxx11::basic_string<char, std::char_traits<char>, std::allocator<char> > >::init()::{lambda()#2}::operator()() const (FileWatch.hpp:349)
                  n1: 201326592 0x460E06: void std::__invoke_impl<void, filewatch::FileWatch<std::__cxx11::basic_string<char, std::char_traits<char>, std::allocator<char> > >::init()::{lambda()#2}>(std::__invoke_other, filewatch::FileWatch<std::__cxx11::basic_string<char, std::char_traits<char>, std::allocator<char> > >::init()::{lambda()#2}&&) (invoke.h:63)
                   n1: 201326592 0x460D1D: std::__invoke_result<filewatch::FileWatch<std::__cxx11::basic_string<char, std::char_traits<char>, std::allocator<char> > >::init()::{lambda()#2}>::type std::__invoke<filewatch::FileWatch<std::__cxx11::basic_string<char, std::char_traits<char>, std::allocator<char> > >::init()::{lambda()#2}>(filewatch::FileWatch<std::__cxx11::basic_string<char, std::char_traits<char>, std::allocator<char> > >::init()::{lambda()#2}&&) (invoke.h:98)
                    n1: 201326592 0x460C0F: void std::thread::_Invoker<std::tuple<filewatch::FileWatch<std::__cxx11::basic_string<char, std::char_traits<char>, std::allocator<char> > >::init()::{lambda()#2}> >::_M_invoke<0ul>(std::_Index_tuple<0ul>) (std_thread.h:303)
                     n1: 201326592 0x460B69: std::thread::_Invoker<std::tuple<filewatch::FileWatch<std::__cxx11::basic_string<char, std::char_traits<char>, std::allocator<char> > >::init()::{lambda()#2}> >::operator()() (std_thread.h:310)
                      n1: 201326592 0x460987: std::thread::_State_impl<std::thread::_Invoker<std::tuple<filewatch::FileWatch<std::__cxx11::basic_string<char, std::char_traits<char>, std::allocator<char> > >::init()::{lambda()#2}> > >::_M_run() (std_thread.h:255)
                       n1: 201326592 0xC1AF3B5: execute_native_thread_routine (thread.cc:105)
                        n1: 201326592 0xC5C7758: start_thread (pthread_create.c:454)
                         n0: 201326592 0xC64B733: clone (clone.S:100)
         n1: 67108864 0x43188E: std::__new_allocator<glm::vec<3, float, (glm::qualifier)0> >::allocate(unsigned long, void const*) (new_allocator.h:162)
          n1: 67108864 0x41EE5A: allocate (allocator.h:206)
           n1: 67108864 0x41EE5A: allocate (alloc_traits.h:638)
            n1: 67108864 0x41EE5A: std::_Vector_base<glm::vec<3, float, (glm::qualifier)0>, std::allocator<glm::vec<3, float, (glm::qualifier)0> > >::_M_allocate(unsigned long) (stl_vector.h:389)
             n1: 67108864 0x421E4D: glm::vec<3, float, (glm::qualifier)0>* std::vector<glm::vec<3, float, (glm::qualifier)0>, std::allocator<glm::vec<3, float, (glm::qualifier)0> > >::_M_allocate_and_copy<__gnu_cxx::__normal_iterator<glm::vec<3, float, (glm::qualifier)0> const*, std::vector<glm::vec<3, float, (glm::qualifier)0>, std::allocator<glm::vec<3, float, (glm::qualifier)0> > > > >(unsigned long, __gnu_cxx::__normal_iterator<glm::vec<3, float, (glm::qualifier)0> const*, std::vector<glm::vec<3, float, (glm::qualifier)0>, std::allocator<glm::vec<3, float, (glm::qualifier)0> > > >, __gnu_cxx::__normal_iterator<glm::vec<3, float, (glm::qualifier)0> const*, std::vector<glm::vec<3, float, (glm::qualifier)0>, std::allocator<glm::vec<3, float, (glm::qualifier)0> > > >) (stl_vector.h:1900)
              n1: 67108864 0x418DC7: std::vector<glm::vec<3, float, (glm::qualifier)0>, std::allocator<glm::vec<3, float, (glm::qualifier)0> > >::operator=(std::vector<glm::vec<3, float, (glm::qualifier)0>, std::allocator<glm::vec<3, float, (glm::qualifier)0> > > const&) (vector.tcc:242)
               n1: 67108864 0x401482: worldThread() (main.cpp:123)
                n1: 67108864 0x460E7D: void std::__invoke_impl<void, void (*)()>(std::__invoke_other, void (*&&)()) (invoke.h:63)
                 n1: 67108864 0x460DC9: std::__invoke_result<void (*)()>::type std::__invoke<void (*)()>(void (*&&)()) (invoke.h:98)
                  n1: 67108864 0x460C81: void std::thread::_Invoker<std::tuple<void (*)()> >::_M_invoke<0ul>(std::_Index_tuple<0ul>) (std_thread.h:303)
                   n1: 67108864 0x460BBB: std::thread::_Invoker<std::tuple<void (*)()> >::operator()() (std_thread.h:310)
                    n1: 67108864 0x460B17: std::thread::_State_impl<std::thread::_Invoker<std::tuple<void (*)()> > >::_M_run() (std_thread.h:255)
                     n1: 67108864 0xC1AF3B5: execute_native_thread_routine (thread.cc:105)
                      n1: 67108864 0xC5C7758: start_thread (pthread_create.c:454)
                       n0: 67108864 0xC64B733: clone (clone.S:100)
   n2: 2147483648 0xC5D44D5: alloc_new_heap (arena.c:395)
    n1: 2080374784 0xC5D58FB: sysmalloc (malloc.c:2395)
     n1: 2080374784 0xC5D6C17: _int_malloc (malloc.c:4334)
      n1: 2080374784 0xC5D6EED: __libc_malloc2 (malloc.c:3261)
       n1: 2080374784 0xC17E2FB: operator new(unsigned long) (new_op.cc:50)
        n1: 2080374784 0x46F3E0: std::__detail::_MakeUniq<std::array<Chunk, 7ul> >::__single_object std::make_unique<std::array<Chunk, 7ul>>() (unique_ptr.h:1105)
         n1: 2080374784 0x46E643: Chunk& ContiguousStorage<Chunk, 16777216ul, glm::vec<3, int, (glm::qualifier)0>, MathHelpers::glmVecLexicoGraphic<int, 3ul> >::emplace<World*, glm::vec<3, int, (glm::qualifier)0> const&, GenType&>(glm::vec<3, int, (glm::qualifier)0>, World*&&, glm::vec<3, int, (glm::qualifier)0> const&, GenType&) (Helpers.hpp:320)
          n1: 2080374784 0x46D041: World::addChunk(glm::vec<3, int, (glm::qualifier)0> const&) (World.cpp:27)
           n1: 2080374784 0x46DA55: World::generate(std::vector<glm::vec<3, float, (glm::qualifier)0>, std::allocator<glm::vec<3, float, (glm::qualifier)0> > > const&) (World.cpp:132)
            n1: 2080374784 0x46DB3A: World::selfUpdate(std::vector<glm::vec<3, float, (glm::qualifier)0>, std::allocator<glm::vec<3, float, (glm::qualifier)0> > > const&) (World.cpp:141)
             n1: 2080374784 0x401559: worldThread() (main.cpp:137)
              n1: 2080374784 0x460E7D: void std::__invoke_impl<void, void (*)()>(std::__invoke_other, void (*&&)()) (invoke.h:63)
               n1: 2080374784 0x460DC9: std::__invoke_result<void (*)()>::type std::__invoke<void (*)()>(void (*&&)()) (invoke.h:98)
                n1: 2080374784 0x460C81: void std::thread::_Invoker<std::tuple<void (*)()> >::_M_invoke<0ul>(std::_Index_tuple<0ul>) (std_thread.h:303)
                 n1: 2080374784 0x460BBB: std::thread::_Invoker<std::tuple<void (*)()> >::operator()() (std_thread.h:310)
                  n1: 2080374784 0x460B17: std::thread::_State_impl<std::thread::_Invoker<std::tuple<void (*)()> > >::_M_run() (std_thread.h:255)
                   n1: 2080374784 0xC1AF3B5: execute_native_thread_routine (thread.cc:105)
                    n1: 2080374784 0xC5C7758: start_thread (pthread_create.c:454)
                     n0: 2080374784 0xC64B733: clone (clone.S:100)
    n1: 67108864 0xC5D4A89: _int_new_arena (arena.c:637)
     n1: 67108864 0xC5D4A89: arena_get2 (arena.c:856)
      n1: 67108864 0xC5D4A89: arena_get2 (arena.c:817)
       n1: 67108864 0xC5D6F36: __libc_malloc2 (malloc.c:3259)
        n1: 67108864 0xC17E2FB: operator new(unsigned long) (new_op.cc:50)
         n1: 67108864 0x436996: std::__new_allocator<char>::allocate(unsigned long, void const*) (new_allocator.h:162)
          n1: 67108864 0x43E5F2: allocate (allocator.h:206)
           n1: 67108864 0x43E5F2: allocate (alloc_traits.h:638)
            n1: 67108864 0x43E5F2: std::_Vector_base<char, std::allocator<char> >::_M_allocate(unsigned long) (stl_vector.h:389)
             n1: 67108864 0x43B88C: std::_Vector_base<char, std::allocator<char> >::_M_create_storage(unsigned long) (stl_vector.h:407)
              n1: 67108864 0x437F12: std::_Vector_base<char, std::allocator<char> >::_Vector_base(unsigned long, std::allocator<char> const&) (stl_vector.h:341)
               n1: 67108864 0x4340BE: std::vector<char, std::allocator<char> >::vector(unsigned long, std::allocator<char> const&) (stl_vector.h:577)
                n1: 67108864 0x42FBF6: filewatch::FileWatch<std::__cxx11::basic_string<char, std::char_traits<char>, std::allocator<char> > >::monitor_directory() (FileWatch.hpp:617)
                 n1: 67108864 0x42A351: filewatch::FileWatch<std::__cxx11::basic_string<char, std::char_traits<char>, std::allocator<char> > >::init()::{lambda()#2}::operator()() const (FileWatch.hpp:349)
                  n1: 67108864 0x460E06: void std::__invoke_impl<void, filewatch::FileWatch<std::__cxx11::basic_string<char, std::char_traits<char>, std::allocator<char> > >::init()::{lambda()#2}>(std::__invoke_other, filewatch::FileWatch<std::__cxx11::basic_string<char, std::char_traits<char>, std::allocator<char> > >::init()::{lambda()#2}&&) (invoke.h:63)
                   n1: 67108864 0x460D1D: std::__invoke_result<filewatch::FileWatch<std::__cxx11::basic_string<char, std::char_traits<char>, std::allocator<char> > >::init()::{lambda()#2}>::type std::__invoke<filewatch::FileWatch<std::__cxx11::basic_string<char, std::char_traits<char>, std::allocator<char> > >::init()::{lambda()#2}>(filewatch::FileWatch<std::__cxx11::basic_string<char, std::char_traits<char>, std::allocator<char> > >::init()::{lambda()#2}&&) (invoke.h:98)
                    n1: 67108864 0x460C0F: void std::thread::_Invoker<std::tuple<filewatch::FileWatch<std::__cxx11::basic_string<char, std::char_traits<char>, std::allocator<char> > >::init()::{lambda()#2}> >::_M_invoke<0ul>(std::_Index_tuple<0ul>) (std_thread.h:303)
                     n1: 67108864 0x460B69: std::thread::_Invoker<std::tuple<filewatch::FileWatch<std::__cxx11::basic_string<char, std::char_traits<char>, std::allocator<char> > >::init()::{lambda()#2}> >::operator()() (std_thread.h:310)
                      n1: 67108864 0x460987: std::thread::_State_impl<std::thread::_Invoker<std::tuple<filewatch::FileWatch<std::__cxx11::basic_string<char, std::char_traits<char>, std::allocator<char> > >::init()::{lambda()#2}> > >::_M_run() (std_thread.h:255)
                       n1: 67108864 0xC1AF3B5: execute_native_thread_routine (thread.cc:105)
                        n1: 67108864 0xC5C7758: start_thread (pthread_create.c:454)
                         n0: 67108864 0xC64B733: clone (clone.S:100)
   n1: 283791360 0xC5D5CBD: sysmalloc_mmap_fallback (malloc.c:2289)
    n1: 283791360 0xC5D5CBD: sysmalloc (malloc.c:2501)
     n2: 283791360 0xC5D6C17: _int_malloc (malloc.c:4334)
      n2: 237113344 0xC5D6EED: __libc_malloc2 (malloc.c:3261)
       n1: 229773312 0xD46AD81: ??? (in /usr/lib64/libnvidia-glcore.so.595.71.05)
        n2: 229773312 0xD1D01EA: ??? (in /usr/lib64/libnvidia-glcore.so.595.71.05)
         n1: 212860928 0xD1B3595: ??? (in /usr/lib64/libnvidia-glcore.so.595.71.05)
          n2: 212860928 0xD1B3AC1: ??? (in /usr/lib64/libnvidia-glcore.so.595.71.05)
           n1: 178257920 0x473BE0: ChunkRenderer::updateShaderData(glm::vec<3, float, (glm::qualifier)0> const&) (Chunk.cpp:360)
            n1: 178257920 0x4615E9: WorldRenderer::renderChunks(ShaderProgram&, Camera::Frustum const&, glm::vec<3, float, (glm::qualifier)0> const&)::{lambda(ChunkRenderer&)#1}::operator()(ChunkRenderer&) const (WorldRenderer.cpp:64)
             n1: 178257920 0x463438: void std::__invoke_impl<void, WorldRenderer::renderChunks(ShaderProgram&, Camera::Frustum const&, glm::vec<3, float, (glm::qualifier)0> const&)::{lambda(ChunkRenderer&)#1}&, ChunkRenderer&>(std::__invoke_other, WorldRenderer::renderChunks(ShaderProgram&, Camera::Frustum const&, glm::vec<3, float, (glm::qualifier)0> const&)::{lambda(ChunkRenderer&)#1}&, ChunkRenderer&) (invoke.h:63)
              n1: 178257920 0x462F22: std::enable_if<is_invocable_r_v<void, WorldRenderer::renderChunks(ShaderProgram&, Camera::Frustum const&, glm::vec<3, float, (glm::qualifier)0> const&)::{lambda(ChunkRenderer&)#1}&, ChunkRenderer&>, void>::type std::__invoke_r<void, WorldRenderer::renderChunks(ShaderProgram&, Camera::Frustum const&, glm::vec<3, float, (glm::qualifier)0> const&)::{lambda(ChunkRenderer&)#1}&, ChunkRenderer&>(WorldRenderer::renderChunks(ShaderProgram&, Camera::Frustum const&, glm::vec<3, float, (glm::qualifier)0> const&)::{lambda(ChunkRenderer&)#1}&, ChunkRenderer&) (invoke.h:113)
               n1: 178257920 0x462A7C: std::_Function_handler<void (ChunkRenderer&), WorldRenderer::renderChunks(ShaderProgram&, Camera::Frustum const&, glm::vec<3, float, (glm::qualifier)0> const&)::{lambda(ChunkRenderer&)#1}>::_M_invoke(std::_Any_data const&, ChunkRenderer&) (std_function.h:295)
                n1: 178257920 0x466E80: std::function<void (ChunkRenderer&)>::operator()(ChunkRenderer&) const (std_function.h:581)
                 n1: 178257920 0x4652BB: ContiguousStorage<ChunkRenderer, 784ul, glm::vec<3, int, (glm::qualifier)0>, MathHelpers::glmVecLexicoGraphic<int, 3ul> >::forEach(std::function<void (ChunkRenderer&)>) (Helpers.hpp:383)
                  n1: 178257920 0x461A9A: WorldRenderer::renderChunks(ShaderProgram&, Camera::Frustum const&, glm::vec<3, float, (glm::qualifier)0> const&) (WorldRenderer.cpp:59)
                   n0: 178257920 0x40317E: main (main.cpp:422)
           n0: 34603008 in 2 places, all below massif's threshold (1.00%)
         n0: 16912384 in 1 place, below massif's threshold (1.00%)
       n0: 7340032 in 1 place, below massif's threshold (1.00%)
      n0: 46678016 in 1 place, below massif's threshold (1.00%)
   n1: 75534336 0xC5C8410: allocate_thread_stack (allocatestack.c:169)
    n1: 75534336 0xC5C8410: allocate_stack (allocatestack.c:508)
     n1: 75534336 0xC5C8410: pthread_create@@GLIBC_2.34 (pthread_create.c:680)
      n1: 75534336 0xC1AF488: __gthread_create (gthr-default.h:709)
       n1: 75534336 0xC1AF488: std::thread::_M_start_thread(std::unique_ptr<std::thread::_State, std::default_delete<std::thread::_State> >, void (*)()) (thread.cc:173)
        n0: 75534336 in 3 places, all below massif's threshold (1.00%)
   n0: 42770432 in 7 places, all below massif's threshold (1.00%)
 n1: 254623744 0xB34F85C: __mmap64 (mmap64.c:58)
  n3: 254623744 0xB34F85C: mmap (mmap64.c:46)
   n1: 152305664 0xB332822: _dl_map_segment (dl-map-segments.h:30)
    n1: 152305664 0xB332822: _dl_map_segments (dl-map-segments.h:102)
     n1: 152305664 0xB332822: _dl_map_object_from_fd (dl-load.c:1259)
      n2: 152305664 0xB334008: _dl_map_new_object (dl-load.c:2187)
       n1: 149884928 0xB32DABC: openaux (dl-deps.c:64)
        n1: 149884928 0xB32C728: _dl_catch_exception (dl-catch.c:241)
         n2: 149884928 0xB32DEEE: _dl_map_object_deps (dl-deps.c:232)
          n1: 136835072 0xB337FCF: dl_open_worker_begin (dl-open.c:609)
           n1: 136835072 0xB32C728: _dl_catch_exception (dl-catch.c:241)
            n1: 136835072 0xB337542: dl_open_worker (dl-open.c:762)
             n1: 136835072 0xB32C728: _dl_catch_exception (dl-catch.c:241)
              n1: 136835072 0xB337AA9: _dl_open (dl-open.c:900)
               n1: 136835072 0xC5C3C03: dlopen_doit (dlopen.c:56)
                n1: 136835072 0xB32C728: _dl_catch_exception (dl-catch.c:241)
                 n1: 136835072 0xB32C878: _dl_catch_error (dl-catch.c:260)
                  n1: 136835072 0xC5C36F2: _dlerror_run (dlerror.c:138)
                   n1: 136835072 0xC5C3CBA: dlopen_implementation (dlopen.c:71)
                    n2: 136835072 0xC5C3CBA: dlopen@@GLIBC_2.34 (dlopen.c:81)
                     n1: 135471104 0xBEF6F63: __glXLookupVendorByName.part.0 (libglxmapping.c:428)
                      n1: 135471104 0xBEF7D19: __glXLookupVendorByName (libglxmapping.c:391)
                       n1: 135471104 0xBEF7D19: __glXLookupVendorByScreen.part.0 (libglxmapping.c:572)
                        n1: 135471104 0xBEF8CB1: __glXLookupVendorByScreen (libglxmapping.c:524)
                         n1: 135471104 0xBEF8CB1: __glXGetDynDispatch (libglxmapping.c:610)
                          n1: 135471104 0xBEF8CB1: glXQueryExtensionsString (libglx.c:1473)
                           n1: 135471104 0xC0EB7AC: extensionSupportedGLX (in /home/leo/Cours/S8/HAI819I_moteur_jeux/build/external/glfw/src/libglfw.so.3.4)
                            n1: 135471104 0xC0EBEEA: _glfwInitGLX (in /home/leo/Cours/S8/HAI819I_moteur_jeux/build/external/glfw/src/libglfw.so.3.4)
                             n1: 135471104 0xC0E79BE: _glfwCreateWindowX11 (in /home/leo/Cours/S8/HAI819I_moteur_jeux/build/external/glfw/src/libglfw.so.3.4)
                              n1: 135471104 0xC0D374D: glfwCreateWindow (in /home/leo/Cours/S8/HAI819I_moteur_jeux/build/external/glfw/src/libglfw.so.3.4)
                               n1: 135471104 0x40A1A7: Window::init() (Window.hpp:241)
                                n1: 135471104 0x4012FC: globalInit(Window&) (main.cpp:53)
                                 n0: 135471104 0x401CE1: main (main.cpp:166)
                     n0: 1363968 in 2 places, all below massif's threshold (1.00%)
          n0: 13049856 in 1 place, below massif's threshold (1.00%)
       n0: 2420736 in 2 places, all below massif's threshold (1.00%)
   n1: 100982784 0xB332974: _dl_map_segments (dl-map-segments.h:140)
    n1: 100982784 0xB332974: _dl_map_object_from_fd (dl-load.c:1259)
     n2: 100982784 0xB334008: _dl_map_new_object (dl-load.c:2187)
      n1: 99446784 0xB32DABC: openaux (dl-deps.c:64)
       n1: 99446784 0xB32C728: _dl_catch_exception (dl-catch.c:241)
        n2: 99446784 0xB32DEEE: _dl_map_object_deps (dl-deps.c:232)
         n1: 93831168 0xB337FCF: dl_open_worker_begin (dl-open.c:609)
          n1: 93831168 0xB32C728: _dl_catch_exception (dl-catch.c:241)
           n1: 93831168 0xB337542: dl_open_worker (dl-open.c:762)
            n1: 93831168 0xB32C728: _dl_catch_exception (dl-catch.c:241)
             n1: 93831168 0xB337AA9: _dl_open (dl-open.c:900)
              n1: 93831168 0xC5C3C03: dlopen_doit (dlopen.c:56)
               n1: 93831168 0xB32C728: _dl_catch_exception (dl-catch.c:241)
                n1: 93831168 0xB32C878: _dl_catch_error (dl-catch.c:260)
                 n1: 93831168 0xC5C36F2: _dlerror_run (dlerror.c:138)
                  n1: 93831168 0xC5C3CBA: dlopen_implementation (dlopen.c:71)
                   n2: 93831168 0xC5C3CBA: dlopen@@GLIBC_2.34 (dlopen.c:81)
                    n1: 93372416 0xBEF6F63: __glXLookupVendorByName.part.0 (libglxmapping.c:428)
                     n1: 93372416 0xBEF7D19: __glXLookupVendorByName (libglxmapping.c:391)
                      n1: 93372416 0xBEF7D19: __glXLookupVendorByScreen.part.0 (libglxmapping.c:572)
                       n1: 93372416 0xBEF8CB1: __glXLookupVendorByScreen (libglxmapping.c:524)
                        n1: 93372416 0xBEF8CB1: __glXGetDynDispatch (libglxmapping.c:610)
                         n1: 93372416 0xBEF8CB1: glXQueryExtensionsString (libglx.c:1473)
                          n1: 93372416 0xC0EB7AC: extensionSupportedGLX (in /home/leo/Cours/S8/HAI819I_moteur_jeux/build/external/glfw/src/libglfw.so.3.4)
                           n1: 93372416 0xC0EBEEA: _glfwInitGLX (in /home/leo/Cours/S8/HAI819I_moteur_jeux/build/external/glfw/src/libglfw.so.3.4)
                            n1: 93372416 0xC0E79BE: _glfwCreateWindowX11 (in /home/leo/Cours/S8/HAI819I_moteur_jeux/build/external/glfw/src/libglfw.so.3.4)
                             n1: 93372416 0xC0D374D: glfwCreateWindow (in /home/leo/Cours/S8/HAI819I_moteur_jeux/build/external/glfw/src/libglfw.so.3.4)
                              n1: 93372416 0x40A1A7: Window::init() (Window.hpp:241)
                               n1: 93372416 0x4012FC: globalInit(Window&) (main.cpp:53)
                                n0: 93372416 0x401CE1: main (main.cpp:166)
                    n0: 458752 in 2 places, all below massif's threshold (1.00%)
         n0: 5615616 in 1 place, below massif's threshold (1.00%)
      n0: 1536000 in 2 places, all below massif's threshold (1.00%)
   n0: 1335296 in 3 places, all below massif's threshold (1.00%)
 n0: 183943168 0x0: ???
 n0: 8376320 in 3 places, all below massif's threshold (1.00%)
#-----------
snapshot=67
#-----------
time=215780341890
mem_heap_B=5681926144
mem_heap_extra_B=0
mem_stacks_B=0
heap_tree=empty
#-----------
snapshot=68
#-----------
time=222667710737
mem_heap_B=5682974720
mem_heap_extra_B=0
mem_stacks_B=0
heap_tree=empty
#-----------
snapshot=69
#-----------
time=224778952934
mem_heap_B=5698703360
mem_heap_extra_B=0
mem_stacks_B=0
heap_tree=empty
#-----------
snapshot=70
#-----------
time=228067955466
mem_heap_B=5785735168
mem_heap_extra_B=0
mem_stacks_B=0
heap_tree=empty
#-----------
snapshot=71
#-----------
time=229625570185
mem_heap_B=5919952896
mem_heap_extra_B=0
mem_stacks_B=0
heap_tree=detailed
n4: 5919952896 (page allocation syscalls) mmap/mremap/brk, --alloc-fns, etc.
 n1: 5473009664 0xC647B7C: __mmap64 (mmap64.c:58)
  n5: 5473009664 0xC647B7C: mmap (mmap64.c:46)
   n2: 2818572288 0xC5D45C6: alloc_new_heap (arena.c:405)
    n1: 2550136832 0xC5D58FB: sysmalloc (malloc.c:2395)
     n1: 2550136832 0xC5D6C17: _int_malloc (malloc.c:4334)
      n1: 2550136832 0xC5D6EED: __libc_malloc2 (malloc.c:3261)
       n1: 2550136832 0xC17E2FB: operator new(unsigned long) (new_op.cc:50)
        n1: 2550136832 0x46F3E0: std::__detail::_MakeUniq<std::array<Chunk, 7ul> >::__single_object std::make_unique<std::array<Chunk, 7ul>>() (unique_ptr.h:1105)
         n1: 2550136832 0x46E643: Chunk& ContiguousStorage<Chunk, 16777216ul, glm::vec<3, int, (glm::qualifier)0>, MathHelpers::glmVecLexicoGraphic<int, 3ul> >::emplace<World*, glm::vec<3, int, (glm::qualifier)0> const&, GenType&>(glm::vec<3, int, (glm::qualifier)0>, World*&&, glm::vec<3, int, (glm::qualifier)0> const&, GenType&) (Helpers.hpp:320)
          n1: 2550136832 0x46D041: World::addChunk(glm::vec<3, int, (glm::qualifier)0> const&) (World.cpp:27)
           n1: 2550136832 0x46DA55: World::generate(std::vector<glm::vec<3, float, (glm::qualifier)0>, std::allocator<glm::vec<3, float, (glm::qualifier)0> > > const&) (World.cpp:132)
            n1: 2550136832 0x46DB3A: World::selfUpdate(std::vector<glm::vec<3, float, (glm::qualifier)0>, std::allocator<glm::vec<3, float, (glm::qualifier)0> > > const&) (World.cpp:141)
             n1: 2550136832 0x401559: worldThread() (main.cpp:137)
              n1: 2550136832 0x460E7D: void std::__invoke_impl<void, void (*)()>(std::__invoke_other, void (*&&)()) (invoke.h:63)
               n1: 2550136832 0x460DC9: std::__invoke_result<void (*)()>::type std::__invoke<void (*)()>(void (*&&)()) (invoke.h:98)
                n1: 2550136832 0x460C81: void std::thread::_Invoker<std::tuple<void (*)()> >::_M_invoke<0ul>(std::_Index_tuple<0ul>) (std_thread.h:303)
                 n1: 2550136832 0x460BBB: std::thread::_Invoker<std::tuple<void (*)()> >::operator()() (std_thread.h:310)
                  n1: 2550136832 0x460B17: std::thread::_State_impl<std::thread::_Invoker<std::tuple<void (*)()> > >::_M_run() (std_thread.h:255)
                   n1: 2550136832 0xC1AF3B5: execute_native_thread_routine (thread.cc:105)
                    n1: 2550136832 0xC5C7758: start_thread (pthread_create.c:454)
                     n0: 2550136832 0xC64B733: clone (clone.S:100)
    n1: 268435456 0xC5D4A89: _int_new_arena (arena.c:637)
     n1: 268435456 0xC5D4A89: arena_get2 (arena.c:856)
      n1: 268435456 0xC5D4A89: arena_get2 (arena.c:817)
       n1: 268435456 0xC5D6F36: __libc_malloc2 (malloc.c:3259)
        n2: 268435456 0xC17E2FB: operator new(unsigned long) (new_op.cc:50)
         n1: 201326592 0x436996: std::__new_allocator<char>::allocate(unsigned long, void const*) (new_allocator.h:162)
          n1: 201326592 0x43E5F2: allocate (allocator.h:206)
           n1: 201326592 0x43E5F2: allocate (alloc_traits.h:638)
            n1: 201326592 0x43E5F2: std::_Vector_base<char, std::allocator<char> >::_M_allocate(unsigned long) (stl_vector.h:389)
             n1: 201326592 0x43B88C: std::_Vector_base<char, std::allocator<char> >::_M_create_storage(unsigned long) (stl_vector.h:407)
              n1: 201326592 0x437F12: std::_Vector_base<char, std::allocator<char> >::_Vector_base(unsigned long, std::allocator<char> const&) (stl_vector.h:341)
               n1: 201326592 0x4340BE: std::vector<char, std::allocator<char> >::vector(unsigned long, std::allocator<char> const&) (stl_vector.h:577)
                n1: 201326592 0x42FBF6: filewatch::FileWatch<std::__cxx11::basic_string<char, std::char_traits<char>, std::allocator<char> > >::monitor_directory() (FileWatch.hpp:617)
                 n1: 201326592 0x42A351: filewatch::FileWatch<std::__cxx11::basic_string<char, std::char_traits<char>, std::allocator<char> > >::init()::{lambda()#2}::operator()() const (FileWatch.hpp:349)
                  n1: 201326592 0x460E06: void std::__invoke_impl<void, filewatch::FileWatch<std::__cxx11::basic_string<char, std::char_traits<char>, std::allocator<char> > >::init()::{lambda()#2}>(std::__invoke_other, filewatch::FileWatch<std::__cxx11::basic_string<char, std::char_traits<char>, std::allocator<char> > >::init()::{lambda()#2}&&) (invoke.h:63)
                   n1: 201326592 0x460D1D: std::__invoke_result<filewatch::FileWatch<std::__cxx11::basic_string<char, std::char_traits<char>, std::allocator<char> > >::init()::{lambda()#2}>::type std::__invoke<filewatch::FileWatch<std::__cxx11::basic_string<char, std::char_traits<char>, std::allocator<char> > >::init()::{lambda()#2}>(filewatch::FileWatch<std::__cxx11::basic_string<char, std::char_traits<char>, std::allocator<char> > >::init()::{lambda()#2}&&) (invoke.h:98)
                    n1: 201326592 0x460C0F: void std::thread::_Invoker<std::tuple<filewatch::FileWatch<std::__cxx11::basic_string<char, std::char_traits<char>, std::allocator<char> > >::init()::{lambda()#2}> >::_M_invoke<0ul>(std::_Index_tuple<0ul>) (std_thread.h:303)
                     n1: 201326592 0x460B69: std::thread::_Invoker<std::tuple<filewatch::FileWatch<std::__cxx11::basic_string<char, std::char_traits<char>, std::allocator<char> > >::init()::{lambda()#2}> >::operator()() (std_thread.h:310)
                      n1: 201326592 0x460987: std::thread::_State_impl<std::thread::_Invoker<std::tuple<filewatch::FileWatch<std::__cxx11::basic_string<char, std::char_traits<char>, std::allocator<char> > >::init()::{lambda()#2}> > >::_M_run() (std_thread.h:255)
                       n1: 201326592 0xC1AF3B5: execute_native_thread_routine (thread.cc:105)
                        n1: 201326592 0xC5C7758: start_thread (pthread_create.c:454)
                         n0: 201326592 0xC64B733: clone (clone.S:100)
         n1: 67108864 0x43188E: std::__new_allocator<glm::vec<3, float, (glm::qualifier)0> >::allocate(unsigned long, void const*) (new_allocator.h:162)
          n1: 67108864 0x41EE5A: allocate (allocator.h:206)
           n1: 67108864 0x41EE5A: allocate (alloc_traits.h:638)
            n1: 67108864 0x41EE5A: std::_Vector_base<glm::vec<3, float, (glm::qualifier)0>, std::allocator<glm::vec<3, float, (glm::qualifier)0> > >::_M_allocate(unsigned long) (stl_vector.h:389)
             n1: 67108864 0x421E4D: glm::vec<3, float, (glm::qualifier)0>* std::vector<glm::vec<3, float, (glm::qualifier)0>, std::allocator<glm::vec<3, float, (glm::qualifier)0> > >::_M_allocate_and_copy<__gnu_cxx::__normal_iterator<glm::vec<3, float, (glm::qualifier)0> const*, std::vector<glm::vec<3, float, (glm::qualifier)0>, std::allocator<glm::vec<3, float, (glm::qualifier)0> > > > >(unsigned long, __gnu_cxx::__normal_iterator<glm::vec<3, float, (glm::qualifier)0> const*, std::vector<glm::vec<3, float, (glm::qualifier)0>, std::allocator<glm::vec<3, float, (glm::qualifier)0> > > >, __gnu_cxx::__normal_iterator<glm::vec<3, float, (glm::qualifier)0> const*, std::vector<glm::vec<3, float, (glm::qualifier)0>, std::allocator<glm::vec<3, float, (glm::qualifier)0> > > >) (stl_vector.h:1900)
              n1: 67108864 0x418DC7: std::vector<glm::vec<3, float, (glm::qualifier)0>, std::allocator<glm::vec<3, float, (glm::qualifier)0> > >::operator=(std::vector<glm::vec<3, float, (glm::qualifier)0>, std::allocator<glm::vec<3, float, (glm::qualifier)0> > > const&) (vector.tcc:242)
               n1: 67108864 0x401482: worldThread() (main.cpp:123)
                n1: 67108864 0x460E7D: void std::__invoke_impl<void, void (*)()>(std::__invoke_other, void (*&&)()) (invoke.h:63)
                 n1: 67108864 0x460DC9: std::__invoke_result<void (*)()>::type std::__invoke<void (*)()>(void (*&&)()) (invoke.h:98)
                  n1: 67108864 0x460C81: void std::thread::_Invoker<std::tuple<void (*)()> >::_M_invoke<0ul>(std::_Index_tuple<0ul>) (std_thread.h:303)
                   n1: 67108864 0x460BBB: std::thread::_Invoker<std::tuple<void (*)()> >::operator()() (std_thread.h:310)
                    n1: 67108864 0x460B17: std::thread::_State_impl<std::thread::_Invoker<std::tuple<void (*)()> > >::_M_run() (std_thread.h:255)
                     n1: 67108864 0xC1AF3B5: execute_native_thread_routine (thread.cc:105)
                      n1: 67108864 0xC5C7758: start_thread (pthread_create.c:454)
                       n0: 67108864 0xC64B733: clone (clone.S:100)
   n2: 2214592512 0xC5D44D5: alloc_new_heap (arena.c:395)
    n1: 2147483648 0xC5D58FB: sysmalloc (malloc.c:2395)
     n1: 2147483648 0xC5D6C17: _int_malloc (malloc.c:4334)
      n1: 2147483648 0xC5D6EED: __libc_malloc2 (malloc.c:3261)
       n1: 2147483648 0xC17E2FB: operator new(unsigned long) (new_op.cc:50)
        n1: 2147483648 0x46F3E0: std::__detail::_MakeUniq<std::array<Chunk, 7ul> >::__single_object std::make_unique<std::array<Chunk, 7ul>>() (unique_ptr.h:1105)
         n1: 2147483648 0x46E643: Chunk& ContiguousStorage<Chunk, 16777216ul, glm::vec<3, int, (glm::qualifier)0>, MathHelpers::glmVecLexicoGraphic<int, 3ul> >::emplace<World*, glm::vec<3, int, (glm::qualifier)0> const&, GenType&>(glm::vec<3, int, (glm::qualifier)0>, World*&&, glm::vec<3, int, (glm::qualifier)0> const&, GenType&) (Helpers.hpp:320)
          n1: 2147483648 0x46D041: World::addChunk(glm::vec<3, int, (glm::qualifier)0> const&) (World.cpp:27)
           n1: 2147483648 0x46DA55: World::generate(std::vector<glm::vec<3, float, (glm::qualifier)0>, std::allocator<glm::vec<3, float, (glm::qualifier)0> > > const&) (World.cpp:132)
            n1: 2147483648 0x46DB3A: World::selfUpdate(std::vector<glm::vec<3, float, (glm::qualifier)0>, std::allocator<glm::vec<3, float, (glm::qualifier)0> > > const&) (World.cpp:141)
             n1: 2147483648 0x401559: worldThread() (main.cpp:137)
              n1: 2147483648 0x460E7D: void std::__invoke_impl<void, void (*)()>(std::__invoke_other, void (*&&)()) (invoke.h:63)
               n1: 2147483648 0x460DC9: std::__invoke_result<void (*)()>::type std::__invoke<void (*)()>(void (*&&)()) (invoke.h:98)
                n1: 2147483648 0x460C81: void std::thread::_Invoker<std::tuple<void (*)()> >::_M_invoke<0ul>(std::_Index_tuple<0ul>) (std_thread.h:303)
                 n1: 2147483648 0x460BBB: std::thread::_Invoker<std::tuple<void (*)()> >::operator()() (std_thread.h:310)
                  n1: 2147483648 0x460B17: std::thread::_State_impl<std::thread::_Invoker<std::tuple<void (*)()> > >::_M_run() (std_thread.h:255)
                   n1: 2147483648 0xC1AF3B5: execute_native_thread_routine (thread.cc:105)
                    n1: 2147483648 0xC5C7758: start_thread (pthread_create.c:454)
                     n0: 2147483648 0xC64B733: clone (clone.S:100)
    n1: 67108864 0xC5D4A89: _int_new_arena (arena.c:637)
     n1: 67108864 0xC5D4A89: arena_get2 (arena.c:856)
      n1: 67108864 0xC5D4A89: arena_get2 (arena.c:817)
       n1: 67108864 0xC5D6F36: __libc_malloc2 (malloc.c:3259)
        n1: 67108864 0xC17E2FB: operator new(unsigned long) (new_op.cc:50)
         n1: 67108864 0x436996: std::__new_allocator<char>::allocate(unsigned long, void const*) (new_allocator.h:162)
          n1: 67108864 0x43E5F2: allocate (allocator.h:206)
           n1: 67108864 0x43E5F2: allocate (alloc_traits.h:638)
            n1: 67108864 0x43E5F2: std::_Vector_base<char, std::allocator<char> >::_M_allocate(unsigned long) (stl_vector.h:389)
             n1: 67108864 0x43B88C: std::_Vector_base<char, std::allocator<char> >::_M_create_storage(unsigned long) (stl_vector.h:407)
              n1: 67108864 0x437F12: std::_Vector_base<char, std::allocator<char> >::_Vector_base(unsigned long, std::allocator<char> const&) (stl_vector.h:341)
               n1: 67108864 0x4340BE: std::vector<char, std::allocator<char> >::vector(unsigned long, std::allocator<char> const&) (stl_vector.h:577)
                n1: 67108864 0x42FBF6: filewatch::FileWatch<std::__cxx11::basic_string<char, std::char_traits<char>, std::allocator<char> > >::monitor_directory() (FileWatch.hpp:617)
                 n1: 67108864 0x42A351: filewatch::FileWatch<std::__cxx11::basic_string<char, std::char_traits<char>, std::allocator<char> > >::init()::{lambda()#2}::operator()() const (FileWatch.hpp:349)
                  n1: 67108864 0x460E06: void std::__invoke_impl<void, filewatch::FileWatch<std::__cxx11::basic_string<char, std::char_traits<char>, std::allocator<char> > >::init()::{lambda()#2}>(std::__invoke_other, filewatch::FileWatch<std::__cxx11::basic_string<char, std::char_traits<char>, std::allocator<char> > >::init()::{lambda()#2}&&) (invoke.h:63)
                   n1: 67108864 0x460D1D: std::__invoke_result<filewatch::FileWatch<std::__cxx11::basic_string<char, std::char_traits<char>, std::allocator<char> > >::init()::{lambda()#2}>::type std::__invoke<filewatch::FileWatch<std::__cxx11::basic_string<char, std::char_traits<char>, std::allocator<char> > >::init()::{lambda()#2}>(filewatch::FileWatch<std::__cxx11::basic_string<char, std::char_traits<char>, std::allocator<char> > >::init()::{lambda()#2}&&) (invoke.h:98)
                    n1: 67108864 0x460C0F: void std::thread::_Invoker<std::tuple<filewatch::FileWatch<std::__cxx11::basic_string<char, std::char_traits<char>, std::allocator<char> > >::init()::{lambda()#2}> >::_M_invoke<0ul>(std::_Index_tuple<0ul>) (std_thread.h:303)
                     n1: 67108864 0x460B69: std::thread::_Invoker<std::tuple<filewatch::FileWatch<std::__cxx11::basic_string<char, std::char_traits<char>, std::allocator<char> > >::init()::{lambda()#2}> >::operator()() (std_thread.h:310)
                      n1: 67108864 0x460987: std::thread::_State_impl<std::thread::_Invoker<std::tuple<filewatch::FileWatch<std::__cxx11::basic_string<char, std::char_traits<char>, std::allocator<char> > >::init()::{lambda()#2}> > >::_M_run() (std_thread.h:255)
                       n1: 67108864 0xC1AF3B5: execute_native_thread_routine (thread.cc:105)
                        n1: 67108864 0xC5C7758: start_thread (pthread_create.c:454)
                         n0: 67108864 0xC64B733: clone (clone.S:100)
   n1: 321540096 0xC5D5CBD: sysmalloc_mmap_fallback (malloc.c:2289)
    n1: 321540096 0xC5D5CBD: sysmalloc (malloc.c:2501)
     n2: 321540096 0xC5D6C17: _int_malloc (malloc.c:4334)
      n2: 274862080 0xC5D6EED: __libc_malloc2 (malloc.c:3261)
       n1: 266473472 0xD46AD81: ??? (in /usr/lib64/libnvidia-glcore.so.595.71.05)
        n2: 266473472 0xD1D01EA: ??? (in /usr/lib64/libnvidia-glcore.so.595.71.05)
         n1: 249561088 0xD1B3595: ??? (in /usr/lib64/libnvidia-glcore.so.595.71.05)
          n2: 249561088 0xD1B3AC1: ??? (in /usr/lib64/libnvidia-glcore.so.595.71.05)
           n1: 203423744 0x473BE0: ChunkRenderer::updateShaderData(glm::vec<3, float, (glm::qualifier)0> const&) (Chunk.cpp:360)
            n1: 203423744 0x4615E9: WorldRenderer::renderChunks(ShaderProgram&, Camera::Frustum const&, glm::vec<3, float, (glm::qualifier)0> const&)::{lambda(ChunkRenderer&)#1}::operator()(ChunkRenderer&) const (WorldRenderer.cpp:64)
             n1: 203423744 0x463438: void std::__invoke_impl<void, WorldRenderer::renderChunks(ShaderProgram&, Camera::Frustum const&, glm::vec<3, float, (glm::qualifier)0> const&)::{lambda(ChunkRenderer&)#1}&, ChunkRenderer&>(std::__invoke_other, WorldRenderer::renderChunks(ShaderProgram&, Camera::Frustum const&, glm::vec<3, float, (glm::qualifier)0> const&)::{lambda(ChunkRenderer&)#1}&, ChunkRenderer&) (invoke.h:63)
              n1: 203423744 0x462F22: std::enable_if<is_invocable_r_v<void, WorldRenderer::renderChunks(ShaderProgram&, Camera::Frustum const&, glm::vec<3, float, (glm::qualifier)0> const&)::{lambda(ChunkRenderer&)#1}&, ChunkRenderer&>, void>::type std::__invoke_r<void, WorldRenderer::renderChunks(ShaderProgram&, Camera::Frustum const&, glm::vec<3, float, (glm::qualifier)0> const&)::{lambda(ChunkRenderer&)#1}&, ChunkRenderer&>(WorldRenderer::renderChunks(ShaderProgram&, Camera::Frustum const&, glm::vec<3, float, (glm::qualifier)0> const&)::{lambda(ChunkRenderer&)#1}&, ChunkRenderer&) (invoke.h:113)
               n1: 203423744 0x462A7C: std::_Function_handler<void (ChunkRenderer&), WorldRenderer::renderChunks(ShaderProgram&, Camera::Frustum const&, glm::vec<3, float, (glm::qualifier)0> const&)::{lambda(ChunkRenderer&)#1}>::_M_invoke(std::_Any_data const&, ChunkRenderer&) (std_function.h:295)
                n1: 203423744 0x466E80: std::function<void (ChunkRenderer&)>::operator()(ChunkRenderer&) const (std_function.h:581)
                 n1: 203423744 0x4652BB: ContiguousStorage<ChunkRenderer, 784ul, glm::vec<3, int, (glm::qualifier)0>, MathHelpers::glmVecLexicoGraphic<int, 3ul> >::forEach(std::function<void (ChunkRenderer&)>) (Helpers.hpp:383)
                  n1: 203423744 0x461A9A: WorldRenderer::renderChunks(ShaderProgram&, Camera::Frustum const&, glm::vec<3, float, (glm::qualifier)0> const&) (WorldRenderer.cpp:59)
                   n0: 203423744 0x40317E: main (main.cpp:422)
           n0: 46137344 in 2 places, all below massif's threshold (1.00%)
         n0: 16912384 in 1 place, below massif's threshold (1.00%)
       n0: 8388608 in 1 place, below massif's threshold (1.00%)
      n0: 46678016 in 1 place, below massif's threshold (1.00%)
   n1: 75534336 0xC5C8410: allocate_thread_stack (allocatestack.c:169)
    n1: 75534336 0xC5C8410: allocate_stack (allocatestack.c:508)
     n1: 75534336 0xC5C8410: pthread_create@@GLIBC_2.34 (pthread_create.c:680)
      n1: 75534336 0xC1AF488: __gthread_create (gthr-default.h:709)
       n1: 75534336 0xC1AF488: std::thread::_M_start_thread(std::unique_ptr<std::thread::_State, std::default_delete<std::thread::_State> >, void (*)()) (thread.cc:173)
        n0: 75534336 in 3 places, all below massif's threshold (1.00%)
   n0: 42770432 in 7 places, all below massif's threshold (1.00%)
 n1: 254623744 0xB34F85C: __mmap64 (mmap64.c:58)
  n3: 254623744 0xB34F85C: mmap (mmap64.c:46)
   n1: 152305664 0xB332822: _dl_map_segment (dl-map-segments.h:30)
    n1: 152305664 0xB332822: _dl_map_segments (dl-map-segments.h:102)
     n1: 152305664 0xB332822: _dl_map_object_from_fd (dl-load.c:1259)
      n2: 152305664 0xB334008: _dl_map_new_object (dl-load.c:2187)
       n1: 149884928 0xB32DABC: openaux (dl-deps.c:64)
        n1: 149884928 0xB32C728: _dl_catch_exception (dl-catch.c:241)
         n2: 149884928 0xB32DEEE: _dl_map_object_deps (dl-deps.c:232)
          n1: 136835072 0xB337FCF: dl_open_worker_begin (dl-open.c:609)
           n1: 136835072 0xB32C728: _dl_catch_exception (dl-catch.c:241)
            n1: 136835072 0xB337542: dl_open_worker (dl-open.c:762)
             n1: 136835072 0xB32C728: _dl_catch_exception (dl-catch.c:241)
              n1: 136835072 0xB337AA9: _dl_open (dl-open.c:900)
               n1: 136835072 0xC5C3C03: dlopen_doit (dlopen.c:56)
                n1: 136835072 0xB32C728: _dl_catch_exception (dl-catch.c:241)
                 n1: 136835072 0xB32C878: _dl_catch_error (dl-catch.c:260)
                  n1: 136835072 0xC5C36F2: _dlerror_run (dlerror.c:138)
                   n1: 136835072 0xC5C3CBA: dlopen_implementation (dlopen.c:71)
                    n2: 136835072 0xC5C3CBA: dlopen@@GLIBC_2.34 (dlopen.c:81)
                     n1: 135471104 0xBEF6F63: __glXLookupVendorByName.part.0 (libglxmapping.c:428)
                      n1: 135471104 0xBEF7D19: __glXLookupVendorByName (libglxmapping.c:391)
                       n1: 135471104 0xBEF7D19: __glXLookupVendorByScreen.part.0 (libglxmapping.c:572)
                        n1: 135471104 0xBEF8CB1: __glXLookupVendorByScreen (libglxmapping.c:524)
                         n1: 135471104 0xBEF8CB1: __glXGetDynDispatch (libglxmapping.c:610)
                          n1: 135471104 0xBEF8CB1: glXQueryExtensionsString (libglx.c:1473)
                           n1: 135471104 0xC0EB7AC: extensionSupportedGLX (in /home/leo/Cours/S8/HAI819I_moteur_jeux/build/external/glfw/src/libglfw.so.3.4)
                            n1: 135471104 0xC0EBEEA: _glfwInitGLX (in /home/leo/Cours/S8/HAI819I_moteur_jeux/build/external/glfw/src/libglfw.so.3.4)
                             n1: 135471104 0xC0E79BE: _glfwCreateWindowX11 (in /home/leo/Cours/S8/HAI819I_moteur_jeux/build/external/glfw/src/libglfw.so.3.4)
                              n1: 135471104 0xC0D374D: glfwCreateWindow (in /home/leo/Cours/S8/HAI819I_moteur_jeux/build/external/glfw/src/libglfw.so.3.4)
                               n1: 135471104 0x40A1A7: Window::init() (Window.hpp:241)
                                n1: 135471104 0x4012FC: globalInit(Window&) (main.cpp:53)
                                 n0: 135471104 0x401CE1: main (main.cpp:166)
                     n0: 1363968 in 2 places, all below massif's threshold (1.00%)
          n0: 13049856 in 1 place, below massif's threshold (1.00%)
       n0: 2420736 in 2 places, all below massif's threshold (1.00%)
   n1: 100982784 0xB332974: _dl_map_segments (dl-map-segments.h:140)
    n1: 100982784 0xB332974: _dl_map_object_from_fd (dl-load.c:1259)
     n2: 100982784 0xB334008: _dl_map_new_object (dl-load.c:2187)
      n1: 99446784 0xB32DABC: openaux (dl-deps.c:64)
       n1: 99446784 0xB32C728: _dl_catch_exception (dl-catch.c:241)
        n2: 99446784 0xB32DEEE: _dl_map_object_deps (dl-deps.c:232)
         n1: 93831168 0xB337FCF: dl_open_worker_begin (dl-open.c:609)
          n1: 93831168 0xB32C728: _dl_catch_exception (dl-catch.c:241)
           n1: 93831168 0xB337542: dl_open_worker (dl-open.c:762)
            n1: 93831168 0xB32C728: _dl_catch_exception (dl-catch.c:241)
             n1: 93831168 0xB337AA9: _dl_open (dl-open.c:900)
              n1: 93831168 0xC5C3C03: dlopen_doit (dlopen.c:56)
               n1: 93831168 0xB32C728: _dl_catch_exception (dl-catch.c:241)
                n1: 93831168 0xB32C878: _dl_catch_error (dl-catch.c:260)
                 n1: 93831168 0xC5C36F2: _dlerror_run (dlerror.c:138)
                  n1: 93831168 0xC5C3CBA: dlopen_implementation (dlopen.c:71)
                   n2: 93831168 0xC5C3CBA: dlopen@@GLIBC_2.34 (dlopen.c:81)
                    n1: 93372416 0xBEF6F63: __glXLookupVendorByName.part.0 (libglxmapping.c:428)
                     n1: 93372416 0xBEF7D19: __glXLookupVendorByName (libglxmapping.c:391)
                      n1: 93372416 0xBEF7D19: __glXLookupVendorByScreen.part.0 (libglxmapping.c:572)
                       n1: 93372416 0xBEF8CB1: __glXLookupVendorByScreen (libglxmapping.c:524)
                        n1: 93372416 0xBEF8CB1: __glXGetDynDispatch (libglxmapping.c:610)
                         n1: 93372416 0xBEF8CB1: glXQueryExtensionsString (libglx.c:1473)
                          n1: 93372416 0xC0EB7AC: extensionSupportedGLX (in /home/leo/Cours/S8/HAI819I_moteur_jeux/build/external/glfw/src/libglfw.so.3.4)
                           n1: 93372416 0xC0EBEEA: _glfwInitGLX (in /home/leo/Cours/S8/HAI819I_moteur_jeux/build/external/glfw/src/libglfw.so.3.4)
                            n1: 93372416 0xC0E79BE: _glfwCreateWindowX11 (in /home/leo/Cours/S8/HAI819I_moteur_jeux/build/external/glfw/src/libglfw.so.3.4)
                             n1: 93372416 0xC0D374D: glfwCreateWindow (in /home/leo/Cours/S8/HAI819I_moteur_jeux/build/external/glfw/src/libglfw.so.3.4)
                              n1: 93372416 0x40A1A7: Window::init() (Window.hpp:241)
                               n1: 93372416 0x4012FC: globalInit(Window&) (main.cpp:53)
                                n0: 93372416 0x401CE1: main (main.cpp:166)
                    n0: 458752 in 2 places, all below massif's threshold (1.00%)
         n0: 5615616 in 1 place, below massif's threshold (1.00%)
      n0: 1536000 in 2 places, all below massif's threshold (1.00%)
   n0: 1335296 in 3 places, all below massif's threshold (1.00%)
 n0: 183943168 0x0: ???
 n0: 8376320 in 3 places, all below massif's threshold (1.00%)
#-----------
snapshot=72
#-----------
time=232745617049
mem_heap_B=6054170624
mem_heap_extra_B=0
mem_stacks_B=0
heap_tree=empty
#-----------
snapshot=73
#-----------
time=232745617071
mem_heap_B=6054170624
mem_heap_extra_B=0
mem_stacks_B=0
heap_tree=detailed
n4: 6054170624 (page allocation syscalls) mmap/mremap/brk, --alloc-fns, etc.
 n1: 5607227392 0xC647B7C: __mmap64 (mmap64.c:58)
  n5: 5607227392 0xC647B7C: mmap (mmap64.c:46)
   n2: 2885681152 0xC5D45C6: alloc_new_heap (arena.c:405)
    n1: 2617245696 0xC5D58FB: sysmalloc (malloc.c:2395)
     n1: 2617245696 0xC5D6C17: _int_malloc (malloc.c:4334)
      n1: 2617245696 0xC5D6EED: __libc_malloc2 (malloc.c:3261)
       n1: 2617245696 0xC17E2FB: operator new(unsigned long) (new_op.cc:50)
        n1: 2617245696 0x46F3E0: std::__detail::_MakeUniq<std::array<Chunk, 7ul> >::__single_object std::make_unique<std::array<Chunk, 7ul>>() (unique_ptr.h:1105)
         n1: 2617245696 0x46E643: Chunk& ContiguousStorage<Chunk, 16777216ul, glm::vec<3, int, (glm::qualifier)0>, MathHelpers::glmVecLexicoGraphic<int, 3ul> >::emplace<World*, glm::vec<3, int, (glm::qualifier)0> const&, GenType&>(glm::vec<3, int, (glm::qualifier)0>, World*&&, glm::vec<3, int, (glm::qualifier)0> const&, GenType&) (Helpers.hpp:320)
          n1: 2617245696 0x46D041: World::addChunk(glm::vec<3, int, (glm::qualifier)0> const&) (World.cpp:27)
           n1: 2617245696 0x46DA55: World::generate(std::vector<glm::vec<3, float, (glm::qualifier)0>, std::allocator<glm::vec<3, float, (glm::qualifier)0> > > const&) (World.cpp:132)
            n1: 2617245696 0x46DB3A: World::selfUpdate(std::vector<glm::vec<3, float, (glm::qualifier)0>, std::allocator<glm::vec<3, float, (glm::qualifier)0> > > const&) (World.cpp:141)
             n1: 2617245696 0x401559: worldThread() (main.cpp:137)
              n1: 2617245696 0x460E7D: void std::__invoke_impl<void, void (*)()>(std::__invoke_other, void (*&&)()) (invoke.h:63)
               n1: 2617245696 0x460DC9: std::__invoke_result<void (*)()>::type std::__invoke<void (*)()>(void (*&&)()) (invoke.h:98)
                n1: 2617245696 0x460C81: void std::thread::_Invoker<std::tuple<void (*)()> >::_M_invoke<0ul>(std::_Index_tuple<0ul>) (std_thread.h:303)
                 n1: 2617245696 0x460BBB: std::thread::_Invoker<std::tuple<void (*)()> >::operator()() (std_thread.h:310)
                  n1: 2617245696 0x460B17: std::thread::_State_impl<std::thread::_Invoker<std::tuple<void (*)()> > >::_M_run() (std_thread.h:255)
                   n1: 2617245696 0xC1AF3B5: execute_native_thread_routine (thread.cc:105)
                    n1: 2617245696 0xC5C7758: start_thread (pthread_create.c:454)
                     n0: 2617245696 0xC64B733: clone (clone.S:100)
    n1: 268435456 0xC5D4A89: _int_new_arena (arena.c:637)
     n1: 268435456 0xC5D4A89: arena_get2 (arena.c:856)
      n1: 268435456 0xC5D4A89: arena_get2 (arena.c:817)
       n1: 268435456 0xC5D6F36: __libc_malloc2 (malloc.c:3259)
        n2: 268435456 0xC17E2FB: operator new(unsigned long) (new_op.cc:50)
         n1: 201326592 0x436996: std::__new_allocator<char>::allocate(unsigned long, void const*) (new_allocator.h:162)
          n1: 201326592 0x43E5F2: allocate (allocator.h:206)
           n1: 201326592 0x43E5F2: allocate (alloc_traits.h:638)
            n1: 201326592 0x43E5F2: std::_Vector_base<char, std::allocator<char> >::_M_allocate(unsigned long) (stl_vector.h:389)
             n1: 201326592 0x43B88C: std::_Vector_base<char, std::allocator<char> >::_M_create_storage(unsigned long) (stl_vector.h:407)
              n1: 201326592 0x437F12: std::_Vector_base<char, std::allocator<char> >::_Vector_base(unsigned long, std::allocator<char> const&) (stl_vector.h:341)
               n1: 201326592 0x4340BE: std::vector<char, std::allocator<char> >::vector(unsigned long, std::allocator<char> const&) (stl_vector.h:577)
                n1: 201326592 0x42FBF6: filewatch::FileWatch<std::__cxx11::basic_string<char, std::char_traits<char>, std::allocator<char> > >::monitor_directory() (FileWatch.hpp:617)
                 n1: 201326592 0x42A351: filewatch::FileWatch<std::__cxx11::basic_string<char, std::char_traits<char>, std::allocator<char> > >::init()::{lambda()#2}::operator()() const (FileWatch.hpp:349)
                  n1: 201326592 0x460E06: void std::__invoke_impl<void, filewatch::FileWatch<std::__cxx11::basic_string<char, std::char_traits<char>, std::allocator<char> > >::init()::{lambda()#2}>(std::__invoke_other, filewatch::FileWatch<std::__cxx11::basic_string<char, std::char_traits<char>, std::allocator<char> > >::init()::{lambda()#2}&&) (invoke.h:63)
                   n1: 201326592 0x460D1D: std::__invoke_result<filewatch::FileWatch<std::__cxx11::basic_string<char, std::char_traits<char>, std::allocator<char> > >::init()::{lambda()#2}>::type std::__invoke<filewatch::FileWatch<std::__cxx11::basic_string<char, std::char_traits<char>, std::allocator<char> > >::init()::{lambda()#2}>(filewatch::FileWatch<std::__cxx11::basic_string<char, std::char_traits<char>, std::allocator<char> > >::init()::{lambda()#2}&&) (invoke.h:98)
                    n1: 201326592 0x460C0F: void std::thread::_Invoker<std::tuple<filewatch::FileWatch<std::__cxx11::basic_string<char, std::char_traits<char>, std::allocator<char> > >::init()::{lambda()#2}> >::_M_invoke<0ul>(std::_Index_tuple<0ul>) (std_thread.h:303)
                     n1: 201326592 0x460B69: std::thread::_Invoker<std::tuple<filewatch::FileWatch<std::__cxx11::basic_string<char, std::char_traits<char>, std::allocator<char> > >::init()::{lambda()#2}> >::operator()() (std_thread.h:310)
                      n1: 201326592 0x460987: std::thread::_State_impl<std::thread::_Invoker<std::tuple<filewatch::FileWatch<std::__cxx11::basic_string<char, std::char_traits<char>, std::allocator<char> > >::init()::{lambda()#2}> > >::_M_run() (std_thread.h:255)
                       n1: 201326592 0xC1AF3B5: execute_native_thread_routine (thread.cc:105)
                        n1: 201326592 0xC5C7758: start_thread (pthread_create.c:454)
                         n0: 201326592 0xC64B733: clone (clone.S:100)
         n1: 67108864 0x43188E: std::__new_allocator<glm::vec<3, float, (glm::qualifier)0> >::allocate(unsigned long, void const*) (new_allocator.h:162)
          n1: 67108864 0x41EE5A: allocate (allocator.h:206)
           n1: 67108864 0x41EE5A: allocate (alloc_traits.h:638)
            n1: 67108864 0x41EE5A: std::_Vector_base<glm::vec<3, float, (glm::qualifier)0>, std::allocator<glm::vec<3, float, (glm::qualifier)0> > >::_M_allocate(unsigned long) (stl_vector.h:389)
             n1: 67108864 0x421E4D: glm::vec<3, float, (glm::qualifier)0>* std::vector<glm::vec<3, float, (glm::qualifier)0>, std::allocator<glm::vec<3, float, (glm::qualifier)0> > >::_M_allocate_and_copy<__gnu_cxx::__normal_iterator<glm::vec<3, float, (glm::qualifier)0> const*, std::vector<glm::vec<3, float, (glm::qualifier)0>, std::allocator<glm::vec<3, float, (glm::qualifier)0> > > > >(unsigned long, __gnu_cxx::__normal_iterator<glm::vec<3, float, (glm::qualifier)0> const*, std::vector<glm::vec<3, float, (glm::qualifier)0>, std::allocator<glm::vec<3, float, (glm::qualifier)0> > > >, __gnu_cxx::__normal_iterator<glm::vec<3, float, (glm::qualifier)0> const*, std::vector<glm::vec<3, float, (glm::qualifier)0>, std::allocator<glm::vec<3, float, (glm::qualifier)0> > > >) (stl_vector.h:1900)
              n1: 67108864 0x418DC7: std::vector<glm::vec<3, float, (glm::qualifier)0>, std::allocator<glm::vec<3, float, (glm::qualifier)0> > >::operator=(std::vector<glm::vec<3, float, (glm::qualifier)0>, std::allocator<glm::vec<3, float, (glm::qualifier)0> > > const&) (vector.tcc:242)
               n1: 67108864 0x401482: worldThread() (main.cpp:123)
                n1: 67108864 0x460E7D: void std::__invoke_impl<void, void (*)()>(std::__invoke_other, void (*&&)()) (invoke.h:63)
                 n1: 67108864 0x460DC9: std::__invoke_result<void (*)()>::type std::__invoke<void (*)()>(void (*&&)()) (invoke.h:98)
                  n1: 67108864 0x460C81: void std::thread::_Invoker<std::tuple<void (*)()> >::_M_invoke<0ul>(std::_Index_tuple<0ul>) (std_thread.h:303)
                   n1: 67108864 0x460BBB: std::thread::_Invoker<std::tuple<void (*)()> >::operator()() (std_thread.h:310)
                    n1: 67108864 0x460B17: std::thread::_State_impl<std::thread::_Invoker<std::tuple<void (*)()> > >::_M_run() (std_thread.h:255)
                     n1: 67108864 0xC1AF3B5: execute_native_thread_routine (thread.cc:105)
                      n1: 67108864 0xC5C7758: start_thread (pthread_create.c:454)
                       n0: 67108864 0xC64B733: clone (clone.S:100)
   n2: 2281701376 0xC5D44D5: alloc_new_heap (arena.c:395)
    n1: 2214592512 0xC5D58FB: sysmalloc (malloc.c:2395)
     n1: 2214592512 0xC5D6C17: _int_malloc (malloc.c:4334)
      n1: 2214592512 0xC5D6EED: __libc_malloc2 (malloc.c:3261)
       n1: 2214592512 0xC17E2FB: operator new(unsigned long) (new_op.cc:50)
        n1: 2214592512 0x46F3E0: std::__detail::_MakeUniq<std::array<Chunk, 7ul> >::__single_object std::make_unique<std::array<Chunk, 7ul>>() (unique_ptr.h:1105)
         n1: 2214592512 0x46E643: Chunk& ContiguousStorage<Chunk, 16777216ul, glm::vec<3, int, (glm::qualifier)0>, MathHelpers::glmVecLexicoGraphic<int, 3ul> >::emplace<World*, glm::vec<3, int, (glm::qualifier)0> const&, GenType&>(glm::vec<3, int, (glm::qualifier)0>, World*&&, glm::vec<3, int, (glm::qualifier)0> const&, GenType&) (Helpers.hpp:320)
          n1: 2214592512 0x46D041: World::addChunk(glm::vec<3, int, (glm::qualifier)0> const&) (World.cpp:27)
           n1: 2214592512 0x46DA55: World::generate(std::vector<glm::vec<3, float, (glm::qualifier)0>, std::allocator<glm::vec<3, float, (glm::qualifier)0> > > const&) (World.cpp:132)
            n1: 2214592512 0x46DB3A: World::selfUpdate(std::vector<glm::vec<3, float, (glm::qualifier)0>, std::allocator<glm::vec<3, float, (glm::qualifier)0> > > const&) (World.cpp:141)
             n1: 2214592512 0x401559: worldThread() (main.cpp:137)
              n1: 2214592512 0x460E7D: void std::__invoke_impl<void, void (*)()>(std::__invoke_other, void (*&&)()) (invoke.h:63)
               n1: 2214592512 0x460DC9: std::__invoke_result<void (*)()>::type std::__invoke<void (*)()>(void (*&&)()) (invoke.h:98)
                n1: 2214592512 0x460C81: void std::thread::_Invoker<std::tuple<void (*)()> >::_M_invoke<0ul>(std::_Index_tuple<0ul>) (std_thread.h:303)
                 n1: 2214592512 0x460BBB: std::thread::_Invoker<std::tuple<void (*)()> >::operator()() (std_thread.h:310)
                  n1: 2214592512 0x460B17: std::thread::_State_impl<std::thread::_Invoker<std::tuple<void (*)()> > >::_M_run() (std_thread.h:255)
                   n1: 2214592512 0xC1AF3B5: execute_native_thread_routine (thread.cc:105)
                    n1: 2214592512 0xC5C7758: start_thread (pthread_create.c:454)
                     n0: 2214592512 0xC64B733: clone (clone.S:100)
    n1: 67108864 0xC5D4A89: _int_new_arena (arena.c:637)
     n1: 67108864 0xC5D4A89: arena_get2 (arena.c:856)
      n1: 67108864 0xC5D4A89: arena_get2 (arena.c:817)
       n1: 67108864 0xC5D6F36: __libc_malloc2 (malloc.c:3259)
        n1: 67108864 0xC17E2FB: operator new(unsigned long) (new_op.cc:50)
         n1: 67108864 0x436996: std::__new_allocator<char>::allocate(unsigned long, void const*) (new_allocator.h:162)
          n1: 67108864 0x43E5F2: allocate (allocator.h:206)
           n1: 67108864 0x43E5F2: allocate (alloc_traits.h:638)
            n1: 67108864 0x43E5F2: std::_Vector_base<char, std::allocator<char> >::_M_allocate(unsigned long) (stl_vector.h:389)
             n1: 67108864 0x43B88C: std::_Vector_base<char, std::allocator<char> >::_M_create_storage(unsigned long) (stl_vector.h:407)
              n1: 67108864 0x437F12: std::_Vector_base<char, std::allocator<char> >::_Vector_base(unsigned long, std::allocator<char> const&) (stl_vector.h:341)
               n1: 67108864 0x4340BE: std::vector<char, std::allocator<char> >::vector(unsigned long, std::allocator<char> const&) (stl_vector.h:577)
                n1: 67108864 0x42FBF6: filewatch::FileWatch<std::__cxx11::basic_string<char, std::char_traits<char>, std::allocator<char> > >::monitor_directory() (FileWatch.hpp:617)
                 n1: 67108864 0x42A351: filewatch::FileWatch<std::__cxx11::basic_string<char, std::char_traits<char>, std::allocator<char> > >::init()::{lambda()#2}::operator()() const (FileWatch.hpp:349)
                  n1: 67108864 0x460E06: void std::__invoke_impl<void, filewatch::FileWatch<std::__cxx11::basic_string<char, std::char_traits<char>, std::allocator<char> > >::init()::{lambda()#2}>(std::__invoke_other, filewatch::FileWatch<std::__cxx11::basic_string<char, std::char_traits<char>, std::allocator<char> > >::init()::{lambda()#2}&&) (invoke.h:63)
                   n1: 67108864 0x460D1D: std::__invoke_result<filewatch::FileWatch<std::__cxx11::basic_string<char, std::char_traits<char>, std::allocator<char> > >::init()::{lambda()#2}>::type std::__invoke<filewatch::FileWatch<std::__cxx11::basic_string<char, std::char_traits<char>, std::allocator<char> > >::init()::{lambda()#2}>(filewatch::FileWatch<std::__cxx11::basic_string<char, std::char_traits<char>, std::allocator<char> > >::init()::{lambda()#2}&&) (invoke.h:98)
                    n1: 67108864 0x460C0F: void std::thread::_Invoker<std::tuple<filewatch::FileWatch<std::__cxx11::basic_string<char, std::char_traits<char>, std::allocator<char> > >::init()::{lambda()#2}> >::_M_invoke<0ul>(std::_Index_tuple<0ul>) (std_thread.h:303)
                     n1: 67108864 0x460B69: std::thread::_Invoker<std::tuple<filewatch::FileWatch<std::__cxx11::basic_string<char, std::char_traits<char>, std::allocator<char> > >::init()::{lambda()#2}> >::operator()() (std_thread.h:310)
                      n1: 67108864 0x460987: std::thread::_State_impl<std::thread::_Invoker<std::tuple<filewatch::FileWatch<std::__cxx11::basic_string<char, std::char_traits<char>, std::allocator<char> > >::init()::{lambda()#2}> > >::_M_run() (std_thread.h:255)
                       n1: 67108864 0xC1AF3B5: execute_native_thread_routine (thread.cc:105)
                        n1: 67108864 0xC5C7758: start_thread (pthread_create.c:454)
                         n0: 67108864 0xC64B733: clone (clone.S:100)
   n1: 321540096 0xC5D5CBD: sysmalloc_mmap_fallback (malloc.c:2289)
    n1: 321540096 0xC5D5CBD: sysmalloc (malloc.c:2501)
     n2: 321540096 0xC5D6C17: _int_malloc (malloc.c:4334)
      n2: 274862080 0xC5D6EED: __libc_malloc2 (malloc.c:3261)
       n1: 266473472 0xD46AD81: ??? (in /usr/lib64/libnvidia-glcore.so.595.71.05)
        n2: 266473472 0xD1D01EA: ??? (in /usr/lib64/libnvidia-glcore.so.595.71.05)
         n1: 249561088 0xD1B3595: ??? (in /usr/lib64/libnvidia-glcore.so.595.71.05)
          n2: 249561088 0xD1B3AC1: ??? (in /usr/lib64/libnvidia-glcore.so.595.71.05)
           n1: 203423744 0x473BE0: ChunkRenderer::updateShaderData(glm::vec<3, float, (glm::qualifier)0> const&) (Chunk.cpp:360)
            n1: 203423744 0x4615E9: WorldRenderer::renderChunks(ShaderProgram&, Camera::Frustum const&, glm::vec<3, float, (glm::qualifier)0> const&)::{lambda(ChunkRenderer&)#1}::operator()(ChunkRenderer&) const (WorldRenderer.cpp:64)
             n1: 203423744 0x463438: void std::__invoke_impl<void, WorldRenderer::renderChunks(ShaderProgram&, Camera::Frustum const&, glm::vec<3, float, (glm::qualifier)0> const&)::{lambda(ChunkRenderer&)#1}&, ChunkRenderer&>(std::__invoke_other, WorldRenderer::renderChunks(ShaderProgram&, Camera::Frustum const&, glm::vec<3, float, (glm::qualifier)0> const&)::{lambda(ChunkRenderer&)#1}&, ChunkRenderer&) (invoke.h:63)
              n1: 203423744 0x462F22: std::enable_if<is_invocable_r_v<void, WorldRenderer::renderChunks(ShaderProgram&, Camera::Frustum const&, glm::vec<3, float, (glm::qualifier)0> const&)::{lambda(ChunkRenderer&)#1}&, ChunkRenderer&>, void>::type std::__invoke_r<void, WorldRenderer::renderChunks(ShaderProgram&, Camera::Frustum const&, glm::vec<3, float, (glm::qualifier)0> const&)::{lambda(ChunkRenderer&)#1}&, ChunkRenderer&>(WorldRenderer::renderChunks(ShaderProgram&, Camera::Frustum const&, glm::vec<3, float, (glm::qualifier)0> const&)::{lambda(ChunkRenderer&)#1}&, ChunkRenderer&) (invoke.h:113)
               n1: 203423744 0x462A7C: std::_Function_handler<void (ChunkRenderer&), WorldRenderer::renderChunks(ShaderProgram&, Camera::Frustum const&, glm::vec<3, float, (glm::qualifier)0> const&)::{lambda(ChunkRenderer&)#1}>::_M_invoke(std::_Any_data const&, ChunkRenderer&) (std_function.h:295)
                n1: 203423744 0x466E80: std::function<void (ChunkRenderer&)>::operator()(ChunkRenderer&) const (std_function.h:581)
                 n1: 203423744 0x4652BB: ContiguousStorage<ChunkRenderer, 784ul, glm::vec<3, int, (glm::qualifier)0>, MathHelpers::glmVecLexicoGraphic<int, 3ul> >::forEach(std::function<void (ChunkRenderer&)>) (Helpers.hpp:383)
                  n1: 203423744 0x461A9A: WorldRenderer::renderChunks(ShaderProgram&, Camera::Frustum const&, glm::vec<3, float, (glm::qualifier)0> const&) (WorldRenderer.cpp:59)
                   n0: 203423744 0x40317E: main (main.cpp:422)
           n0: 46137344 in 2 places, all below massif's threshold (1.00%)
         n0: 16912384 in 1 place, below massif's threshold (1.00%)
       n0: 8388608 in 1 place, below massif's threshold (1.00%)
      n0: 46678016 in 1 place, below massif's threshold (1.00%)
   n1: 75534336 0xC5C8410: allocate_thread_stack (allocatestack.c:169)
    n1: 75534336 0xC5C8410: allocate_stack (allocatestack.c:508)
     n1: 75534336 0xC5C8410: pthread_create@@GLIBC_2.34 (pthread_create.c:680)
      n1: 75534336 0xC1AF488: __gthread_create (gthr-default.h:709)
       n1: 75534336 0xC1AF488: std::thread::_M_start_thread(std::unique_ptr<std::thread::_State, std::default_delete<std::thread::_State> >, void (*)()) (thread.cc:173)
        n0: 75534336 in 3 places, all below massif's threshold (1.00%)
   n0: 42770432 in 7 places, all below massif's threshold (1.00%)
 n1: 254623744 0xB34F85C: __mmap64 (mmap64.c:58)
  n3: 254623744 0xB34F85C: mmap (mmap64.c:46)
   n1: 152305664 0xB332822: _dl_map_segment (dl-map-segments.h:30)
    n1: 152305664 0xB332822: _dl_map_segments (dl-map-segments.h:102)
     n1: 152305664 0xB332822: _dl_map_object_from_fd (dl-load.c:1259)
      n2: 152305664 0xB334008: _dl_map_new_object (dl-load.c:2187)
       n1: 149884928 0xB32DABC: openaux (dl-deps.c:64)
        n1: 149884928 0xB32C728: _dl_catch_exception (dl-catch.c:241)
         n2: 149884928 0xB32DEEE: _dl_map_object_deps (dl-deps.c:232)
          n1: 136835072 0xB337FCF: dl_open_worker_begin (dl-open.c:609)
           n1: 136835072 0xB32C728: _dl_catch_exception (dl-catch.c:241)
            n1: 136835072 0xB337542: dl_open_worker (dl-open.c:762)
             n1: 136835072 0xB32C728: _dl_catch_exception (dl-catch.c:241)
              n1: 136835072 0xB337AA9: _dl_open (dl-open.c:900)
               n1: 136835072 0xC5C3C03: dlopen_doit (dlopen.c:56)
                n1: 136835072 0xB32C728: _dl_catch_exception (dl-catch.c:241)
                 n1: 136835072 0xB32C878: _dl_catch_error (dl-catch.c:260)
                  n1: 136835072 0xC5C36F2: _dlerror_run (dlerror.c:138)
                   n1: 136835072 0xC5C3CBA: dlopen_implementation (dlopen.c:71)
                    n2: 136835072 0xC5C3CBA: dlopen@@GLIBC_2.34 (dlopen.c:81)
                     n1: 135471104 0xBEF6F63: __glXLookupVendorByName.part.0 (libglxmapping.c:428)
                      n1: 135471104 0xBEF7D19: __glXLookupVendorByName (libglxmapping.c:391)
                       n1: 135471104 0xBEF7D19: __glXLookupVendorByScreen.part.0 (libglxmapping.c:572)
                        n1: 135471104 0xBEF8CB1: __glXLookupVendorByScreen (libglxmapping.c:524)
                         n1: 135471104 0xBEF8CB1: __glXGetDynDispatch (libglxmapping.c:610)
                          n1: 135471104 0xBEF8CB1: glXQueryExtensionsString (libglx.c:1473)
                           n1: 135471104 0xC0EB7AC: extensionSupportedGLX (in /home/leo/Cours/S8/HAI819I_moteur_jeux/build/external/glfw/src/libglfw.so.3.4)
                            n1: 135471104 0xC0EBEEA: _glfwInitGLX (in /home/leo/Cours/S8/HAI819I_moteur_jeux/build/external/glfw/src/libglfw.so.3.4)
                             n1: 135471104 0xC0E79BE: _glfwCreateWindowX11 (in /home/leo/Cours/S8/HAI819I_moteur_jeux/build/external/glfw/src/libglfw.so.3.4)
                              n1: 135471104 0xC0D374D: glfwCreateWindow (in /home/leo/Cours/S8/HAI819I_moteur_jeux/build/external/glfw/src/libglfw.so.3.4)
                               n1: 135471104 0x40A1A7: Window::init() (Window.hpp:241)
                                n1: 135471104 0x4012FC: globalInit(Window&) (main.cpp:53)
                                 n0: 135471104 0x401CE1: main (main.cpp:166)
                     n0: 1363968 in 2 places, all below massif's threshold (1.00%)
          n0: 13049856 in 1 place, below massif's threshold (1.00%)
       n0: 2420736 in 2 places, all below massif's threshold (1.00%)
   n1: 100982784 0xB332974: _dl_map_segments (dl-map-segments.h:140)
    n1: 100982784 0xB332974: _dl_map_object_from_fd (dl-load.c:1259)
     n2: 100982784 0xB334008: _dl_map_new_object (dl-load.c:2187)
      n1: 99446784 0xB32DABC: openaux (dl-deps.c:64)
       n1: 99446784 0xB32C728: _dl_catch_exception (dl-catch.c:241)
        n2: 99446784 0xB32DEEE: _dl_map_object_deps (dl-deps.c:232)
         n1: 93831168 0xB337FCF: dl_open_worker_begin (dl-open.c:609)
          n1: 93831168 0xB32C728: _dl_catch_exception (dl-catch.c:241)
           n1: 93831168 0xB337542: dl_open_worker (dl-open.c:762)
            n1: 93831168 0xB32C728: _dl_catch_exception (dl-catch.c:241)
             n1: 93831168 0xB337AA9: _dl_open (dl-open.c:900)
              n1: 93831168 0xC5C3C03: dlopen_doit (dlopen.c:56)
               n1: 93831168 0xB32C728: _dl_catch_exception (dl-catch.c:241)
                n1: 93831168 0xB32C878: _dl_catch_error (dl-catch.c:260)
                 n1: 93831168 0xC5C36F2: _dlerror_run (dlerror.c:138)
                  n1: 93831168 0xC5C3CBA: dlopen_implementation (dlopen.c:71)
                   n2: 93831168 0xC5C3CBA: dlopen@@GLIBC_2.34 (dlopen.c:81)
                    n1: 93372416 0xBEF6F63: __glXLookupVendorByName.part.0 (libglxmapping.c:428)
                     n1: 93372416 0xBEF7D19: __glXLookupVendorByName (libglxmapping.c:391)
                      n1: 93372416 0xBEF7D19: __glXLookupVendorByScreen.part.0 (libglxmapping.c:572)
                       n1: 93372416 0xBEF8CB1: __glXLookupVendorByScreen (libglxmapping.c:524)
                        n1: 93372416 0xBEF8CB1: __glXGetDynDispatch (libglxmapping.c:610)
                         n1: 93372416 0xBEF8CB1: glXQueryExtensionsString (libglx.c:1473)
                          n1: 93372416 0xC0EB7AC: extensionSupportedGLX (in /home/leo/Cours/S8/HAI819I_moteur_jeux/build/external/glfw/src/libglfw.so.3.4)
                           n1: 93372416 0xC0EBEEA: _glfwInitGLX (in /home/leo/Cours/S8/HAI819I_moteur_jeux/build/external/glfw/src/libglfw.so.3.4)
                            n1: 93372416 0xC0E79BE: _glfwCreateWindowX11 (in /home/leo/Cours/S8/HAI819I_moteur_jeux/build/external/glfw/src/libglfw.so.3.4)
                             n1: 93372416 0xC0D374D: glfwCreateWindow (in /home/leo/Cours/S8/HAI819I_moteur_jeux/build/external/glfw/src/libglfw.so.3.4)
                              n1: 93372416 0x40A1A7: Window::init() (Window.hpp:241)
                               n1: 93372416 0x4012FC: globalInit(Window&) (main.cpp:53)
                                n0: 93372416 0x401CE1: main (main.cpp:166)
                    n0: 458752 in 2 places, all below massif's threshold (1.00%)
         n0: 5615616 in 1 place, below massif's threshold (1.00%)
      n0: 1536000 in 2 places, all below massif's threshold (1.00%)
   n0: 1335296 in 3 places, all below massif's threshold (1.00%)
 n0: 183943168 0x0: ???
 n0: 8376320 in 3 places, all below massif's threshold (1.00%)
#-----------
snapshot=74
#-----------
time=235883869797
mem_heap_B=6188388352
mem_heap_extra_B=0
mem_stacks_B=0
heap_tree=empty
#-----------
snapshot=75
#-----------
time=235883869819
mem_heap_B=6188388352
mem_heap_extra_B=0
mem_stacks_B=0
heap_tree=detailed
n4: 6188388352 (page allocation syscalls) mmap/mremap/brk, --alloc-fns, etc.
 n1: 5741445120 0xC647B7C: __mmap64 (mmap64.c:58)
  n5: 5741445120 0xC647B7C: mmap (mmap64.c:46)
   n2: 2952790016 0xC5D45C6: alloc_new_heap (arena.c:405)
    n1: 2684354560 0xC5D58FB: sysmalloc (malloc.c:2395)
     n1: 2684354560 0xC5D6C17: _int_malloc (malloc.c:4334)
      n1: 2684354560 0xC5D6EED: __libc_malloc2 (malloc.c:3261)
       n1: 2684354560 0xC17E2FB: operator new(unsigned long) (new_op.cc:50)
        n1: 2684354560 0x46F3E0: std::__detail::_MakeUniq<std::array<Chunk, 7ul> >::__single_object std::make_unique<std::array<Chunk, 7ul>>() (unique_ptr.h:1105)
         n1: 2684354560 0x46E643: Chunk& ContiguousStorage<Chunk, 16777216ul, glm::vec<3, int, (glm::qualifier)0>, MathHelpers::glmVecLexicoGraphic<int, 3ul> >::emplace<World*, glm::vec<3, int, (glm::qualifier)0> const&, GenType&>(glm::vec<3, int, (glm::qualifier)0>, World*&&, glm::vec<3, int, (glm::qualifier)0> const&, GenType&) (Helpers.hpp:320)
          n1: 2684354560 0x46D041: World::addChunk(glm::vec<3, int, (glm::qualifier)0> const&) (World.cpp:27)
           n1: 2684354560 0x46DA55: World::generate(std::vector<glm::vec<3, float, (glm::qualifier)0>, std::allocator<glm::vec<3, float, (glm::qualifier)0> > > const&) (World.cpp:132)
            n1: 2684354560 0x46DB3A: World::selfUpdate(std::vector<glm::vec<3, float, (glm::qualifier)0>, std::allocator<glm::vec<3, float, (glm::qualifier)0> > > const&) (World.cpp:141)
             n1: 2684354560 0x401559: worldThread() (main.cpp:137)
              n1: 2684354560 0x460E7D: void std::__invoke_impl<void, void (*)()>(std::__invoke_other, void (*&&)()) (invoke.h:63)
               n1: 2684354560 0x460DC9: std::__invoke_result<void (*)()>::type std::__invoke<void (*)()>(void (*&&)()) (invoke.h:98)
                n1: 2684354560 0x460C81: void std::thread::_Invoker<std::tuple<void (*)()> >::_M_invoke<0ul>(std::_Index_tuple<0ul>) (std_thread.h:303)
                 n1: 2684354560 0x460BBB: std::thread::_Invoker<std::tuple<void (*)()> >::operator()() (std_thread.h:310)
                  n1: 2684354560 0x460B17: std::thread::_State_impl<std::thread::_Invoker<std::tuple<void (*)()> > >::_M_run() (std_thread.h:255)
                   n1: 2684354560 0xC1AF3B5: execute_native_thread_routine (thread.cc:105)
                    n1: 2684354560 0xC5C7758: start_thread (pthread_create.c:454)
                     n0: 2684354560 0xC64B733: clone (clone.S:100)
    n1: 268435456 0xC5D4A89: _int_new_arena (arena.c:637)
     n1: 268435456 0xC5D4A89: arena_get2 (arena.c:856)
      n1: 268435456 0xC5D4A89: arena_get2 (arena.c:817)
       n1: 268435456 0xC5D6F36: __libc_malloc2 (malloc.c:3259)
        n2: 268435456 0xC17E2FB: operator new(unsigned long) (new_op.cc:50)
         n1: 201326592 0x436996: std::__new_allocator<char>::allocate(unsigned long, void const*) (new_allocator.h:162)
          n1: 201326592 0x43E5F2: allocate (allocator.h:206)
           n1: 201326592 0x43E5F2: allocate (alloc_traits.h:638)
            n1: 201326592 0x43E5F2: std::_Vector_base<char, std::allocator<char> >::_M_allocate(unsigned long) (stl_vector.h:389)
             n1: 201326592 0x43B88C: std::_Vector_base<char, std::allocator<char> >::_M_create_storage(unsigned long) (stl_vector.h:407)
              n1: 201326592 0x437F12: std::_Vector_base<char, std::allocator<char> >::_Vector_base(unsigned long, std::allocator<char> const&) (stl_vector.h:341)
               n1: 201326592 0x4340BE: std::vector<char, std::allocator<char> >::vector(unsigned long, std::allocator<char> const&) (stl_vector.h:577)
                n1: 201326592 0x42FBF6: filewatch::FileWatch<std::__cxx11::basic_string<char, std::char_traits<char>, std::allocator<char> > >::monitor_directory() (FileWatch.hpp:617)
                 n1: 201326592 0x42A351: filewatch::FileWatch<std::__cxx11::basic_string<char, std::char_traits<char>, std::allocator<char> > >::init()::{lambda()#2}::operator()() const (FileWatch.hpp:349)
                  n1: 201326592 0x460E06: void std::__invoke_impl<void, filewatch::FileWatch<std::__cxx11::basic_string<char, std::char_traits<char>, std::allocator<char> > >::init()::{lambda()#2}>(std::__invoke_other, filewatch::FileWatch<std::__cxx11::basic_string<char, std::char_traits<char>, std::allocator<char> > >::init()::{lambda()#2}&&) (invoke.h:63)
                   n1: 201326592 0x460D1D: std::__invoke_result<filewatch::FileWatch<std::__cxx11::basic_string<char, std::char_traits<char>, std::allocator<char> > >::init()::{lambda()#2}>::type std::__invoke<filewatch::FileWatch<std::__cxx11::basic_string<char, std::char_traits<char>, std::allocator<char> > >::init()::{lambda()#2}>(filewatch::FileWatch<std::__cxx11::basic_string<char, std::char_traits<char>, std::allocator<char> > >::init()::{lambda()#2}&&) (invoke.h:98)
                    n1: 201326592 0x460C0F: void std::thread::_Invoker<std::tuple<filewatch::FileWatch<std::__cxx11::basic_string<char, std::char_traits<char>, std::allocator<char> > >::init()::{lambda()#2}> >::_M_invoke<0ul>(std::_Index_tuple<0ul>) (std_thread.h:303)
                     n1: 201326592 0x460B69: std::thread::_Invoker<std::tuple<filewatch::FileWatch<std::__cxx11::basic_string<char, std::char_traits<char>, std::allocator<char> > >::init()::{lambda()#2}> >::operator()() (std_thread.h:310)
                      n1: 201326592 0x460987: std::thread::_State_impl<std::thread::_Invoker<std::tuple<filewatch::FileWatch<std::__cxx11::basic_string<char, std::char_traits<char>, std::allocator<char> > >::init()::{lambda()#2}> > >::_M_run() (std_thread.h:255)
                       n1: 201326592 0xC1AF3B5: execute_native_thread_routine (thread.cc:105)
                        n1: 201326592 0xC5C7758: start_thread (pthread_create.c:454)
                         n0: 201326592 0xC64B733: clone (clone.S:100)
         n1: 67108864 0x43188E: std::__new_allocator<glm::vec<3, float, (glm::qualifier)0> >::allocate(unsigned long, void const*) (new_allocator.h:162)
          n1: 67108864 0x41EE5A: allocate (allocator.h:206)
           n1: 67108864 0x41EE5A: allocate (alloc_traits.h:638)
            n1: 67108864 0x41EE5A: std::_Vector_base<glm::vec<3, float, (glm::qualifier)0>, std::allocator<glm::vec<3, float, (glm::qualifier)0> > >::_M_allocate(unsigned long) (stl_vector.h:389)
             n1: 67108864 0x421E4D: glm::vec<3, float, (glm::qualifier)0>* std::vector<glm::vec<3, float, (glm::qualifier)0>, std::allocator<glm::vec<3, float, (glm::qualifier)0> > >::_M_allocate_and_copy<__gnu_cxx::__normal_iterator<glm::vec<3, float, (glm::qualifier)0> const*, std::vector<glm::vec<3, float, (glm::qualifier)0>, std::allocator<glm::vec<3, float, (glm::qualifier)0> > > > >(unsigned long, __gnu_cxx::__normal_iterator<glm::vec<3, float, (glm::qualifier)0> const*, std::vector<glm::vec<3, float, (glm::qualifier)0>, std::allocator<glm::vec<3, float, (glm::qualifier)0> > > >, __gnu_cxx::__normal_iterator<glm::vec<3, float, (glm::qualifier)0> const*, std::vector<glm::vec<3, float, (glm::qualifier)0>, std::allocator<glm::vec<3, float, (glm::qualifier)0> > > >) (stl_vector.h:1900)
              n1: 67108864 0x418DC7: std::vector<glm::vec<3, float, (glm::qualifier)0>, std::allocator<glm::vec<3, float, (glm::qualifier)0> > >::operator=(std::vector<glm::vec<3, float, (glm::qualifier)0>, std::allocator<glm::vec<3, float, (glm::qualifier)0> > > const&) (vector.tcc:242)
               n1: 67108864 0x401482: worldThread() (main.cpp:123)
                n1: 67108864 0x460E7D: void std::__invoke_impl<void, void (*)()>(std::__invoke_other, void (*&&)()) (invoke.h:63)
                 n1: 67108864 0x460DC9: std::__invoke_result<void (*)()>::type std::__invoke<void (*)()>(void (*&&)()) (invoke.h:98)
                  n1: 67108864 0x460C81: void std::thread::_Invoker<std::tuple<void (*)()> >::_M_invoke<0ul>(std::_Index_tuple<0ul>) (std_thread.h:303)
                   n1: 67108864 0x460BBB: std::thread::_Invoker<std::tuple<void (*)()> >::operator()() (std_thread.h:310)
                    n1: 67108864 0x460B17: std::thread::_State_impl<std::thread::_Invoker<std::tuple<void (*)()> > >::_M_run() (std_thread.h:255)
                     n1: 67108864 0xC1AF3B5: execute_native_thread_routine (thread.cc:105)
                      n1: 67108864 0xC5C7758: start_thread (pthread_create.c:454)
                       n0: 67108864 0xC64B733: clone (clone.S:100)
   n2: 2348810240 0xC5D44D5: alloc_new_heap (arena.c:395)
    n1: 2281701376 0xC5D58FB: sysmalloc (malloc.c:2395)
     n1: 2281701376 0xC5D6C17: _int_malloc (malloc.c:4334)
      n1: 2281701376 0xC5D6EED: __libc_malloc2 (malloc.c:3261)
       n1: 2281701376 0xC17E2FB: operator new(unsigned long) (new_op.cc:50)
        n1: 2281701376 0x46F3E0: std::__detail::_MakeUniq<std::array<Chunk, 7ul> >::__single_object std::make_unique<std::array<Chunk, 7ul>>() (unique_ptr.h:1105)
         n1: 2281701376 0x46E643: Chunk& ContiguousStorage<Chunk, 16777216ul, glm::vec<3, int, (glm::qualifier)0>, MathHelpers::glmVecLexicoGraphic<int, 3ul> >::emplace<World*, glm::vec<3, int, (glm::qualifier)0> const&, GenType&>(glm::vec<3, int, (glm::qualifier)0>, World*&&, glm::vec<3, int, (glm::qualifier)0> const&, GenType&) (Helpers.hpp:320)
          n1: 2281701376 0x46D041: World::addChunk(glm::vec<3, int, (glm::qualifier)0> const&) (World.cpp:27)
           n1: 2281701376 0x46DA55: World::generate(std::vector<glm::vec<3, float, (glm::qualifier)0>, std::allocator<glm::vec<3, float, (glm::qualifier)0> > > const&) (World.cpp:132)
            n1: 2281701376 0x46DB3A: World::selfUpdate(std::vector<glm::vec<3, float, (glm::qualifier)0>, std::allocator<glm::vec<3, float, (glm::qualifier)0> > > const&) (World.cpp:141)
             n1: 2281701376 0x401559: worldThread() (main.cpp:137)
              n1: 2281701376 0x460E7D: void std::__invoke_impl<void, void (*)()>(std::__invoke_other, void (*&&)()) (invoke.h:63)
               n1: 2281701376 0x460DC9: std::__invoke_result<void (*)()>::type std::__invoke<void (*)()>(void (*&&)()) (invoke.h:98)
                n1: 2281701376 0x460C81: void std::thread::_Invoker<std::tuple<void (*)()> >::_M_invoke<0ul>(std::_Index_tuple<0ul>) (std_thread.h:303)
                 n1: 2281701376 0x460BBB: std::thread::_Invoker<std::tuple<void (*)()> >::operator()() (std_thread.h:310)
                  n1: 2281701376 0x460B17: std::thread::_State_impl<std::thread::_Invoker<std::tuple<void (*)()> > >::_M_run() (std_thread.h:255)
                   n1: 2281701376 0xC1AF3B5: execute_native_thread_routine (thread.cc:105)
                    n1: 2281701376 0xC5C7758: start_thread (pthread_create.c:454)
                     n0: 2281701376 0xC64B733: clone (clone.S:100)
    n1: 67108864 0xC5D4A89: _int_new_arena (arena.c:637)
     n1: 67108864 0xC5D4A89: arena_get2 (arena.c:856)
      n1: 67108864 0xC5D4A89: arena_get2 (arena.c:817)
       n1: 67108864 0xC5D6F36: __libc_malloc2 (malloc.c:3259)
        n1: 67108864 0xC17E2FB: operator new(unsigned long) (new_op.cc:50)
         n1: 67108864 0x436996: std::__new_allocator<char>::allocate(unsigned long, void const*) (new_allocator.h:162)
          n1: 67108864 0x43E5F2: allocate (allocator.h:206)
           n1: 67108864 0x43E5F2: allocate (alloc_traits.h:638)
            n1: 67108864 0x43E5F2: std::_Vector_base<char, std::allocator<char> >::_M_allocate(unsigned long) (stl_vector.h:389)
             n1: 67108864 0x43B88C: std::_Vector_base<char, std::allocator<char> >::_M_create_storage(unsigned long) (stl_vector.h:407)
              n1: 67108864 0x437F12: std::_Vector_base<char, std::allocator<char> >::_Vector_base(unsigned long, std::allocator<char> const&) (stl_vector.h:341)
               n1: 67108864 0x4340BE: std::vector<char, std::allocator<char> >::vector(unsigned long, std::allocator<char> const&) (stl_vector.h:577)
                n1: 67108864 0x42FBF6: filewatch::FileWatch<std::__cxx11::basic_string<char, std::char_traits<char>, std::allocator<char> > >::monitor_directory() (FileWatch.hpp:617)
                 n1: 67108864 0x42A351: filewatch::FileWatch<std::__cxx11::basic_string<char, std::char_traits<char>, std::allocator<char> > >::init()::{lambda()#2}::operator()() const (FileWatch.hpp:349)
                  n1: 67108864 0x460E06: void std::__invoke_impl<void, filewatch::FileWatch<std::__cxx11::basic_string<char, std::char_traits<char>, std::allocator<char> > >::init()::{lambda()#2}>(std::__invoke_other, filewatch::FileWatch<std::__cxx11::basic_string<char, std::char_traits<char>, std::allocator<char> > >::init()::{lambda()#2}&&) (invoke.h:63)
                   n1: 67108864 0x460D1D: std::__invoke_result<filewatch::FileWatch<std::__cxx11::basic_string<char, std::char_traits<char>, std::allocator<char> > >::init()::{lambda()#2}>::type std::__invoke<filewatch::FileWatch<std::__cxx11::basic_string<char, std::char_traits<char>, std::allocator<char> > >::init()::{lambda()#2}>(filewatch::FileWatch<std::__cxx11::basic_string<char, std::char_traits<char>, std::allocator<char> > >::init()::{lambda()#2}&&) (invoke.h:98)
                    n1: 67108864 0x460C0F: void std::thread::_Invoker<std::tuple<filewatch::FileWatch<std::__cxx11::basic_string<char, std::char_traits<char>, std::allocator<char> > >::init()::{lambda()#2}> >::_M_invoke<0ul>(std::_Index_tuple<0ul>) (std_thread.h:303)
                     n1: 67108864 0x460B69: std::thread::_Invoker<std::tuple<filewatch::FileWatch<std::__cxx11::basic_string<char, std::char_traits<char>, std::allocator<char> > >::init()::{lambda()#2}> >::operator()() (std_thread.h:310)
                      n1: 67108864 0x460987: std::thread::_State_impl<std::thread::_Invoker<std::tuple<filewatch::FileWatch<std::__cxx11::basic_string<char, std::char_traits<char>, std::allocator<char> > >::init()::{lambda()#2}> > >::_M_run() (std_thread.h:255)
                       n1: 67108864 0xC1AF3B5: execute_native_thread_routine (thread.cc:105)
                        n1: 67108864 0xC5C7758: start_thread (pthread_create.c:454)
                         n0: 67108864 0xC64B733: clone (clone.S:100)
   n1: 321540096 0xC5D5CBD: sysmalloc_mmap_fallback (malloc.c:2289)
    n1: 321540096 0xC5D5CBD: sysmalloc (malloc.c:2501)
     n2: 321540096 0xC5D6C17: _int_malloc (malloc.c:4334)
      n2: 274862080 0xC5D6EED: __libc_malloc2 (malloc.c:3261)
       n1: 266473472 0xD46AD81: ??? (in /usr/lib64/libnvidia-glcore.so.595.71.05)
        n2: 266473472 0xD1D01EA: ??? (in /usr/lib64/libnvidia-glcore.so.595.71.05)
         n1: 249561088 0xD1B3595: ??? (in /usr/lib64/libnvidia-glcore.so.595.71.05)
          n2: 249561088 0xD1B3AC1: ??? (in /usr/lib64/libnvidia-glcore.so.595.71.05)
           n1: 203423744 0x473BE0: ChunkRenderer::updateShaderData(glm::vec<3, float, (glm::qualifier)0> const&) (Chunk.cpp:360)
            n1: 203423744 0x4615E9: WorldRenderer::renderChunks(ShaderProgram&, Camera::Frustum const&, glm::vec<3, float, (glm::qualifier)0> const&)::{lambda(ChunkRenderer&)#1}::operator()(ChunkRenderer&) const (WorldRenderer.cpp:64)
             n1: 203423744 0x463438: void std::__invoke_impl<void, WorldRenderer::renderChunks(ShaderProgram&, Camera::Frustum const&, glm::vec<3, float, (glm::qualifier)0> const&)::{lambda(ChunkRenderer&)#1}&, ChunkRenderer&>(std::__invoke_other, WorldRenderer::renderChunks(ShaderProgram&, Camera::Frustum const&, glm::vec<3, float, (glm::qualifier)0> const&)::{lambda(ChunkRenderer&)#1}&, ChunkRenderer&) (invoke.h:63)
              n1: 203423744 0x462F22: std::enable_if<is_invocable_r_v<void, WorldRenderer::renderChunks(ShaderProgram&, Camera::Frustum const&, glm::vec<3, float, (glm::qualifier)0> const&)::{lambda(ChunkRenderer&)#1}&, ChunkRenderer&>, void>::type std::__invoke_r<void, WorldRenderer::renderChunks(ShaderProgram&, Camera::Frustum const&, glm::vec<3, float, (glm::qualifier)0> const&)::{lambda(ChunkRenderer&)#1}&, ChunkRenderer&>(WorldRenderer::renderChunks(ShaderProgram&, Camera::Frustum const&, glm::vec<3, float, (glm::qualifier)0> const&)::{lambda(ChunkRenderer&)#1}&, ChunkRenderer&) (invoke.h:113)
               n1: 203423744 0x462A7C: std::_Function_handler<void (ChunkRenderer&), WorldRenderer::renderChunks(ShaderProgram&, Camera::Frustum const&, glm::vec<3, float, (glm::qualifier)0> const&)::{lambda(ChunkRenderer&)#1}>::_M_invoke(std::_Any_data const&, ChunkRenderer&) (std_function.h:295)
                n1: 203423744 0x466E80: std::function<void (ChunkRenderer&)>::operator()(ChunkRenderer&) const (std_function.h:581)
                 n1: 203423744 0x4652BB: ContiguousStorage<ChunkRenderer, 784ul, glm::vec<3, int, (glm::qualifier)0>, MathHelpers::glmVecLexicoGraphic<int, 3ul> >::forEach(std::function<void (ChunkRenderer&)>) (Helpers.hpp:383)
                  n1: 203423744 0x461A9A: WorldRenderer::renderChunks(ShaderProgram&, Camera::Frustum const&, glm::vec<3, float, (glm::qualifier)0> const&) (WorldRenderer.cpp:59)
                   n0: 203423744 0x40317E: main (main.cpp:422)
           n0: 46137344 in 2 places, all below massif's threshold (1.00%)
         n0: 16912384 in 1 place, below massif's threshold (1.00%)
       n0: 8388608 in 1 place, below massif's threshold (1.00%)
      n0: 46678016 in 1 place, below massif's threshold (1.00%)
   n1: 75534336 0xC5C8410: allocate_thread_stack (allocatestack.c:169)
    n1: 75534336 0xC5C8410: allocate_stack (allocatestack.c:508)
     n1: 75534336 0xC5C8410: pthread_create@@GLIBC_2.34 (pthread_create.c:680)
      n1: 75534336 0xC1AF488: __gthread_create (gthr-default.h:709)
       n1: 75534336 0xC1AF488: std::thread::_M_start_thread(std::unique_ptr<std::thread::_State, std::default_delete<std::thread::_State> >, void (*)()) (thread.cc:173)
        n0: 75534336 in 3 places, all below massif's threshold (1.00%)
   n0: 42770432 in 7 places, all below massif's threshold (1.00%)
 n1: 254623744 0xB34F85C: __mmap64 (mmap64.c:58)
  n3: 254623744 0xB34F85C: mmap (mmap64.c:46)
   n1: 152305664 0xB332822: _dl_map_segment (dl-map-segments.h:30)
    n1: 152305664 0xB332822: _dl_map_segments (dl-map-segments.h:102)
     n1: 152305664 0xB332822: _dl_map_object_from_fd (dl-load.c:1259)
      n2: 152305664 0xB334008: _dl_map_new_object (dl-load.c:2187)
       n1: 149884928 0xB32DABC: openaux (dl-deps.c:64)
        n1: 149884928 0xB32C728: _dl_catch_exception (dl-catch.c:241)
         n2: 149884928 0xB32DEEE: _dl_map_object_deps (dl-deps.c:232)
          n1: 136835072 0xB337FCF: dl_open_worker_begin (dl-open.c:609)
           n1: 136835072 0xB32C728: _dl_catch_exception (dl-catch.c:241)
            n1: 136835072 0xB337542: dl_open_worker (dl-open.c:762)
             n1: 136835072 0xB32C728: _dl_catch_exception (dl-catch.c:241)
              n1: 136835072 0xB337AA9: _dl_open (dl-open.c:900)
               n1: 136835072 0xC5C3C03: dlopen_doit (dlopen.c:56)
                n1: 136835072 0xB32C728: _dl_catch_exception (dl-catch.c:241)
                 n1: 136835072 0xB32C878: _dl_catch_error (dl-catch.c:260)
                  n1: 136835072 0xC5C36F2: _dlerror_run (dlerror.c:138)
                   n1: 136835072 0xC5C3CBA: dlopen_implementation (dlopen.c:71)
                    n2: 136835072 0xC5C3CBA: dlopen@@GLIBC_2.34 (dlopen.c:81)
                     n1: 135471104 0xBEF6F63: __glXLookupVendorByName.part.0 (libglxmapping.c:428)
                      n1: 135471104 0xBEF7D19: __glXLookupVendorByName (libglxmapping.c:391)
                       n1: 135471104 0xBEF7D19: __glXLookupVendorByScreen.part.0 (libglxmapping.c:572)
                        n1: 135471104 0xBEF8CB1: __glXLookupVendorByScreen (libglxmapping.c:524)
                         n1: 135471104 0xBEF8CB1: __glXGetDynDispatch (libglxmapping.c:610)
                          n1: 135471104 0xBEF8CB1: glXQueryExtensionsString (libglx.c:1473)
                           n1: 135471104 0xC0EB7AC: extensionSupportedGLX (in /home/leo/Cours/S8/HAI819I_moteur_jeux/build/external/glfw/src/libglfw.so.3.4)
                            n1: 135471104 0xC0EBEEA: _glfwInitGLX (in /home/leo/Cours/S8/HAI819I_moteur_jeux/build/external/glfw/src/libglfw.so.3.4)
                             n1: 135471104 0xC0E79BE: _glfwCreateWindowX11 (in /home/leo/Cours/S8/HAI819I_moteur_jeux/build/external/glfw/src/libglfw.so.3.4)
                              n1: 135471104 0xC0D374D: glfwCreateWindow (in /home/leo/Cours/S8/HAI819I_moteur_jeux/build/external/glfw/src/libglfw.so.3.4)
                               n1: 135471104 0x40A1A7: Window::init() (Window.hpp:241)
                                n1: 135471104 0x4012FC: globalInit(Window&) (main.cpp:53)
                                 n0: 135471104 0x401CE1: main (main.cpp:166)
                     n0: 1363968 in 2 places, all below massif's threshold (1.00%)
          n0: 13049856 in 1 place, below massif's threshold (1.00%)
       n0: 2420736 in 2 places, all below massif's threshold (1.00%)
   n1: 100982784 0xB332974: _dl_map_segments (dl-map-segments.h:140)
    n1: 100982784 0xB332974: _dl_map_object_from_fd (dl-load.c:1259)
     n2: 100982784 0xB334008: _dl_map_new_object (dl-load.c:2187)
      n1: 99446784 0xB32DABC: openaux (dl-deps.c:64)
       n1: 99446784 0xB32C728: _dl_catch_exception (dl-catch.c:241)
        n2: 99446784 0xB32DEEE: _dl_map_object_deps (dl-deps.c:232)
         n1: 93831168 0xB337FCF: dl_open_worker_begin (dl-open.c:609)
          n1: 93831168 0xB32C728: _dl_catch_exception (dl-catch.c:241)
           n1: 93831168 0xB337542: dl_open_worker (dl-open.c:762)
            n1: 93831168 0xB32C728: _dl_catch_exception (dl-catch.c:241)
             n1: 93831168 0xB337AA9: _dl_open (dl-open.c:900)
              n1: 93831168 0xC5C3C03: dlopen_doit (dlopen.c:56)
               n1: 93831168 0xB32C728: _dl_catch_exception (dl-catch.c:241)
                n1: 93831168 0xB32C878: _dl_catch_error (dl-catch.c:260)
                 n1: 93831168 0xC5C36F2: _dlerror_run (dlerror.c:138)
                  n1: 93831168 0xC5C3CBA: dlopen_implementation (dlopen.c:71)
                   n2: 93831168 0xC5C3CBA: dlopen@@GLIBC_2.34 (dlopen.c:81)
                    n1: 93372416 0xBEF6F63: __glXLookupVendorByName.part.0 (libglxmapping.c:428)
                     n1: 93372416 0xBEF7D19: __glXLookupVendorByName (libglxmapping.c:391)
                      n1: 93372416 0xBEF7D19: __glXLookupVendorByScreen.part.0 (libglxmapping.c:572)
                       n1: 93372416 0xBEF8CB1: __glXLookupVendorByScreen (libglxmapping.c:524)
                        n1: 93372416 0xBEF8CB1: __glXGetDynDispatch (libglxmapping.c:610)
                         n1: 93372416 0xBEF8CB1: glXQueryExtensionsString (libglx.c:1473)
                          n1: 93372416 0xC0EB7AC: extensionSupportedGLX (in /home/leo/Cours/S8/HAI819I_moteur_jeux/build/external/glfw/src/libglfw.so.3.4)
                           n1: 93372416 0xC0EBEEA: _glfwInitGLX (in /home/leo/Cours/S8/HAI819I_moteur_jeux/build/external/glfw/src/libglfw.so.3.4)
                            n1: 93372416 0xC0E79BE: _glfwCreateWindowX11 (in /home/leo/Cours/S8/HAI819I_moteur_jeux/build/external/glfw/src/libglfw.so.3.4)
                             n1: 93372416 0xC0D374D: glfwCreateWindow (in /home/leo/Cours/S8/HAI819I_moteur_jeux/build/external/glfw/src/libglfw.so.3.4)
                              n1: 93372416 0x40A1A7: Window::init() (Window.hpp:241)
                               n1: 93372416 0x4012FC: globalInit(Window&) (main.cpp:53)
                                n0: 93372416 0x401CE1: main (main.cpp:166)
                    n0: 458752 in 2 places, all below massif's threshold (1.00%)
         n0: 5615616 in 1 place, below massif's threshold (1.00%)
      n0: 1536000 in 2 places, all below massif's threshold (1.00%)
   n0: 1335296 in 3 places, all below massif's threshold (1.00%)
 n0: 183943168 0x0: ???
 n0: 8376320 in 3 places, all below massif's threshold (1.00%)
#-----------
snapshot=76
#-----------
time=238970590418
mem_heap_B=6322606080
mem_heap_extra_B=0
mem_stacks_B=0
heap_tree=empty
#-----------
snapshot=77
#-----------
time=238970590440
mem_heap_B=6322606080
mem_heap_extra_B=0
mem_stacks_B=0
heap_tree=peak
n4: 6322606080 (page allocation syscalls) mmap/mremap/brk, --alloc-fns, etc.
 n1: 5875662848 0xC647B7C: __mmap64 (mmap64.c:58)
  n5: 5875662848 0xC647B7C: mmap (mmap64.c:46)
   n2: 3019898880 0xC5D45C6: alloc_new_heap (arena.c:405)
    n1: 2751463424 0xC5D58FB: sysmalloc (malloc.c:2395)
     n1: 2751463424 0xC5D6C17: _int_malloc (malloc.c:4334)
      n1: 2751463424 0xC5D6EED: __libc_malloc2 (malloc.c:3261)
       n1: 2751463424 0xC17E2FB: operator new(unsigned long) (new_op.cc:50)
        n1: 2751463424 0x46F3E0: std::__detail::_MakeUniq<std::array<Chunk, 7ul> >::__single_object std::make_unique<std::array<Chunk, 7ul>>() (unique_ptr.h:1105)
         n1: 2751463424 0x46E643: Chunk& ContiguousStorage<Chunk, 16777216ul, glm::vec<3, int, (glm::qualifier)0>, MathHelpers::glmVecLexicoGraphic<int, 3ul> >::emplace<World*, glm::vec<3, int, (glm::qualifier)0> const&, GenType&>(glm::vec<3, int, (glm::qualifier)0>, World*&&, glm::vec<3, int, (glm::qualifier)0> const&, GenType&) (Helpers.hpp:320)
          n1: 2751463424 0x46D041: World::addChunk(glm::vec<3, int, (glm::qualifier)0> const&) (World.cpp:27)
           n1: 2751463424 0x46DA55: World::generate(std::vector<glm::vec<3, float, (glm::qualifier)0>, std::allocator<glm::vec<3, float, (glm::qualifier)0> > > const&) (World.cpp:132)
            n1: 2751463424 0x46DB3A: World::selfUpdate(std::vector<glm::vec<3, float, (glm::qualifier)0>, std::allocator<glm::vec<3, float, (glm::qualifier)0> > > const&) (World.cpp:141)
             n1: 2751463424 0x401559: worldThread() (main.cpp:137)
              n1: 2751463424 0x460E7D: void std::__invoke_impl<void, void (*)()>(std::__invoke_other, void (*&&)()) (invoke.h:63)
               n1: 2751463424 0x460DC9: std::__invoke_result<void (*)()>::type std::__invoke<void (*)()>(void (*&&)()) (invoke.h:98)
                n1: 2751463424 0x460C81: void std::thread::_Invoker<std::tuple<void (*)()> >::_M_invoke<0ul>(std::_Index_tuple<0ul>) (std_thread.h:303)
                 n1: 2751463424 0x460BBB: std::thread::_Invoker<std::tuple<void (*)()> >::operator()() (std_thread.h:310)
                  n1: 2751463424 0x460B17: std::thread::_State_impl<std::thread::_Invoker<std::tuple<void (*)()> > >::_M_run() (std_thread.h:255)
                   n1: 2751463424 0xC1AF3B5: execute_native_thread_routine (thread.cc:105)
                    n1: 2751463424 0xC5C7758: start_thread (pthread_create.c:454)
                     n0: 2751463424 0xC64B733: clone (clone.S:100)
    n1: 268435456 0xC5D4A89: _int_new_arena (arena.c:637)
     n1: 268435456 0xC5D4A89: arena_get2 (arena.c:856)
      n1: 268435456 0xC5D4A89: arena_get2 (arena.c:817)
       n1: 268435456 0xC5D6F36: __libc_malloc2 (malloc.c:3259)
        n2: 268435456 0xC17E2FB: operator new(unsigned long) (new_op.cc:50)
         n1: 201326592 0x436996: std::__new_allocator<char>::allocate(unsigned long, void const*) (new_allocator.h:162)
          n1: 201326592 0x43E5F2: allocate (allocator.h:206)
           n1: 201326592 0x43E5F2: allocate (alloc_traits.h:638)
            n1: 201326592 0x43E5F2: std::_Vector_base<char, std::allocator<char> >::_M_allocate(unsigned long) (stl_vector.h:389)
             n1: 201326592 0x43B88C: std::_Vector_base<char, std::allocator<char> >::_M_create_storage(unsigned long) (stl_vector.h:407)
              n1: 201326592 0x437F12: std::_Vector_base<char, std::allocator<char> >::_Vector_base(unsigned long, std::allocator<char> const&) (stl_vector.h:341)
               n1: 201326592 0x4340BE: std::vector<char, std::allocator<char> >::vector(unsigned long, std::allocator<char> const&) (stl_vector.h:577)
                n1: 201326592 0x42FBF6: filewatch::FileWatch<std::__cxx11::basic_string<char, std::char_traits<char>, std::allocator<char> > >::monitor_directory() (FileWatch.hpp:617)
                 n1: 201326592 0x42A351: filewatch::FileWatch<std::__cxx11::basic_string<char, std::char_traits<char>, std::allocator<char> > >::init()::{lambda()#2}::operator()() const (FileWatch.hpp:349)
                  n1: 201326592 0x460E06: void std::__invoke_impl<void, filewatch::FileWatch<std::__cxx11::basic_string<char, std::char_traits<char>, std::allocator<char> > >::init()::{lambda()#2}>(std::__invoke_other, filewatch::FileWatch<std::__cxx11::basic_string<char, std::char_traits<char>, std::allocator<char> > >::init()::{lambda()#2}&&) (invoke.h:63)
                   n1: 201326592 0x460D1D: std::__invoke_result<filewatch::FileWatch<std::__cxx11::basic_string<char, std::char_traits<char>, std::allocator<char> > >::init()::{lambda()#2}>::type std::__invoke<filewatch::FileWatch<std::__cxx11::basic_string<char, std::char_traits<char>, std::allocator<char> > >::init()::{lambda()#2}>(filewatch::FileWatch<std::__cxx11::basic_string<char, std::char_traits<char>, std::allocator<char> > >::init()::{lambda()#2}&&) (invoke.h:98)
                    n1: 201326592 0x460C0F: void std::thread::_Invoker<std::tuple<filewatch::FileWatch<std::__cxx11::basic_string<char, std::char_traits<char>, std::allocator<char> > >::init()::{lambda()#2}> >::_M_invoke<0ul>(std::_Index_tuple<0ul>) (std_thread.h:303)
                     n1: 201326592 0x460B69: std::thread::_Invoker<std::tuple<filewatch::FileWatch<std::__cxx11::basic_string<char, std::char_traits<char>, std::allocator<char> > >::init()::{lambda()#2}> >::operator()() (std_thread.h:310)
                      n1: 201326592 0x460987: std::thread::_State_impl<std::thread::_Invoker<std::tuple<filewatch::FileWatch<std::__cxx11::basic_string<char, std::char_traits<char>, std::allocator<char> > >::init()::{lambda()#2}> > >::_M_run() (std_thread.h:255)
                       n1: 201326592 0xC1AF3B5: execute_native_thread_routine (thread.cc:105)
                        n1: 201326592 0xC5C7758: start_thread (pthread_create.c:454)
                         n0: 201326592 0xC64B733: clone (clone.S:100)
         n1: 67108864 0x43188E: std::__new_allocator<glm::vec<3, float, (glm::qualifier)0> >::allocate(unsigned long, void const*) (new_allocator.h:162)
          n1: 67108864 0x41EE5A: allocate (allocator.h:206)
           n1: 67108864 0x41EE5A: allocate (alloc_traits.h:638)
            n1: 67108864 0x41EE5A: std::_Vector_base<glm::vec<3, float, (glm::qualifier)0>, std::allocator<glm::vec<3, float, (glm::qualifier)0> > >::_M_allocate(unsigned long) (stl_vector.h:389)
             n1: 67108864 0x421E4D: glm::vec<3, float, (glm::qualifier)0>* std::vector<glm::vec<3, float, (glm::qualifier)0>, std::allocator<glm::vec<3, float, (glm::qualifier)0> > >::_M_allocate_and_copy<__gnu_cxx::__normal_iterator<glm::vec<3, float, (glm::qualifier)0> const*, std::vector<glm::vec<3, float, (glm::qualifier)0>, std::allocator<glm::vec<3, float, (glm::qualifier)0> > > > >(unsigned long, __gnu_cxx::__normal_iterator<glm::vec<3, float, (glm::qualifier)0> const*, std::vector<glm::vec<3, float, (glm::qualifier)0>, std::allocator<glm::vec<3, float, (glm::qualifier)0> > > >, __gnu_cxx::__normal_iterator<glm::vec<3, float, (glm::qualifier)0> const*, std::vector<glm::vec<3, float, (glm::qualifier)0>, std::allocator<glm::vec<3, float, (glm::qualifier)0> > > >) (stl_vector.h:1900)
              n1: 67108864 0x418DC7: std::vector<glm::vec<3, float, (glm::qualifier)0>, std::allocator<glm::vec<3, float, (glm::qualifier)0> > >::operator=(std::vector<glm::vec<3, float, (glm::qualifier)0>, std::allocator<glm::vec<3, float, (glm::qualifier)0> > > const&) (vector.tcc:242)
               n1: 67108864 0x401482: worldThread() (main.cpp:123)
                n1: 67108864 0x460E7D: void std::__invoke_impl<void, void (*)()>(std::__invoke_other, void (*&&)()) (invoke.h:63)
                 n1: 67108864 0x460DC9: std::__invoke_result<void (*)()>::type std::__invoke<void (*)()>(void (*&&)()) (invoke.h:98)
                  n1: 67108864 0x460C81: void std::thread::_Invoker<std::tuple<void (*)()> >::_M_invoke<0ul>(std::_Index_tuple<0ul>) (std_thread.h:303)
                   n1: 67108864 0x460BBB: std::thread::_Invoker<std::tuple<void (*)()> >::operator()() (std_thread.h:310)
                    n1: 67108864 0x460B17: std::thread::_State_impl<std::thread::_Invoker<std::tuple<void (*)()> > >::_M_run() (std_thread.h:255)
                     n1: 67108864 0xC1AF3B5: execute_native_thread_routine (thread.cc:105)
                      n1: 67108864 0xC5C7758: start_thread (pthread_create.c:454)
                       n0: 67108864 0xC64B733: clone (clone.S:100)
   n2: 2415919104 0xC5D44D5: alloc_new_heap (arena.c:395)
    n1: 2348810240 0xC5D58FB: sysmalloc (malloc.c:2395)
     n1: 2348810240 0xC5D6C17: _int_malloc (malloc.c:4334)
      n1: 2348810240 0xC5D6EED: __libc_malloc2 (malloc.c:3261)
       n1: 2348810240 0xC17E2FB: operator new(unsigned long) (new_op.cc:50)
        n1: 2348810240 0x46F3E0: std::__detail::_MakeUniq<std::array<Chunk, 7ul> >::__single_object std::make_unique<std::array<Chunk, 7ul>>() (unique_ptr.h:1105)
         n1: 2348810240 0x46E643: Chunk& ContiguousStorage<Chunk, 16777216ul, glm::vec<3, int, (glm::qualifier)0>, MathHelpers::glmVecLexicoGraphic<int, 3ul> >::emplace<World*, glm::vec<3, int, (glm::qualifier)0> const&, GenType&>(glm::vec<3, int, (glm::qualifier)0>, World*&&, glm::vec<3, int, (glm::qualifier)0> const&, GenType&) (Helpers.hpp:320)
          n1: 2348810240 0x46D041: World::addChunk(glm::vec<3, int, (glm::qualifier)0> const&) (World.cpp:27)
           n1: 2348810240 0x46DA55: World::generate(std::vector<glm::vec<3, float, (glm::qualifier)0>, std::allocator<glm::vec<3, float, (glm::qualifier)0> > > const&) (World.cpp:132)
            n1: 2348810240 0x46DB3A: World::selfUpdate(std::vector<glm::vec<3, float, (glm::qualifier)0>, std::allocator<glm::vec<3, float, (glm::qualifier)0> > > const&) (World.cpp:141)
             n1: 2348810240 0x401559: worldThread() (main.cpp:137)
              n1: 2348810240 0x460E7D: void std::__invoke_impl<void, void (*)()>(std::__invoke_other, void (*&&)()) (invoke.h:63)
               n1: 2348810240 0x460DC9: std::__invoke_result<void (*)()>::type std::__invoke<void (*)()>(void (*&&)()) (invoke.h:98)
                n1: 2348810240 0x460C81: void std::thread::_Invoker<std::tuple<void (*)()> >::_M_invoke<0ul>(std::_Index_tuple<0ul>) (std_thread.h:303)
                 n1: 2348810240 0x460BBB: std::thread::_Invoker<std::tuple<void (*)()> >::operator()() (std_thread.h:310)
                  n1: 2348810240 0x460B17: std::thread::_State_impl<std::thread::_Invoker<std::tuple<void (*)()> > >::_M_run() (std_thread.h:255)
                   n1: 2348810240 0xC1AF3B5: execute_native_thread_routine (thread.cc:105)
                    n1: 2348810240 0xC5C7758: start_thread (pthread_create.c:454)
                     n0: 2348810240 0xC64B733: clone (clone.S:100)
    n1: 67108864 0xC5D4A89: _int_new_arena (arena.c:637)
     n1: 67108864 0xC5D4A89: arena_get2 (arena.c:856)
      n1: 67108864 0xC5D4A89: arena_get2 (arena.c:817)
       n1: 67108864 0xC5D6F36: __libc_malloc2 (malloc.c:3259)
        n1: 67108864 0xC17E2FB: operator new(unsigned long) (new_op.cc:50)
         n1: 67108864 0x436996: std::__new_allocator<char>::allocate(unsigned long, void const*) (new_allocator.h:162)
          n1: 67108864 0x43E5F2: allocate (allocator.h:206)
           n1: 67108864 0x43E5F2: allocate (alloc_traits.h:638)
            n1: 67108864 0x43E5F2: std::_Vector_base<char, std::allocator<char> >::_M_allocate(unsigned long) (stl_vector.h:389)
             n1: 67108864 0x43B88C: std::_Vector_base<char, std::allocator<char> >::_M_create_storage(unsigned long) (stl_vector.h:407)
              n1: 67108864 0x437F12: std::_Vector_base<char, std::allocator<char> >::_Vector_base(unsigned long, std::allocator<char> const&) (stl_vector.h:341)
               n1: 67108864 0x4340BE: std::vector<char, std::allocator<char> >::vector(unsigned long, std::allocator<char> const&) (stl_vector.h:577)
                n1: 67108864 0x42FBF6: filewatch::FileWatch<std::__cxx11::basic_string<char, std::char_traits<char>, std::allocator<char> > >::monitor_directory() (FileWatch.hpp:617)
                 n1: 67108864 0x42A351: filewatch::FileWatch<std::__cxx11::basic_string<char, std::char_traits<char>, std::allocator<char> > >::init()::{lambda()#2}::operator()() const (FileWatch.hpp:349)
                  n1: 67108864 0x460E06: void std::__invoke_impl<void, filewatch::FileWatch<std::__cxx11::basic_string<char, std::char_traits<char>, std::allocator<char> > >::init()::{lambda()#2}>(std::__invoke_other, filewatch::FileWatch<std::__cxx11::basic_string<char, std::char_traits<char>, std::allocator<char> > >::init()::{lambda()#2}&&) (invoke.h:63)
                   n1: 67108864 0x460D1D: std::__invoke_result<filewatch::FileWatch<std::__cxx11::basic_string<char, std::char_traits<char>, std::allocator<char> > >::init()::{lambda()#2}>::type std::__invoke<filewatch::FileWatch<std::__cxx11::basic_string<char, std::char_traits<char>, std::allocator<char> > >::init()::{lambda()#2}>(filewatch::FileWatch<std::__cxx11::basic_string<char, std::char_traits<char>, std::allocator<char> > >::init()::{lambda()#2}&&) (invoke.h:98)
                    n1: 67108864 0x460C0F: void std::thread::_Invoker<std::tuple<filewatch::FileWatch<std::__cxx11::basic_string<char, std::char_traits<char>, std::allocator<char> > >::init()::{lambda()#2}> >::_M_invoke<0ul>(std::_Index_tuple<0ul>) (std_thread.h:303)
                     n1: 67108864 0x460B69: std::thread::_Invoker<std::tuple<filewatch::FileWatch<std::__cxx11::basic_string<char, std::char_traits<char>, std::allocator<char> > >::init()::{lambda()#2}> >::operator()() (std_thread.h:310)
                      n1: 67108864 0x460987: std::thread::_State_impl<std::thread::_Invoker<std::tuple<filewatch::FileWatch<std::__cxx11::basic_string<char, std::char_traits<char>, std::allocator<char> > >::init()::{lambda()#2}> > >::_M_run() (std_thread.h:255)
                       n1: 67108864 0xC1AF3B5: execute_native_thread_routine (thread.cc:105)
                        n1: 67108864 0xC5C7758: start_thread (pthread_create.c:454)
                         n0: 67108864 0xC64B733: clone (clone.S:100)
   n1: 321540096 0xC5D5CBD: sysmalloc_mmap_fallback (malloc.c:2289)
    n1: 321540096 0xC5D5CBD: sysmalloc (malloc.c:2501)
     n2: 321540096 0xC5D6C17: _int_malloc (malloc.c:4334)
      n2: 274862080 0xC5D6EED: __libc_malloc2 (malloc.c:3261)
       n1: 266473472 0xD46AD81: ??? (in /usr/lib64/libnvidia-glcore.so.595.71.05)
        n2: 266473472 0xD1D01EA: ??? (in /usr/lib64/libnvidia-glcore.so.595.71.05)
         n1: 249561088 0xD1B3595: ??? (in /usr/lib64/libnvidia-glcore.so.595.71.05)
          n2: 249561088 0xD1B3AC1: ??? (in /usr/lib64/libnvidia-glcore.so.595.71.05)
           n1: 203423744 0x473BE0: ChunkRenderer::updateShaderData(glm::vec<3, float, (glm::qualifier)0> const&) (Chunk.cpp:360)
            n1: 203423744 0x4615E9: WorldRenderer::renderChunks(ShaderProgram&, Camera::Frustum const&, glm::vec<3, float, (glm::qualifier)0> const&)::{lambda(ChunkRenderer&)#1}::operator()(ChunkRenderer&) const (WorldRenderer.cpp:64)
             n1: 203423744 0x463438: void std::__invoke_impl<void, WorldRenderer::renderChunks(ShaderProgram&, Camera::Frustum const&, glm::vec<3, float, (glm::qualifier)0> const&)::{lambda(ChunkRenderer&)#1}&, ChunkRenderer&>(std::__invoke_other, WorldRenderer::renderChunks(ShaderProgram&, Camera::Frustum const&, glm::vec<3, float, (glm::qualifier)0> const&)::{lambda(ChunkRenderer&)#1}&, ChunkRenderer&) (invoke.h:63)
              n1: 203423744 0x462F22: std::enable_if<is_invocable_r_v<void, WorldRenderer::renderChunks(ShaderProgram&, Camera::Frustum const&, glm::vec<3, float, (glm::qualifier)0> const&)::{lambda(ChunkRenderer&)#1}&, ChunkRenderer&>, void>::type std::__invoke_r<void, WorldRenderer::renderChunks(ShaderProgram&, Camera::Frustum const&, glm::vec<3, float, (glm::qualifier)0> const&)::{lambda(ChunkRenderer&)#1}&, ChunkRenderer&>(WorldRenderer::renderChunks(ShaderProgram&, Camera::Frustum const&, glm::vec<3, float, (glm::qualifier)0> const&)::{lambda(ChunkRenderer&)#1}&, ChunkRenderer&) (invoke.h:113)
               n1: 203423744 0x462A7C: std::_Function_handler<void (ChunkRenderer&), WorldRenderer::renderChunks(ShaderProgram&, Camera::Frustum const&, glm::vec<3, float, (glm::qualifier)0> const&)::{lambda(ChunkRenderer&)#1}>::_M_invoke(std::_Any_data const&, ChunkRenderer&) (std_function.h:295)
                n1: 203423744 0x466E80: std::function<void (ChunkRenderer&)>::operator()(ChunkRenderer&) const (std_function.h:581)
                 n1: 203423744 0x4652BB: ContiguousStorage<ChunkRenderer, 784ul, glm::vec<3, int, (glm::qualifier)0>, MathHelpers::glmVecLexicoGraphic<int, 3ul> >::forEach(std::function<void (ChunkRenderer&)>) (Helpers.hpp:383)
                  n1: 203423744 0x461A9A: WorldRenderer::renderChunks(ShaderProgram&, Camera::Frustum const&, glm::vec<3, float, (glm::qualifier)0> const&) (WorldRenderer.cpp:59)
                   n0: 203423744 0x40317E: main (main.cpp:422)
           n0: 46137344 in 2 places, all below massif's threshold (1.00%)
         n0: 16912384 in 1 place, below massif's threshold (1.00%)
       n0: 8388608 in 1 place, below massif's threshold (1.00%)
      n0: 46678016 in 1 place, below massif's threshold (1.00%)
   n1: 75534336 0xC5C8410: allocate_thread_stack (allocatestack.c:169)
    n1: 75534336 0xC5C8410: allocate_stack (allocatestack.c:508)
     n1: 75534336 0xC5C8410: pthread_create@@GLIBC_2.34 (pthread_create.c:680)
      n1: 75534336 0xC1AF488: __gthread_create (gthr-default.h:709)
       n1: 75534336 0xC1AF488: std::thread::_M_start_thread(std::unique_ptr<std::thread::_State, std::default_delete<std::thread::_State> >, void (*)()) (thread.cc:173)
        n0: 75534336 in 3 places, all below massif's threshold (1.00%)
   n0: 42770432 in 7 places, all below massif's threshold (1.00%)
 n1: 254623744 0xB34F85C: __mmap64 (mmap64.c:58)
  n3: 254623744 0xB34F85C: mmap (mmap64.c:46)
   n1: 152305664 0xB332822: _dl_map_segment (dl-map-segments.h:30)
    n1: 152305664 0xB332822: _dl_map_segments (dl-map-segments.h:102)
     n1: 152305664 0xB332822: _dl_map_object_from_fd (dl-load.c:1259)
      n2: 152305664 0xB334008: _dl_map_new_object (dl-load.c:2187)
       n1: 149884928 0xB32DABC: openaux (dl-deps.c:64)
        n1: 149884928 0xB32C728: _dl_catch_exception (dl-catch.c:241)
         n2: 149884928 0xB32DEEE: _dl_map_object_deps (dl-deps.c:232)
          n1: 136835072 0xB337FCF: dl_open_worker_begin (dl-open.c:609)
           n1: 136835072 0xB32C728: _dl_catch_exception (dl-catch.c:241)
            n1: 136835072 0xB337542: dl_open_worker (dl-open.c:762)
             n1: 136835072 0xB32C728: _dl_catch_exception (dl-catch.c:241)
              n1: 136835072 0xB337AA9: _dl_open (dl-open.c:900)
               n1: 136835072 0xC5C3C03: dlopen_doit (dlopen.c:56)
                n1: 136835072 0xB32C728: _dl_catch_exception (dl-catch.c:241)
                 n1: 136835072 0xB32C878: _dl_catch_error (dl-catch.c:260)
                  n1: 136835072 0xC5C36F2: _dlerror_run (dlerror.c:138)
                   n1: 136835072 0xC5C3CBA: dlopen_implementation (dlopen.c:71)
                    n2: 136835072 0xC5C3CBA: dlopen@@GLIBC_2.34 (dlopen.c:81)
                     n1: 135471104 0xBEF6F63: __glXLookupVendorByName.part.0 (libglxmapping.c:428)
                      n1: 135471104 0xBEF7D19: __glXLookupVendorByName (libglxmapping.c:391)
                       n1: 135471104 0xBEF7D19: __glXLookupVendorByScreen.part.0 (libglxmapping.c:572)
                        n1: 135471104 0xBEF8CB1: __glXLookupVendorByScreen (libglxmapping.c:524)
                         n1: 135471104 0xBEF8CB1: __glXGetDynDispatch (libglxmapping.c:610)
                          n1: 135471104 0xBEF8CB1: glXQueryExtensionsString (libglx.c:1473)
                           n1: 135471104 0xC0EB7AC: extensionSupportedGLX (in /home/leo/Cours/S8/HAI819I_moteur_jeux/build/external/glfw/src/libglfw.so.3.4)
                            n1: 135471104 0xC0EBEEA: _glfwInitGLX (in /home/leo/Cours/S8/HAI819I_moteur_jeux/build/external/glfw/src/libglfw.so.3.4)
                             n1: 135471104 0xC0E79BE: _glfwCreateWindowX11 (in /home/leo/Cours/S8/HAI819I_moteur_jeux/build/external/glfw/src/libglfw.so.3.4)
                              n1: 135471104 0xC0D374D: glfwCreateWindow (in /home/leo/Cours/S8/HAI819I_moteur_jeux/build/external/glfw/src/libglfw.so.3.4)
                               n1: 135471104 0x40A1A7: Window::init() (Window.hpp:241)
                                n1: 135471104 0x4012FC: globalInit(Window&) (main.cpp:53)
                                 n0: 135471104 0x401CE1: main (main.cpp:166)
                     n0: 1363968 in 2 places, all below massif's threshold (1.00%)
          n0: 13049856 in 1 place, below massif's threshold (1.00%)
       n0: 2420736 in 2 places, all below massif's threshold (1.00%)
   n1: 100982784 0xB332974: _dl_map_segments (dl-map-segments.h:140)
    n1: 100982784 0xB332974: _dl_map_object_from_fd (dl-load.c:1259)
     n2: 100982784 0xB334008: _dl_map_new_object (dl-load.c:2187)
      n1: 99446784 0xB32DABC: openaux (dl-deps.c:64)
       n1: 99446784 0xB32C728: _dl_catch_exception (dl-catch.c:241)
        n2: 99446784 0xB32DEEE: _dl_map_object_deps (dl-deps.c:232)
         n1: 93831168 0xB337FCF: dl_open_worker_begin (dl-open.c:609)
          n1: 93831168 0xB32C728: _dl_catch_exception (dl-catch.c:241)
           n1: 93831168 0xB337542: dl_open_worker (dl-open.c:762)
            n1: 93831168 0xB32C728: _dl_catch_exception (dl-catch.c:241)
             n1: 93831168 0xB337AA9: _dl_open (dl-open.c:900)
              n1: 93831168 0xC5C3C03: dlopen_doit (dlopen.c:56)
               n1: 93831168 0xB32C728: _dl_catch_exception (dl-catch.c:241)
                n1: 93831168 0xB32C878: _dl_catch_error (dl-catch.c:260)
                 n1: 93831168 0xC5C36F2: _dlerror_run (dlerror.c:138)
                  n1: 93831168 0xC5C3CBA: dlopen_implementation (dlopen.c:71)
                   n2: 93831168 0xC5C3CBA: dlopen@@GLIBC_2.34 (dlopen.c:81)
                    n1: 93372416 0xBEF6F63: __glXLookupVendorByName.part.0 (libglxmapping.c:428)
                     n1: 93372416 0xBEF7D19: __glXLookupVendorByName (libglxmapping.c:391)
                      n1: 93372416 0xBEF7D19: __glXLookupVendorByScreen.part.0 (libglxmapping.c:572)
                       n1: 93372416 0xBEF8CB1: __glXLookupVendorByScreen (libglxmapping.c:524)
                        n1: 93372416 0xBEF8CB1: __glXGetDynDispatch (libglxmapping.c:610)
                         n1: 93372416 0xBEF8CB1: glXQueryExtensionsString (libglx.c:1473)
                          n1: 93372416 0xC0EB7AC: extensionSupportedGLX (in /home/leo/Cours/S8/HAI819I_moteur_jeux/build/external/glfw/src/libglfw.so.3.4)
                           n1: 93372416 0xC0EBEEA: _glfwInitGLX (in /home/leo/Cours/S8/HAI819I_moteur_jeux/build/external/glfw/src/libglfw.so.3.4)
                            n1: 93372416 0xC0E79BE: _glfwCreateWindowX11 (in /home/leo/Cours/S8/HAI819I_moteur_jeux/build/external/glfw/src/libglfw.so.3.4)
                             n1: 93372416 0xC0D374D: glfwCreateWindow (in /home/leo/Cours/S8/HAI819I_moteur_jeux/build/external/glfw/src/libglfw.so.3.4)
                              n1: 93372416 0x40A1A7: Window::init() (Window.hpp:241)
                               n1: 93372416 0x4012FC: globalInit(Window&) (main.cpp:53)
                                n0: 93372416 0x401CE1: main (main.cpp:166)
                    n0: 458752 in 2 places, all below massif's threshold (1.00%)
         n0: 5615616 in 1 place, below massif's threshold (1.00%)
      n0: 1536000 in 2 places, all below massif's threshold (1.00%)
   n0: 1335296 in 3 places, all below massif's threshold (1.00%)
 n0: 183943168 0x0: ???
 n0: 8376320 in 3 places, all below massif's threshold (1.00%)
#-----------
snapshot=78
#-----------
time=242535784559
mem_heap_B=6256545792
mem_heap_extra_B=0
mem_stacks_B=0
heap_tree=empty
#-----------
snapshot=79
#-----------
time=248775190453
mem_heap_B=6257594368
mem_heap_extra_B=0
mem_stacks_B=0
heap_tree=empty
#-----------
snapshot=80
#-----------
time=250904364112
mem_heap_B=6276468736
mem_heap_extra_B=0
mem_stacks_B=0
heap_tree=empty
#-----------
snapshot=81
#-----------
time=2689984996750
mem_heap_B=6291148800
mem_heap_extra_B=0
mem_stacks_B=0
heap_tree=empty
#-----------
snapshot=82
#-----------
time=4655564335220
mem_heap_B=6292197376
mem_heap_extra_B=0
mem_stacks_B=0
heap_tree=empty
#-----------
snapshot=83
#-----------
time=4828665414902
mem_heap_B=6292193280
mem_heap_extra_B=0
mem_stacks_B=0
heap_tree=empty
